Order_ID,Order_Date,Months,Customer_Name,City,Category,Product,Quantity,Sales,Profit
ORD00001,10-12-2024,December,Ananya Iyer,Lucknow,Electronics,Laptop,1,49170,8335
ORD00002,12-09-2022,September,Pooja Sethi,Coimbatore,Furniture,Bookshelf,1,8912,1273
ORD00003,02-10-2024,October,Arjun Mehta,Hyderabad,Home & Kitchen,Air Fryer,2,22976,4215
ORD00004,15-11-2025,November,Varun Chawla,Mumbai,Furniture,Coffee Table,1,4567,785
ORD00005,25-10-2023,October,Sneha Bose,Indore,Furniture,Bookshelf,1,4549,954
ORD00006,04-10-2023,October,Vikram Rao,Kochi,Home & Kitchen,Water Bottle,1,345,30
ORD00007,04-09-2022,September,Meera Shah,Surat,Electronics,Monitor,2,26556,2662
ORD00008,23-09-2023,September,Manish Yadav,Nagpur,Office Supplies,Stapler,1,434,67
ORD00009,07-07-2022,July,Pooja Sethi,Ahmedabad,Electronics,Keyboard,1,4005,880
ORD00010,18-05-2023,May,Meera Shah,Pune,Home & Kitchen,Table Lamp,1,1833,320
ORD00011,12-04-2022,April,Pooja Sethi,Hyderabad,Office Supplies,Pen Pack,2,193,53
ORD00012,01-08-2022,August,Neha Reddy,Mumbai,Furniture,Dining Table,1,29036,7326
ORD00013,25-06-2022,June,Manish Yadav,Jaipur,Furniture,Sofa,1,22321,2258
ORD00014,14-05-2023,May,Pooja Sethi,Kochi,Home & Kitchen,Storage Container Set,2,1279,92
ORD00015,24-10-2023,October,Rahul Joshi,Coimbatore,Furniture,Bookshelf,3,13991,3472
ORD00016,18-02-2022,February,Riya Kapoor,Hyderabad,Electronics,Mouse,1,1693,450
ORD00017,16-04-2023,April,Aditi Patel,Coimbatore,Clothing,Backpack,1,947,209
ORD00018,14-10-2022,October,Devika Pillai,Delhi,Clothing,Formal Shirt,1,1820,497
ORD00019,19-10-2024,October,Nikhil Bansal,Surat,Clothing,Formal Shirt,2,3320,360
ORD00020,20-01-2022,January,Sneha Bose,Delhi,Furniture,Coffee Table,3,16871,4441
ORD00021,04-09-2024,September,Sana Khan,Surat,Furniture,Bookshelf,3,33168,7204
ORD00022,29-01-2024,January,Kabir Jain,Chennai,Clothing,Formal Shirt,1,2534,631
ORD00023,13-06-2024,June,Diya Singh,Kolkata,Electronics,Speaker,4,16900,4001
ORD00024,13-09-2022,September,Aditi Patel,Kolkata,Office Supplies,Pen Pack,4,672,187
ORD00025,27-03-2023,March,Meera Shah,Hyderabad,Office Supplies,Printer Paper,1,319,28
ORD00026,10-02-2025,February,Riya Kapoor,Chennai,Electronics,Headphones,5,29410,2487
ORD00027,25-02-2024,February,Aditi Patel,Pune,Clothing,Formal Shirt,1,815,212
ORD00028,01-07-2025,July,Arjun Mehta,Bengaluru,Home & Kitchen,Water Bottle,1,825,98
ORD00029,25-08-2024,August,Rahul Joshi,Kochi,Furniture,Desk,1,12335,2313
ORD00030,06-12-2022,December,Riya Kapoor,Surat,Electronics,Monitor,1,20848,5546
ORD00031,22-04-2022,April,Ishaan Gupta,Mumbai,Electronics,Headphones,5,10830,3027
ORD00032,20-07-2023,July,Ira Mukherjee,Chennai,Electronics,Laptop,2,119965,15524
ORD00033,03-12-2023,December,Riya Kapoor,Coimbatore,Home & Kitchen,Water Bottle,3,794,50
ORD00034,30-07-2022,July,Diya Singh,Nagpur,Electronics,Laptop,6,541902,138250
ORD00035,04-05-2024,May,Kabir Jain,Coimbatore,Office Supplies,Printer Paper,3,1256,288
ORD00036,24-01-2023,January,Amit Verma,Kochi,Electronics,Smartphone,5,73485,5017
ORD00037,15-07-2022,July,Sneha Bose,Nagpur,Electronics,Keyboard,2,8786,2164
ORD00038,23-07-2024,July,Ira Mukherjee,Indore,Electronics,Keyboard,4,9994,1386
ORD00039,07-07-2025,July,Meera Shah,Chennai,Furniture,Desk,1,14867,1934
ORD00040,21-10-2024,October,Aditya Desai,Chennai,Furniture,Coffee Table,5,51723,9676
ORD00041,26-09-2023,September,Pooja Sethi,Kochi,Furniture,Office Chair,1,7205,551
ORD00042,16-03-2024,March,Riya Kapoor,Indore,Electronics,Laptop,1,67147,15841
ORD00043,29-07-2025,July,Zoya Das,Lucknow,Furniture,Coffee Table,3,19291,2533
ORD00044,23-04-2023,April,Meera Shah,Hyderabad,Clothing,Formal Shirt,1,1432,131
ORD00045,23-10-2023,October,Amit Verma,Pune,Electronics,Laptop,1,58256,7075
ORD00046,15-12-2023,December,Arjun Mehta,Coimbatore,Clothing,Sneakers,1,2130,265
ORD00047,09-01-2022,January,Vikram Rao,Bengaluru,Furniture,Desk,1,10967,1208
ORD00048,25-07-2024,July,Riya Kapoor,Surat,Office Supplies,Desk Organizer,1,874,202
ORD00049,30-06-2023,June,Karan Malhotra,Nagpur,Electronics,Tablet,1,34706,9175
ORD00050,22-02-2025,February,Varun Chawla,Pune,Furniture,Office Chair,1,9493,1428
ORD00051,03-08-2023,August,Varun Chawla,Chennai,Electronics,Smartphone,1,35192,6763
ORD00052,17-05-2022,May,Sneha Bose,Coimbatore,Electronics,Smartphone,1,47192,5926
ORD00053,06-11-2022,November,Kavya Nair,Kochi,Clothing,Formal Shirt,3,4530,438
ORD00054,27-01-2025,January,Neha Reddy,Bengaluru,Office Supplies,Pen Pack,1,168,33
ORD00055,05-05-2025,May,Pooja Sethi,Ahmedabad,Furniture,Sofa,1,42639,7865
ORD00056,08-02-2022,February,Aditya Desai,Kolkata,Clothing,Jacket,4,13897,3489
ORD00057,05-02-2023,February,Aditi Patel,Indore,Office Supplies,File Folder Set,1,175,45
ORD00058,09-07-2025,July,Zoya Das,Indore,Electronics,Speaker,2,14787,3904
ORD00059,29-04-2025,April,Rahul Joshi,Hyderabad,Clothing,T-Shirt,2,1589,286
ORD00060,08-02-2023,February,Kavya Nair,Kolkata,Office Supplies,Desk Organizer,3,3141,556
ORD00061,12-05-2023,May,Nikhil Bansal,Ahmedabad,Electronics,Tablet,3,81628,20479
ORD00062,22-10-2025,October,Riya Kapoor,Bengaluru,Furniture,Desk,2,30041,3933
ORD00063,13-09-2022,September,Sneha Bose,Delhi,Office Supplies,File Folder Set,2,341,93
ORD00064,12-09-2023,September,Ananya Iyer,Indore,Clothing,Sneakers,2,9798,1370
ORD00065,23-03-2022,March,Rahul Joshi,Bengaluru,Furniture,Bookshelf,3,34260,4583
ORD00066,30-01-2024,January,Meera Shah,Kochi,Office Supplies,File Folder Set,5,1284,200
ORD00067,22-08-2025,August,Zoya Das,Delhi,Home & Kitchen,Table Lamp,1,2522,678
ORD00068,10-04-2023,April,Varun Chawla,Coimbatore,Electronics,Headphones,4,11718,1299
ORD00069,17-01-2024,January,Rahul Joshi,Kolkata,Office Supplies,Pen Pack,1,208,20
ORD00070,29-11-2024,November,Shreya Ghosh,Hyderabad,Furniture,Office Chair,1,5015,825
ORD00071,20-02-2023,February,Kavya Nair,Indore,Home & Kitchen,Mixer Grinder,1,4976,500
ORD00072,20-05-2025,May,Pooja Sethi,Bengaluru,Furniture,Sofa,3,62738,9058
ORD00073,25-01-2025,January,Arjun Mehta,Jaipur,Electronics,Headphones,1,6240,1468
ORD00074,18-09-2023,September,Aditi Patel,Hyderabad,Clothing,Sneakers,4,13170,3061
ORD00075,19-04-2022,April,Zoya Das,Kochi,Home & Kitchen,Water Bottle,1,677,45
ORD00076,15-11-2023,November,Amit Verma,Indore,Furniture,Office Chair,3,11021,2056
ORD00077,14-07-2023,July,Kavya Nair,Hyderabad,Office Supplies,Pen Pack,1,207,21
ORD00078,22-03-2022,March,Rahul Joshi,Bengaluru,Clothing,Jeans,4,11268,1063
ORD00079,27-12-2024,December,Vikram Rao,Hyderabad,Clothing,Sneakers,1,2973,569
ORD00080,22-11-2023,November,Ira Mukherjee,Indore,Electronics,Monitor,1,7922,1011
ORD00081,05-12-2024,December,Shreya Ghosh,Coimbatore,Furniture,Bookshelf,2,15703,2573
ORD00082,16-05-2024,May,Rahul Joshi,Jaipur,Office Supplies,Pen Pack,1,238,40
ORD00083,18-12-2023,December,Sneha Bose,Pune,Electronics,Tablet,4,74352,16984
ORD00084,16-09-2022,September,Manish Yadav,Mumbai,Clothing,Jeans,2,4331,910
ORD00085,05-10-2025,October,Meera Shah,Kolkata,Electronics,Headphones,1,6074,1591
ORD00086,03-04-2024,April,Kavya Nair,Ahmedabad,Electronics,Monitor,2,16101,3626
ORD00087,01-04-2025,April,Kabir Jain,Lucknow,Office Supplies,Notebook Set,2,775,65
ORD00088,20-03-2025,March,Sneha Bose,Nagpur,Electronics,Headphones,3,16817,4637
ORD00089,22-03-2024,March,Zoya Das,Indore,Clothing,T-Shirt,2,1541,343
ORD00090,11-12-2023,December,Nikhil Bansal,Chennai,Electronics,Keyboard,1,3102,856
ORD00091,15-03-2022,March,Rohan Kulkarni,Bengaluru,Electronics,Mouse,1,969,170
ORD00092,10-05-2023,May,Riya Kapoor,Bengaluru,Electronics,Speaker,1,3657,480
ORD00093,09-10-2025,October,Diya Singh,Mumbai,Clothing,T-Shirt,2,1938,452
ORD00094,19-01-2023,January,Arjun Mehta,Mumbai,Office Supplies,Pen Pack,1,139,31
ORD00095,10-08-2022,August,Sneha Bose,Indore,Home & Kitchen,Water Bottle,2,389,61
ORD00096,25-01-2023,January,Varun Chawla,Mumbai,Electronics,Smartphone,1,27313,3905
ORD00097,09-06-2022,June,Ira Mukherjee,Surat,Electronics,Tablet,3,102063,25582
ORD00098,06-02-2023,February,Simran Kaur,Ahmedabad,Electronics,Speaker,1,3527,400
ORD00099,26-11-2022,November,Vikram Rao,Bengaluru,Home & Kitchen,Mixer Grinder,1,9044,2451
ORD00100,22-08-2025,August,Ishaan Gupta,Nagpur,Electronics,Tablet,2,31544,3533
ORD00101,18-07-2024,July,Aarav Sharma,Bengaluru,Electronics,Smartphone,2,121970,28333
ORD00102,27-08-2023,August,Aditi Patel,Ahmedabad,Clothing,Formal Shirt,4,2979,368
ORD00103,12-12-2024,December,Manish Yadav,Chennai,Electronics,Laptop,1,83705,17289
ORD00104,20-02-2025,February,Diya Singh,Hyderabad,Electronics,Speaker,1,4337,1014
ORD00105,12-09-2022,September,Simran Kaur,Kochi,Home & Kitchen,Mixer Grinder,1,5727,977
ORD00106,18-10-2022,October,Kavya Nair,Indore,Home & Kitchen,Table Lamp,4,5609,1161
ORD00107,21-04-2022,April,Ishaan Gupta,Hyderabad,Home & Kitchen,Table Lamp,1,1638,225
ORD00108,26-01-2024,January,Rohan Kulkarni,Indore,Clothing,Sneakers,3,8747,1953
ORD00109,14-09-2024,September,Manish Yadav,Coimbatore,Electronics,Speaker,1,4042,638
ORD00110,29-10-2022,October,Manish Yadav,Lucknow,Furniture,Desk,3,44347,9117
ORD00111,19-08-2025,August,Rohan Kulkarni,Nagpur,Electronics,Speaker,2,12282,1725
ORD00112,20-11-2023,November,Riya Kapoor,Indore,Office Supplies,Desk Organizer,1,828,147
ORD00113,09-06-2025,June,Vikram Rao,Hyderabad,Clothing,Backpack,4,5912,357
ORD00114,15-02-2025,February,Zoya Das,Kolkata,Clothing,T-Shirt,2,1407,205
ORD00115,02-08-2025,August,Simran Kaur,Delhi,Clothing,Jacket,3,17450,1812
ORD00116,28-08-2022,August,Varun Chawla,Nagpur,Clothing,T-Shirt,1,731,106
ORD00117,20-02-2024,February,Neha Reddy,Kolkata,Electronics,Tablet,1,34865,5427
ORD00118,11-09-2024,September,Nikhil Bansal,Coimbatore,Electronics,Tablet,4,81520,20903
ORD00119,24-12-2024,December,Manish Yadav,Bengaluru,Furniture,Dining Table,1,34175,3331
ORD00120,11-05-2024,May,Amit Verma,Hyderabad,Office Supplies,Notebook Set,2,423,76
ORD00121,19-12-2022,December,Amit Verma,Hyderabad,Furniture,Coffee Table,4,42887,11119
ORD00122,07-06-2025,June,Aarav Sharma,Ahmedabad,Office Supplies,Desk Organizer,4,967,182
ORD00123,17-06-2023,June,Ira Mukherjee,Delhi,Electronics,Tablet,4,110210,12405
ORD00124,03-04-2025,April,Simran Kaur,Chennai,Furniture,Dining Table,2,70142,12950
ORD00125,27-09-2023,September,Kabir Jain,Surat,Clothing,T-Shirt,2,1301,207
ORD00126,24-07-2024,July,Kavya Nair,Kolkata,Electronics,Keyboard,3,2547,626
ORD00127,21-01-2025,January,Riya Kapoor,Ahmedabad,Furniture,Coffee Table,2,17597,3471
ORD00128,11-12-2025,December,Meera Shah,Pune,Furniture,Dining Table,2,27029,5839
ORD00129,18-05-2024,May,Shreya Ghosh,Ahmedabad,Electronics,Monitor,2,50027,12866
ORD00130,23-08-2023,August,Sneha Bose,Jaipur,Home & Kitchen,Cookware Set,1,4160,320
ORD00131,04-01-2023,January,Zoya Das,Nagpur,Electronics,Speaker,4,30475,7457
ORD00132,04-03-2025,March,Aarav Sharma,Surat,Office Supplies,Desk Organizer,3,1296,155
ORD00133,26-05-2025,May,Devika Pillai,Kolkata,Home & Kitchen,Water Bottle,3,1537,253
ORD00134,20-05-2025,May,Aditi Patel,Pune,Clothing,T-Shirt,1,965,111
ORD00135,21-05-2025,May,Aditi Patel,Coimbatore,Office Supplies,Pen Pack,1,312,84
ORD00136,11-07-2023,July,Pooja Sethi,Mumbai,Office Supplies,Pen Pack,1,109,7
ORD00137,01-07-2022,July,Kabir Jain,Lucknow,Home & Kitchen,Table Lamp,3,6976,1701
ORD00138,03-07-2023,July,Manish Yadav,Coimbatore,Furniture,Bookshelf,1,4888,836
ORD00139,16-03-2022,March,Rohan Kulkarni,Pune,Home & Kitchen,Water Bottle,1,748,63
ORD00140,21-12-2022,December,Zoya Das,Mumbai,Furniture,Coffee Table,5,12023,1922
ORD00141,07-11-2024,November,Varun Chawla,Nagpur,Home & Kitchen,Storage Container Set,4,6191,1306
ORD00142,27-12-2024,December,Ananya Iyer,Kolkata,Clothing,Jacket,1,2423,260
ORD00143,10-07-2023,July,Ishaan Gupta,Bengaluru,Electronics,Laptop,2,154350,9806
ORD00144,01-10-2023,October,Rohan Kulkarni,Nagpur,Furniture,Dining Table,2,38457,7169
ORD00145,15-01-2024,January,Sana Khan,Mumbai,Clothing,Jacket,1,5234,1398
ORD00146,13-02-2023,February,Diya Singh,Coimbatore,Office Supplies,Printer Paper,3,1039,217
ORD00147,14-10-2025,October,Priya Menon,Bengaluru,Electronics,Monitor,1,19841,3757
ORD00148,10-02-2025,February,Tanvi Kulkarni,Mumbai,Electronics,Keyboard,1,611,123
ORD00149,26-05-2025,May,Aditya Desai,Hyderabad,Clothing,Jacket,2,8216,814
ORD00150,06-06-2022,June,Varun Chawla,Bengaluru,Furniture,Dining Table,2,53058,12101
ORD00151,31-12-2025,December,Neha Reddy,Indore,Office Supplies,Notebook Set,3,669,54
ORD00152,04-11-2024,November,Arjun Mehta,Jaipur,Furniture,Sofa,2,42295,7985
ORD00153,03-06-2022,June,Sana Khan,Lucknow,Office Supplies,Stapler,2,785,113
ORD00154,24-11-2023,November,Kabir Jain,Coimbatore,Office Supplies,Printer Paper,2,1390,353
ORD00155,09-05-2025,May,Karan Malhotra,Hyderabad,Furniture,Dining Table,1,34443,4952
ORD00156,01-11-2022,November,Devika Pillai,Lucknow,Home & Kitchen,Table Lamp,1,1869,222
ORD00157,03-11-2024,November,Ishaan Gupta,Delhi,Clothing,T-Shirt,1,984,199
ORD00158,30-03-2025,March,Meera Shah,Coimbatore,Clothing,Backpack,1,2607,338
ORD00159,22-12-2025,December,Sana Khan,Delhi,Furniture,Coffee Table,1,10859,2299
ORD00160,21-09-2025,September,Vikram Rao,Kolkata,Clothing,Backpack,3,5407,656
ORD00161,13-04-2023,April,Simran Kaur,Bengaluru,Clothing,Jeans,2,2476,652
ORD00162,29-08-2022,August,Aditi Patel,Bengaluru,Home & Kitchen,Mixer Grinder,5,36615,5550
ORD00163,26-05-2023,May,Ishaan Gupta,Surat,Office Supplies,Printer Paper,3,1029,257
ORD00164,30-05-2023,May,Aditi Patel,Jaipur,Home & Kitchen,Cookware Set,1,3797,287
ORD00165,18-06-2025,June,Rahul Joshi,Kolkata,Electronics,Mouse,2,696,92
ORD00166,03-04-2024,April,Zoya Das,Lucknow,Electronics,Mouse,1,1999,177
ORD00167,17-06-2023,June,Sneha Bose,Pune,Home & Kitchen,Mixer Grinder,6,20982,2949
ORD00168,11-05-2022,May,Kavya Nair,Pune,Home & Kitchen,Cookware Set,1,6999,1123
ORD00169,27-12-2023,December,Arjun Mehta,Pune,Furniture,Bookshelf,3,27847,3593
ORD00170,29-03-2024,March,Rahul Joshi,Jaipur,Furniture,Bookshelf,1,10307,2706
ORD00171,01-03-2025,March,Meera Shah,Ahmedabad,Office Supplies,File Folder Set,4,1747,272
ORD00172,20-02-2022,February,Shreya Ghosh,Lucknow,Office Supplies,Printer Paper,1,742,185
ORD00173,29-11-2024,November,Shreya Ghosh,Jaipur,Clothing,Formal Shirt,6,9476,945
ORD00174,01-05-2022,May,Sneha Bose,Bengaluru,Furniture,Desk,2,36933,8771
ORD00175,25-08-2022,August,Kabir Jain,Hyderabad,Electronics,Laptop,2,89214,13629
ORD00176,06-12-2022,December,Karan Malhotra,Pune,Furniture,Bookshelf,1,3658,896
ORD00177,17-04-2025,April,Kabir Jain,Bengaluru,Furniture,Desk,2,27477,4191
ORD00178,12-07-2023,July,Rohan Kulkarni,Chennai,Home & Kitchen,Cookware Set,2,5804,1619
ORD00179,04-02-2025,February,Devika Pillai,Jaipur,Furniture,Coffee Table,2,9217,1226
ORD00180,13-10-2024,October,Aarav Sharma,Ahmedabad,Home & Kitchen,Cookware Set,2,14796,3428
ORD00181,20-06-2025,June,Pooja Sethi,Indore,Furniture,Coffee Table,2,6469,1808
ORD00182,09-01-2022,January,Diya Singh,Kolkata,Clothing,T-Shirt,2,928,223
ORD00183,13-05-2024,May,Sneha Bose,Kochi,Clothing,Backpack,2,1368,253
ORD00184,23-08-2022,August,Varun Chawla,Lucknow,Home & Kitchen,Cookware Set,1,3741,795
ORD00185,28-12-2025,December,Rohan Kulkarni,Chennai,Electronics,Monitor,2,49089,4247
ORD00186,18-04-2023,April,Tanvi Kulkarni,Surat,Furniture,Desk,1,10417,867
ORD00187,06-06-2025,June,Aarav Sharma,Mumbai,Home & Kitchen,Table Lamp,3,2923,303
ORD00188,05-01-2023,January,Amit Verma,Lucknow,Furniture,Office Chair,4,18898,4218
ORD00189,16-08-2022,August,Tanvi Kulkarni,Lucknow,Home & Kitchen,Storage Container Set,1,917,122
ORD00190,29-10-2024,October,Simran Kaur,Lucknow,Office Supplies,Notebook Set,2,822,50
ORD00191,05-07-2025,July,Aditya Desai,Lucknow,Electronics,Mouse,1,1589,189
ORD00192,22-08-2025,August,Tanvi Kulkarni,Coimbatore,Furniture,Dining Table,2,71784,6273
ORD00193,25-07-2022,July,Rahul Joshi,Mumbai,Electronics,Tablet,3,75755,18873
ORD00194,09-08-2023,August,Sneha Bose,Pune,Electronics,Tablet,1,33965,3330
ORD00195,12-10-2025,October,Varun Chawla,Indore,Office Supplies,Pen Pack,1,79,14
ORD00196,08-08-2025,August,Manish Yadav,Ahmedabad,Electronics,Speaker,3,10374,2888
ORD00197,25-05-2024,May,Ira Mukherjee,Mumbai,Furniture,Dining Table,2,21448,3258
ORD00198,24-09-2025,September,Ishaan Gupta,Hyderabad,Electronics,Headphones,6,46343,6342
ORD00199,17-10-2024,October,Ishaan Gupta,Jaipur,Furniture,Dining Table,1,22587,5150
ORD00200,13-07-2025,July,Neha Reddy,Kolkata,Office Supplies,Stapler,2,384,99
ORD00201,18-03-2024,March,Sana Khan,Indore,Electronics,Monitor,2,22564,5530
ORD00202,27-03-2023,March,Ishaan Gupta,Surat,Home & Kitchen,Table Lamp,1,3038,386
ORD00203,23-06-2024,June,Pooja Sethi,Mumbai,Clothing,Jacket,3,14838,3588
ORD00204,12-08-2024,August,Riya Kapoor,Jaipur,Furniture,Desk,1,21860,2552
ORD00205,24-06-2024,June,Karan Malhotra,Indore,Home & Kitchen,Cookware Set,1,5131,505
ORD00206,20-08-2024,August,Manish Yadav,Kochi,Furniture,Sofa,1,22886,6064
ORD00207,20-03-2024,March,Tanvi Kulkarni,Lucknow,Electronics,Laptop,2,166752,13993
ORD00208,08-08-2022,August,Amit Verma,Delhi,Office Supplies,Pen Pack,1,247,69
ORD00209,10-07-2025,July,Aditi Patel,Coimbatore,Furniture,Sofa,2,91850,13265
ORD00210,23-02-2025,February,Karan Malhotra,Kochi,Office Supplies,Printer Paper,2,502,78
ORD00211,11-06-2024,June,Meera Shah,Delhi,Electronics,Tablet,3,40049,9106
ORD00212,20-02-2022,February,Ishaan Gupta,Hyderabad,Electronics,Laptop,2,158609,25787
ORD00213,02-12-2023,December,Tanvi Kulkarni,Surat,Office Supplies,Notebook Set,2,1039,95
ORD00214,15-03-2023,March,Kabir Jain,Bengaluru,Electronics,Keyboard,2,5330,811
ORD00215,26-11-2024,November,Aditi Patel,Lucknow,Office Supplies,Printer Paper,1,521,84
ORD00216,24-12-2025,December,Sana Khan,Jaipur,Home & Kitchen,Cookware Set,6,21639,2596
ORD00217,29-01-2024,January,Rahul Joshi,Lucknow,Home & Kitchen,Air Fryer,2,9281,1939
ORD00218,17-01-2023,January,Vikram Rao,Delhi,Furniture,Office Chair,3,22052,4874
ORD00219,11-10-2023,October,Zoya Das,Chennai,Clothing,Sneakers,2,2069,217
ORD00220,25-02-2023,February,Ira Mukherjee,Kochi,Home & Kitchen,Table Lamp,2,5664,1231
ORD00221,02-03-2022,March,Varun Chawla,Hyderabad,Electronics,Laptop,1,80072,5743
ORD00222,29-08-2024,August,Neha Reddy,Pune,Home & Kitchen,Table Lamp,1,2343,173
ORD00223,30-04-2025,April,Aarav Sharma,Jaipur,Electronics,Speaker,1,3045,260
ORD00224,15-06-2024,June,Riya Kapoor,Pune,Office Supplies,Notebook Set,2,953,138
ORD00225,01-02-2022,February,Sana Khan,Mumbai,Electronics,Laptop,2,95291,23941
ORD00226,16-08-2025,August,Vikram Rao,Kochi,Furniture,Coffee Table,1,8508,816
ORD00227,03-03-2023,March,Rahul Joshi,Kochi,Office Supplies,Stapler,5,582,131
ORD00228,03-04-2025,April,Priya Menon,Delhi,Home & Kitchen,Mixer Grinder,1,3891,933
ORD00229,02-09-2022,September,Shreya Ghosh,Nagpur,Clothing,Backpack,2,5212,420
ORD00230,01-05-2022,May,Sana Khan,Bengaluru,Home & Kitchen,Air Fryer,1,10526,1134
ORD00231,01-01-2025,January,Amit Verma,Pune,Clothing,Sneakers,2,5262,1220
ORD00232,16-08-2022,August,Amit Verma,Jaipur,Office Supplies,File Folder Set,2,840,105
ORD00233,21-02-2022,February,Vikram Rao,Bengaluru,Home & Kitchen,Table Lamp,5,15928,2003
ORD00234,23-10-2022,October,Arjun Mehta,Delhi,Electronics,Speaker,2,4395,1111
ORD00235,30-10-2024,October,Sneha Bose,Chennai,Electronics,Smartphone,5,294951,23818
ORD00236,05-08-2023,August,Pooja Sethi,Nagpur,Office Supplies,Pen Pack,1,65,8
ORD00237,20-07-2023,July,Riya Kapoor,Pune,Furniture,Dining Table,1,19298,4825
ORD00238,19-11-2024,November,Shreya Ghosh,Pune,Electronics,Headphones,3,23135,5342
ORD00239,27-09-2023,September,Kabir Jain,Jaipur,Office Supplies,Printer Paper,1,729,179
ORD00240,03-10-2025,October,Arjun Mehta,Mumbai,Furniture,Dining Table,2,38728,9364
ORD00241,23-02-2022,February,Devika Pillai,Surat,Electronics,Smartphone,2,48225,5147
ORD00242,09-01-2024,January,Sana Khan,Indore,Office Supplies,Pen Pack,6,1694,383
ORD00243,20-08-2024,August,Ira Mukherjee,Indore,Furniture,Dining Table,4,137862,14112
ORD00244,07-11-2022,November,Aarav Sharma,Chennai,Furniture,Office Chair,1,6185,689
ORD00245,12-01-2022,January,Sana Khan,Ahmedabad,Clothing,Backpack,3,2238,242
ORD00246,28-12-2022,December,Tanvi Kulkarni,Nagpur,Home & Kitchen,Table Lamp,1,1144,268
ORD00247,19-12-2022,December,Kabir Jain,Jaipur,Home & Kitchen,Cookware Set,1,3571,661
ORD00248,23-05-2024,May,Meera Shah,Mumbai,Electronics,Laptop,1,54040,13551
ORD00249,21-05-2022,May,Ishaan Gupta,Lucknow,Clothing,T-Shirt,1,1035,262
ORD00250,06-04-2025,April,Aditi Patel,Jaipur,Home & Kitchen,Storage Container Set,3,4632,547
ORD00251,19-09-2025,September,Devika Pillai,Ahmedabad,Electronics,Tablet,3,54597,10843
ORD00252,12-07-2024,July,Kavya Nair,Indore,Furniture,Dining Table,2,34510,5601
ORD00253,16-03-2025,March,Varun Chawla,Surat,Electronics,Headphones,2,16063,2390
ORD00254,10-09-2024,September,Shreya Ghosh,Nagpur,Clothing,Jeans,2,5165,824
ORD00255,05-03-2022,March,Simran Kaur,Indore,Furniture,Desk,1,20948,2670
ORD00256,25-02-2023,February,Arjun Mehta,Ahmedabad,Home & Kitchen,Air Fryer,1,12626,1438
ORD00257,27-09-2024,September,Rahul Joshi,Nagpur,Electronics,Keyboard,1,3030,775
ORD00258,20-06-2022,June,Kabir Jain,Jaipur,Furniture,Dining Table,1,10945,911
ORD00259,13-01-2023,January,Manish Yadav,Indore,Clothing,Backpack,3,5487,482
ORD00260,05-08-2022,August,Varun Chawla,Kolkata,Clothing,T-Shirt,2,1511,382
ORD00261,31-01-2024,January,Simran Kaur,Bengaluru,Electronics,Headphones,1,2034,378
ORD00262,16-04-2025,April,Meera Shah,Lucknow,Furniture,Desk,1,7417,1897
ORD00263,27-12-2022,December,Aditi Patel,Chennai,Clothing,Formal Shirt,1,961,266
ORD00264,03-07-2025,July,Ira Mukherjee,Surat,Furniture,Bookshelf,5,55618,10635
ORD00265,03-06-2022,June,Neha Reddy,Pune,Clothing,Backpack,2,5089,310
ORD00266,24-01-2022,January,Rohan Kulkarni,Kolkata,Electronics,Mouse,2,3301,764
ORD00267,27-04-2023,April,Diya Singh,Pune,Furniture,Sofa,2,105240,28245
ORD00268,24-02-2022,February,Ananya Iyer,Coimbatore,Clothing,Sneakers,3,5711,1491
ORD00269,10-10-2024,October,Neha Reddy,Coimbatore,Furniture,Coffee Table,2,8311,2295
ORD00270,12-10-2022,October,Tanvi Kulkarni,Coimbatore,Home & Kitchen,Air Fryer,6,74649,15847
ORD00271,09-04-2025,April,Vikram Rao,Indore,Electronics,Speaker,2,12201,1193
ORD00272,14-03-2023,March,Tanvi Kulkarni,Pune,Home & Kitchen,Mixer Grinder,2,4827,428
ORD00273,08-05-2024,May,Aditi Patel,Kolkata,Office Supplies,Pen Pack,1,186,21
ORD00274,02-10-2024,October,Meera Shah,Hyderabad,Home & Kitchen,Table Lamp,2,4806,313
ORD00275,09-10-2022,October,Devika Pillai,Ahmedabad,Electronics,Keyboard,1,3019,371
ORD00276,09-06-2022,June,Arjun Mehta,Indore,Electronics,Headphones,1,8402,933
ORD00277,07-01-2023,January,Shreya Ghosh,Surat,Home & Kitchen,Air Fryer,1,10191,1685
ORD00278,15-10-2024,October,Rahul Joshi,Bengaluru,Electronics,Smartphone,1,21645,2548
ORD00279,03-06-2024,June,Aarav Sharma,Coimbatore,Office Supplies,Printer Paper,1,591,75
ORD00280,17-08-2023,August,Neha Reddy,Coimbatore,Furniture,Coffee Table,5,16066,2857
ORD00281,14-07-2023,July,Kabir Jain,Ahmedabad,Electronics,Headphones,2,12659,2699
ORD00282,10-10-2022,October,Vikram Rao,Jaipur,Office Supplies,Stapler,1,248,57
ORD00283,06-08-2022,August,Arjun Mehta,Pune,Clothing,Formal Shirt,1,2098,529
ORD00284,22-07-2023,July,Varun Chawla,Kolkata,Home & Kitchen,Water Bottle,4,3425,770
ORD00285,15-10-2025,October,Aditya Desai,Jaipur,Office Supplies,Notebook Set,3,1450,255
ORD00286,27-01-2022,January,Rohan Kulkarni,Mumbai,Office Supplies,Notebook Set,3,973,167
ORD00287,25-04-2024,April,Simran Kaur,Kochi,Electronics,Smartphone,6,108151,27156
ORD00288,13-08-2023,August,Shreya Ghosh,Indore,Electronics,Tablet,1,15620,2030
ORD00289,01-07-2024,July,Zoya Das,Indore,Electronics,Headphones,1,6970,1140
ORD00290,30-05-2025,May,Kavya Nair,Ahmedabad,Furniture,Office Chair,1,9088,576
ORD00291,16-01-2023,January,Pooja Sethi,Kolkata,Office Supplies,File Folder Set,1,340,88
ORD00292,17-10-2025,October,Ananya Iyer,Delhi,Furniture,Sofa,3,79640,14344
ORD00293,10-09-2024,September,Sneha Bose,Indore,Clothing,Sneakers,2,8423,699
ORD00294,05-01-2025,January,Vikram Rao,Surat,Office Supplies,Printer Paper,1,667,176
ORD00295,24-02-2024,February,Ishaan Gupta,Surat,Home & Kitchen,Air Fryer,1,8763,1631
ORD00296,12-09-2022,September,Devika Pillai,Pune,Home & Kitchen,Storage Container Set,1,1610,320
ORD00297,05-07-2025,July,Aarav Sharma,Bengaluru,Office Supplies,Pen Pack,3,489,63
ORD00298,21-11-2024,November,Rahul Joshi,Ahmedabad,Electronics,Laptop,6,461473,40499
ORD00299,16-05-2022,May,Aditi Patel,Mumbai,Home & Kitchen,Cookware Set,6,13854,2340
ORD00300,16-03-2025,March,Karan Malhotra,Pune,Furniture,Dining Table,3,47304,5309
ORD00301,24-12-2022,December,Aarav Sharma,Lucknow,Clothing,Sneakers,1,2387,201
ORD00302,02-05-2025,May,Varun Chawla,Pune,Electronics,Keyboard,2,7996,1646
ORD00303,12-06-2023,June,Zoya Das,Mumbai,Electronics,Monitor,1,17148,1499
ORD00304,11-08-2025,August,Aditi Patel,Kochi,Office Supplies,Desk Organizer,1,724,140
ORD00305,23-08-2022,August,Ishaan Gupta,Indore,Home & Kitchen,Air Fryer,1,4207,358
ORD00306,25-10-2023,October,Neha Reddy,Mumbai,Clothing,Jeans,1,2636,298
ORD00307,26-09-2022,September,Rahul Joshi,Ahmedabad,Electronics,Headphones,3,4888,491
ORD00308,11-02-2025,February,Meera Shah,Delhi,Home & Kitchen,Cookware Set,2,13442,1593
ORD00309,13-02-2025,February,Meera Shah,Chennai,Clothing,Sneakers,2,4781,810
ORD00310,06-04-2022,April,Ishaan Gupta,Indore,Furniture,Sofa,1,24625,4393
ORD00311,16-04-2025,April,Neha Reddy,Pune,Electronics,Headphones,1,2084,462
ORD00312,14-09-2022,September,Sana Khan,Indore,Clothing,T-Shirt,1,684,68
ORD00313,09-05-2024,May,Simran Kaur,Surat,Clothing,Formal Shirt,2,3126,522
ORD00314,07-05-2024,May,Kavya Nair,Coimbatore,Office Supplies,File Folder Set,3,1080,261
ORD00315,03-03-2024,March,Diya Singh,Pune,Furniture,Dining Table,1,22944,5850
ORD00316,30-10-2024,October,Riya Kapoor,Bengaluru,Clothing,T-Shirt,4,1116,274
ORD00317,24-07-2024,July,Rahul Joshi,Bengaluru,Clothing,Sneakers,1,3355,792
ORD00318,26-02-2024,February,Varun Chawla,Mumbai,Home & Kitchen,Table Lamp,1,2671,184
ORD00319,24-06-2022,June,Diya Singh,Pune,Home & Kitchen,Mixer Grinder,1,10276,1758
ORD00320,18-11-2024,November,Kavya Nair,Lucknow,Home & Kitchen,Mixer Grinder,3,32028,4515
ORD00321,18-10-2022,October,Rohan Kulkarni,Chennai,Clothing,Formal Shirt,1,1578,222
ORD00322,28-05-2023,May,Kabir Jain,Bengaluru,Electronics,Laptop,1,63412,15942
ORD00323,10-02-2022,February,Aditi Patel,Nagpur,Home & Kitchen,Storage Container Set,1,1745,127
ORD00324,05-07-2024,July,Simran Kaur,Ahmedabad,Electronics,Smartphone,4,214256,24292
ORD00325,28-12-2025,December,Sneha Bose,Bengaluru,Office Supplies,Pen Pack,6,1526,185
ORD00326,20-08-2025,August,Riya Kapoor,Pune,Electronics,Mouse,3,4432,519
ORD00327,23-02-2025,February,Ananya Iyer,Ahmedabad,Electronics,Monitor,2,49272,13156
ORD00328,02-12-2022,December,Shreya Ghosh,Nagpur,Furniture,Sofa,1,19394,3003
ORD00329,17-01-2025,January,Karan Malhotra,Indore,Furniture,Sofa,4,135347,26849
ORD00330,01-11-2025,November,Priya Menon,Pune,Clothing,Formal Shirt,1,1954,323
ORD00331,27-07-2022,July,Priya Menon,Bengaluru,Furniture,Sofa,2,93377,25791
ORD00332,23-09-2023,September,Ira Mukherjee,Kochi,Home & Kitchen,Air Fryer,1,4375,1070
ORD00333,03-02-2022,February,Vikram Rao,Coimbatore,Electronics,Monitor,4,97792,25394
ORD00334,08-11-2022,November,Riya Kapoor,Kochi,Home & Kitchen,Storage Container Set,1,1673,358
ORD00335,01-10-2023,October,Priya Menon,Ahmedabad,Electronics,Mouse,1,450,64
ORD00336,08-08-2022,August,Arjun Mehta,Indore,Furniture,Office Chair,1,6213,1653
ORD00337,13-06-2023,June,Karan Malhotra,Chennai,Electronics,Mouse,1,530,66
ORD00338,19-11-2024,November,Ishaan Gupta,Pune,Electronics,Headphones,6,11527,1193
ORD00339,20-09-2025,September,Devika Pillai,Pune,Home & Kitchen,Storage Container Set,2,2053,542
ORD00340,11-10-2025,October,Karan Malhotra,Pune,Furniture,Sofa,2,64734,4651
ORD00341,14-07-2024,July,Priya Menon,Chennai,Home & Kitchen,Air Fryer,1,5984,1039
ORD00342,23-05-2024,May,Simran Kaur,Surat,Clothing,Jacket,1,6075,1529
ORD00343,12-09-2025,September,Tanvi Kulkarni,Nagpur,Furniture,Office Chair,3,21593,4192
ORD00344,12-02-2022,February,Devika Pillai,Delhi,Furniture,Office Chair,2,18325,2202
ORD00345,02-01-2025,January,Vikram Rao,Indore,Furniture,Bookshelf,1,6096,1020
ORD00346,12-07-2025,July,Ishaan Gupta,Bengaluru,Home & Kitchen,Air Fryer,3,44311,2835
ORD00347,20-04-2025,April,Kavya Nair,Pune,Clothing,Formal Shirt,1,2121,509
ORD00348,19-04-2023,April,Ira Mukherjee,Delhi,Clothing,Formal Shirt,2,2254,365
ORD00349,24-08-2025,August,Simran Kaur,Coimbatore,Office Supplies,Notebook Set,1,231,16
ORD00350,05-02-2023,February,Aarav Sharma,Hyderabad,Furniture,Coffee Table,1,7248,819
ORD00351,20-12-2024,December,Rahul Joshi,Kolkata,Furniture,Office Chair,1,8962,993
ORD00352,25-02-2024,February,Varun Chawla,Jaipur,Electronics,Speaker,2,16752,1181
ORD00353,29-10-2024,October,Simran Kaur,Mumbai,Furniture,Desk,1,7313,642
ORD00354,20-01-2022,January,Priya Menon,Indore,Office Supplies,Notebook Set,1,591,142
ORD00355,10-03-2024,March,Ananya Iyer,Bengaluru,Home & Kitchen,Storage Container Set,1,1254,320
ORD00356,29-01-2023,January,Vikram Rao,Bengaluru,Office Supplies,Stapler,1,218,15
ORD00357,22-06-2023,June,Neha Reddy,Chennai,Home & Kitchen,Storage Container Set,3,2989,540
ORD00358,14-07-2025,July,Aarav Sharma,Coimbatore,Home & Kitchen,Table Lamp,1,1589,338
ORD00359,01-05-2024,May,Priya Menon,Delhi,Electronics,Tablet,1,36718,2333
ORD00360,29-11-2022,November,Meera Shah,Kochi,Office Supplies,Notebook Set,3,1480,314
ORD00361,09-09-2022,September,Pooja Sethi,Kochi,Furniture,Desk,2,28799,2262
ORD00362,19-10-2025,October,Meera Shah,Mumbai,Electronics,Laptop,1,80190,17690
ORD00363,26-06-2025,June,Simran Kaur,Bengaluru,Furniture,Dining Table,2,24214,1671
ORD00364,13-09-2024,September,Varun Chawla,Indore,Clothing,Jacket,5,6836,1338
ORD00365,14-08-2025,August,Sana Khan,Kochi,Furniture,Office Chair,2,12872,3017
ORD00366,16-08-2023,August,Sneha Bose,Indore,Office Supplies,Pen Pack,1,140,38
ORD00367,09-03-2024,March,Aditi Patel,Ahmedabad,Home & Kitchen,Water Bottle,2,894,64
ORD00368,09-10-2024,October,Tanvi Kulkarni,Lucknow,Furniture,Desk,1,13828,3661
ORD00369,12-05-2024,May,Sana Khan,Indore,Office Supplies,Stapler,1,339,39
ORD00370,03-10-2022,October,Arjun Mehta,Mumbai,Furniture,Office Chair,2,28063,2674
ORD00371,10-12-2025,December,Aditi Patel,Nagpur,Office Supplies,Notebook Set,2,536,76
ORD00372,27-06-2025,June,Aditi Patel,Chennai,Electronics,Smartphone,1,55672,10969
ORD00373,15-12-2025,December,Ira Mukherjee,Hyderabad,Electronics,Smartphone,4,176761,12865
ORD00374,09-09-2022,September,Amit Verma,Nagpur,Home & Kitchen,Table Lamp,2,5874,766
ORD00375,09-08-2025,August,Rohan Kulkarni,Hyderabad,Electronics,Smartphone,1,51692,7040
ORD00376,22-02-2023,February,Amit Verma,Mumbai,Home & Kitchen,Cookware Set,4,8576,970
ORD00377,01-05-2022,May,Devika Pillai,Ahmedabad,Electronics,Smartphone,1,36479,3066
ORD00378,26-11-2025,November,Manish Yadav,Hyderabad,Clothing,Jacket,4,12263,966
ORD00379,19-04-2023,April,Rahul Joshi,Nagpur,Furniture,Desk,3,16022,1422
ORD00380,20-01-2024,January,Rohan Kulkarni,Surat,Home & Kitchen,Water Bottle,3,1807,361
ORD00381,13-02-2022,February,Priya Menon,Kochi,Electronics,Laptop,4,337218,29305
ORD00382,18-12-2025,December,Neha Reddy,Chennai,Clothing,Backpack,2,1046,277
ORD00383,25-12-2022,December,Amit Verma,Indore,Furniture,Desk,1,14639,1432
ORD00384,08-12-2022,December,Aditya Desai,Surat,Electronics,Smartphone,1,33531,2683
ORD00385,17-05-2022,May,Rohan Kulkarni,Surat,Home & Kitchen,Cookware Set,5,37653,6685
ORD00386,23-10-2023,October,Riya Kapoor,Jaipur,Electronics,Speaker,1,6607,815
ORD00387,23-02-2024,February,Karan Malhotra,Ahmedabad,Furniture,Desk,1,20806,5513
ORD00388,24-07-2023,July,Sana Khan,Chennai,Electronics,Monitor,1,24476,5444
ORD00389,01-11-2024,November,Priya Menon,Coimbatore,Electronics,Mouse,2,3817,1023
ORD00390,17-04-2023,April,Rohan Kulkarni,Delhi,Furniture,Desk,1,19246,3581
ORD00391,02-09-2025,September,Sana Khan,Lucknow,Electronics,Keyboard,1,4286,559
ORD00392,13-12-2022,December,Vikram Rao,Bengaluru,Home & Kitchen,Water Bottle,2,1408,95
ORD00393,16-02-2025,February,Ira Mukherjee,Kolkata,Clothing,Backpack,1,2170,526
ORD00394,19-11-2025,November,Manish Yadav,Ahmedabad,Home & Kitchen,Cookware Set,3,8649,1640
ORD00395,28-10-2022,October,Tanvi Kulkarni,Surat,Office Supplies,Pen Pack,2,333,53
ORD00396,13-06-2024,June,Nikhil Bansal,Bengaluru,Office Supplies,File Folder Set,1,616,52
ORD00397,23-02-2023,February,Arjun Mehta,Indore,Electronics,Smartphone,1,47621,3853
ORD00398,28-08-2023,August,Sana Khan,Bengaluru,Office Supplies,Stapler,1,392,78
ORD00399,27-11-2023,November,Sneha Bose,Pune,Electronics,Smartphone,2,42178,8251
ORD00400,20-11-2023,November,Meera Shah,Lucknow,Clothing,T-Shirt,1,1089,139
ORD00401,04-06-2025,June,Vikram Rao,Kochi,Clothing,Formal Shirt,2,3704,253
ORD00402,20-12-2025,December,Zoya Das,Mumbai,Electronics,Speaker,1,7489,1519
ORD00403,14-02-2022,February,Kabir Jain,Hyderabad,Home & Kitchen,Cookware Set,2,7109,1494
ORD00404,20-10-2025,October,Zoya Das,Kochi,Electronics,Mouse,1,962,209
ORD00405,18-11-2025,November,Varun Chawla,Surat,Clothing,Backpack,2,3075,438
ORD00406,18-03-2025,March,Shreya Ghosh,Mumbai,Furniture,Bookshelf,1,10896,710
ORD00407,24-05-2025,May,Kavya Nair,Kochi,Office Supplies,Desk Organizer,1,422,114
ORD00408,02-06-2023,June,Simran Kaur,Surat,Home & Kitchen,Water Bottle,2,1225,110
ORD00409,09-05-2022,May,Kabir Jain,Ahmedabad,Home & Kitchen,Storage Container Set,1,1088,254
ORD00410,02-03-2023,March,Ira Mukherjee,Indore,Office Supplies,Pen Pack,6,748,119
ORD00411,07-12-2023,December,Karan Malhotra,Hyderabad,Electronics,Headphones,1,2550,530
ORD00412,23-12-2024,December,Zoya Das,Coimbatore,Home & Kitchen,Table Lamp,2,2192,380
ORD00413,19-06-2023,June,Aditya Desai,Lucknow,Home & Kitchen,Cookware Set,4,19885,1867
ORD00414,15-11-2023,November,Pooja Sethi,Jaipur,Office Supplies,Stapler,1,223,61
ORD00415,01-04-2023,April,Karan Malhotra,Delhi,Clothing,Jacket,1,6090,896
ORD00416,25-06-2025,June,Amit Verma,Pune,Furniture,Coffee Table,2,19111,1667
ORD00417,09-09-2022,September,Sana Khan,Jaipur,Furniture,Desk,1,21223,2186
ORD00418,28-08-2024,August,Tanvi Kulkarni,Bengaluru,Office Supplies,Desk Organizer,2,956,152
ORD00419,14-04-2022,April,Aditi Patel,Hyderabad,Office Supplies,File Folder Set,3,1465,370
ORD00420,16-06-2024,June,Rahul Joshi,Ahmedabad,Home & Kitchen,Table Lamp,1,1815,421
ORD00421,16-11-2024,November,Aditi Patel,Hyderabad,Home & Kitchen,Air Fryer,2,28402,2250
ORD00422,19-02-2023,February,Manish Yadav,Nagpur,Clothing,Jeans,5,12762,3384
ORD00423,04-02-2022,February,Kavya Nair,Surat,Home & Kitchen,Storage Container Set,1,1357,276
ORD00424,18-12-2024,December,Arjun Mehta,Mumbai,Home & Kitchen,Mixer Grinder,2,16307,2858
ORD00425,26-03-2022,March,Aarav Sharma,Kochi,Clothing,Jacket,1,4322,870
ORD00426,18-12-2022,December,Neha Reddy,Kochi,Electronics,Tablet,1,26789,2098
ORD00427,05-11-2025,November,Ishaan Gupta,Hyderabad,Furniture,Office Chair,1,8820,605
ORD00428,16-07-2023,July,Karan Malhotra,Hyderabad,Home & Kitchen,Mixer Grinder,1,5447,379
ORD00429,22-10-2023,October,Arjun Mehta,Nagpur,Clothing,Jacket,1,6147,1385
ORD00430,19-11-2023,November,Zoya Das,Delhi,Furniture,Dining Table,1,12622,1004
ORD00431,23-07-2022,July,Ira Mukherjee,Ahmedabad,Clothing,Formal Shirt,1,2405,662
ORD00432,28-03-2023,March,Arjun Mehta,Kolkata,Electronics,Speaker,6,38658,2518
ORD00433,23-06-2025,June,Shreya Ghosh,Nagpur,Electronics,Headphones,2,15184,3596
ORD00434,02-07-2024,July,Priya Menon,Bengaluru,Clothing,Sneakers,1,3041,618
ORD00435,08-01-2024,January,Aditya Desai,Bengaluru,Clothing,Sneakers,1,1154,311
ORD00436,22-05-2024,May,Diya Singh,Pune,Furniture,Sofa,1,21421,3331
ORD00437,18-10-2022,October,Amit Verma,Kochi,Furniture,Bookshelf,4,38942,9332
ORD00438,20-11-2022,November,Priya Menon,Surat,Office Supplies,Printer Paper,3,1485,257
ORD00439,24-01-2023,January,Kavya Nair,Indore,Home & Kitchen,Table Lamp,2,2515,173
ORD00440,25-07-2024,July,Vikram Rao,Pune,Electronics,Tablet,1,21397,3429
ORD00441,17-10-2025,October,Kavya Nair,Lucknow,Furniture,Office Chair,2,12938,3353
ORD00442,24-11-2024,November,Amit Verma,Surat,Home & Kitchen,Air Fryer,2,9329,2355
ORD00443,10-02-2023,February,Sana Khan,Indore,Electronics,Laptop,2,128411,9147
ORD00444,10-04-2022,April,Vikram Rao,Kolkata,Home & Kitchen,Table Lamp,2,6373,1663
ORD00445,27-01-2022,January,Kabir Jain,Surat,Electronics,Keyboard,3,6197,986
ORD00446,19-01-2023,January,Varun Chawla,Indore,Electronics,Monitor,1,20309,2997
ORD00447,26-03-2023,March,Pooja Sethi,Pune,Home & Kitchen,Water Bottle,2,559,49
ORD00448,10-07-2022,July,Aditya Desai,Indore,Clothing,Sneakers,3,3640,369
ORD00449,18-05-2025,May,Pooja Sethi,Coimbatore,Electronics,Smartphone,3,137855,38356
ORD00450,21-11-2023,November,Shreya Ghosh,Indore,Furniture,Coffee Table,2,10782,1385
ORD00451,10-08-2022,August,Sneha Bose,Pune,Home & Kitchen,Water Bottle,6,1842,131
ORD00452,15-12-2023,December,Priya Menon,Mumbai,Clothing,Formal Shirt,4,3801,948
ORD00453,18-02-2024,February,Shreya Ghosh,Pune,Electronics,Monitor,2,37881,3090
ORD00454,09-05-2024,May,Rahul Joshi,Mumbai,Office Supplies,Pen Pack,2,338,51
ORD00455,17-05-2025,May,Zoya Das,Bengaluru,Home & Kitchen,Cookware Set,1,8847,2112
ORD00456,14-09-2024,September,Karan Malhotra,Nagpur,Clothing,Jeans,1,2192,171
ORD00457,06-10-2024,October,Amit Verma,Surat,Electronics,Keyboard,3,7792,822
ORD00458,04-10-2024,October,Kavya Nair,Ahmedabad,Home & Kitchen,Table Lamp,2,2842,232
ORD00459,21-05-2022,May,Rohan Kulkarni,Hyderabad,Clothing,Formal Shirt,2,3173,633
ORD00460,11-04-2022,April,Nikhil Bansal,Indore,Office Supplies,File Folder Set,1,546,90
ORD00461,12-03-2022,March,Sana Khan,Ahmedabad,Electronics,Keyboard,1,1142,278
ORD00462,17-02-2024,February,Aarav Sharma,Kolkata,Clothing,Backpack,3,4417,1116
ORD00463,12-06-2022,June,Aditi Patel,Hyderabad,Office Supplies,Desk Organizer,3,1357,173
ORD00464,29-03-2024,March,Arjun Mehta,Hyderabad,Furniture,Desk,4,18569,2800
ORD00465,30-04-2025,April,Zoya Das,Bengaluru,Electronics,Tablet,2,26918,6631
ORD00466,06-09-2022,September,Zoya Das,Indore,Furniture,Dining Table,3,65719,16980
ORD00467,20-01-2023,January,Amit Verma,Kolkata,Office Supplies,Notebook Set,2,673,48
ORD00468,25-11-2022,November,Neha Reddy,Hyderabad,Electronics,Smartphone,5,216644,47401
ORD00469,27-07-2022,July,Vikram Rao,Bengaluru,Furniture,Desk,1,9726,990
ORD00470,17-03-2023,March,Ishaan Gupta,Jaipur,Electronics,Laptop,1,77927,10991
ORD00471,02-07-2025,July,Sneha Bose,Surat,Furniture,Desk,2,15398,1421
ORD00472,23-04-2024,April,Kabir Jain,Delhi,Home & Kitchen,Mixer Grinder,5,11840,1676
ORD00473,19-02-2024,February,Aditi Patel,Bengaluru,Furniture,Bookshelf,5,31298,2443
ORD00474,19-07-2022,July,Ira Mukherjee,Kochi,Home & Kitchen,Mixer Grinder,4,36874,3361
ORD00475,22-10-2023,October,Neha Reddy,Bengaluru,Electronics,Tablet,5,119587,32871
ORD00476,20-11-2025,November,Sneha Bose,Nagpur,Electronics,Speaker,2,4585,349
ORD00477,14-07-2025,July,Meera Shah,Ahmedabad,Electronics,Smartphone,3,107880,25522
ORD00478,28-02-2024,February,Tanvi Kulkarni,Jaipur,Furniture,Dining Table,2,31520,8446
ORD00479,25-02-2025,February,Rohan Kulkarni,Lucknow,Furniture,Office Chair,2,24572,6722
ORD00480,29-11-2024,November,Ananya Iyer,Surat,Furniture,Sofa,1,22453,2036
ORD00481,08-12-2022,December,Karan Malhotra,Ahmedabad,Office Supplies,Desk Organizer,1,466,85
ORD00482,29-08-2025,August,Sneha Bose,Mumbai,Office Supplies,File Folder Set,1,162,22
ORD00483,13-01-2024,January,Vikram Rao,Jaipur,Electronics,Headphones,1,959,76
ORD00484,17-08-2024,August,Nikhil Bansal,Indore,Furniture,Sofa,1,17505,2065
ORD00485,27-12-2025,December,Arjun Mehta,Indore,Electronics,Speaker,1,3898,523
ORD00486,24-08-2022,August,Arjun Mehta,Kolkata,Office Supplies,Desk Organizer,2,1299,134
ORD00487,15-09-2022,September,Neha Reddy,Nagpur,Home & Kitchen,Air Fryer,1,11324,2433
ORD00488,18-11-2022,November,Kabir Jain,Jaipur,Electronics,Smartphone,5,214831,45097
ORD00489,13-08-2022,August,Neha Reddy,Pune,Electronics,Tablet,1,34019,2304
ORD00490,02-10-2022,October,Rohan Kulkarni,Indore,Furniture,Sofa,2,99788,15226
ORD00491,12-06-2022,June,Nikhil Bansal,Ahmedabad,Electronics,Mouse,4,8500,1675
ORD00492,16-08-2023,August,Amit Verma,Chennai,Furniture,Dining Table,1,31494,6218
ORD00493,11-05-2022,May,Sneha Bose,Bengaluru,Furniture,Office Chair,1,6739,1752
ORD00494,17-03-2025,March,Sneha Bose,Surat,Electronics,Laptop,1,76748,12092
ORD00495,21-07-2022,July,Aarav Sharma,Hyderabad,Electronics,Speaker,1,8492,1658
ORD00496,03-05-2023,May,Kabir Jain,Lucknow,Electronics,Speaker,2,15724,1207
ORD00497,31-12-2025,December,Amit Verma,Indore,Office Supplies,Pen Pack,1,158,12
ORD00498,15-06-2023,June,Meera Shah,Hyderabad,Home & Kitchen,Air Fryer,4,27946,7044
ORD00499,31-10-2024,October,Aditi Patel,Ahmedabad,Office Supplies,Stapler,4,430,88
ORD00500,12-07-2024,July,Karan Malhotra,Jaipur,Home & Kitchen,Air Fryer,1,6303,1447
ORD00501,27-07-2024,July,Ishaan Gupta,Mumbai,Electronics,Smartphone,1,32233,8597
ORD00502,09-05-2023,May,Ira Mukherjee,Chennai,Office Supplies,Desk Organizer,1,235,60
ORD00503,18-02-2022,February,Priya Menon,Delhi,Clothing,T-Shirt,4,3747,305
ORD00504,24-08-2023,August,Pooja Sethi,Hyderabad,Office Supplies,Desk Organizer,2,1891,197
ORD00505,10-02-2024,February,Sana Khan,Lucknow,Furniture,Desk,1,6172,1710
ORD00506,24-10-2025,October,Priya Menon,Chennai,Furniture,Sofa,2,72050,8212
ORD00507,21-04-2023,April,Ira Mukherjee,Indore,Electronics,Smartphone,2,67020,14834
ORD00508,30-05-2023,May,Aditi Patel,Coimbatore,Home & Kitchen,Storage Container Set,2,2860,619
ORD00509,05-11-2025,November,Zoya Das,Indore,Furniture,Desk,2,34056,6678
ORD00510,05-05-2023,May,Tanvi Kulkarni,Kolkata,Electronics,Laptop,1,79230,10051
ORD00511,08-10-2025,October,Riya Kapoor,Coimbatore,Home & Kitchen,Table Lamp,2,6368,1031
ORD00512,04-04-2023,April,Ananya Iyer,Chennai,Electronics,Tablet,1,17880,1507
ORD00513,05-02-2022,February,Diya Singh,Pune,Home & Kitchen,Air Fryer,1,4267,1110
ORD00514,07-11-2024,November,Nikhil Bansal,Indore,Furniture,Desk,1,13759,2449
ORD00515,29-09-2025,September,Pooja Sethi,Delhi,Clothing,Jacket,1,1945,357
ORD00516,26-10-2024,October,Aarav Sharma,Mumbai,Electronics,Keyboard,2,2552,473
ORD00517,14-08-2022,August,Meera Shah,Coimbatore,Furniture,Desk,2,10949,1052
ORD00518,23-08-2025,August,Kabir Jain,Delhi,Electronics,Monitor,4,63080,7046
ORD00519,01-11-2022,November,Amit Verma,Jaipur,Office Supplies,File Folder Set,3,897,159
ORD00520,13-02-2025,February,Aditi Patel,Nagpur,Furniture,Office Chair,1,10653,1015
ORD00521,22-03-2025,March,Priya Menon,Kochi,Electronics,Headphones,1,6341,1267
ORD00522,13-05-2024,May,Rahul Joshi,Indore,Electronics,Headphones,2,8972,1581
ORD00523,12-10-2024,October,Ishaan Gupta,Mumbai,Office Supplies,Notebook Set,1,427,80
ORD00524,05-03-2024,March,Neha Reddy,Ahmedabad,Electronics,Monitor,1,21361,1419
ORD00525,07-02-2023,February,Ira Mukherjee,Hyderabad,Electronics,Smartphone,5,164192,31829
ORD00526,16-03-2023,March,Simran Kaur,Surat,Office Supplies,Desk Organizer,1,225,48
ORD00527,27-10-2023,October,Kabir Jain,Mumbai,Furniture,Office Chair,2,10220,1436
ORD00528,01-01-2025,January,Sana Khan,Mumbai,Clothing,T-Shirt,1,1021,138
ORD00529,12-11-2024,November,Aditi Patel,Delhi,Clothing,Sneakers,2,2798,327
ORD00530,13-08-2024,August,Aarav Sharma,Hyderabad,Electronics,Speaker,1,3725,502
ORD00531,15-02-2025,February,Nikhil Bansal,Jaipur,Electronics,Laptop,4,363968,74170
ORD00532,06-08-2022,August,Simran Kaur,Jaipur,Office Supplies,Desk Organizer,5,3732,1044
ORD00533,27-07-2024,July,Ishaan Gupta,Coimbatore,Office Supplies,Stapler,4,376,89
ORD00534,02-09-2022,September,Nikhil Bansal,Coimbatore,Clothing,Formal Shirt,1,2676,431
ORD00535,19-12-2022,December,Tanvi Kulkarni,Kochi,Clothing,Backpack,1,2692,367
ORD00536,26-10-2025,October,Aditya Desai,Coimbatore,Electronics,Speaker,1,1474,308
ORD00537,20-12-2025,December,Aditya Desai,Ahmedabad,Furniture,Coffee Table,1,5587,1239
ORD00538,28-06-2023,June,Vikram Rao,Indore,Home & Kitchen,Air Fryer,1,13254,1168
ORD00539,22-10-2023,October,Aarav Sharma,Coimbatore,Home & Kitchen,Table Lamp,5,8491,572
ORD00540,06-10-2025,October,Diya Singh,Surat,Home & Kitchen,Mixer Grinder,1,8337,2190
ORD00541,16-10-2022,October,Aditya Desai,Surat,Office Supplies,Stapler,3,1567,293
ORD00542,20-10-2024,October,Simran Kaur,Coimbatore,Furniture,Desk,2,17109,3712
ORD00543,31-05-2024,May,Kabir Jain,Kochi,Furniture,Dining Table,1,15749,2156
ORD00544,20-07-2024,July,Kabir Jain,Hyderabad,Electronics,Headphones,3,24578,4242
ORD00545,27-02-2022,February,Varun Chawla,Kochi,Clothing,T-Shirt,4,1914,164
ORD00546,20-03-2022,March,Sana Khan,Nagpur,Office Supplies,Pen Pack,1,299,64
ORD00547,28-11-2022,November,Ira Mukherjee,Ahmedabad,Electronics,Keyboard,2,7928,937
ORD00548,10-03-2022,March,Ananya Iyer,Mumbai,Furniture,Dining Table,1,15628,1318
ORD00549,26-03-2025,March,Shreya Ghosh,Hyderabad,Electronics,Mouse,4,2323,247
ORD00550,19-03-2025,March,Sneha Bose,Mumbai,Furniture,Sofa,4,166229,38277
ORD00551,24-09-2025,September,Devika Pillai,Pune,Office Supplies,Notebook Set,1,432,88
ORD00552,20-02-2025,February,Pooja Sethi,Kolkata,Office Supplies,Notebook Set,1,618,74
ORD00553,26-10-2022,October,Amit Verma,Pune,Furniture,Coffee Table,2,18051,2516
ORD00554,09-05-2025,May,Rohan Kulkarni,Jaipur,Electronics,Headphones,3,24229,5046
ORD00555,09-06-2022,June,Rahul Joshi,Delhi,Home & Kitchen,Mixer Grinder,1,5855,944
ORD00556,27-06-2025,June,Nikhil Bansal,Kochi,Furniture,Bookshelf,1,3525,838
ORD00557,15-01-2024,January,Pooja Sethi,Hyderabad,Office Supplies,Notebook Set,1,540,127
ORD00558,22-05-2022,May,Vikram Rao,Lucknow,Electronics,Monitor,3,75229,11312
ORD00559,18-05-2023,May,Pooja Sethi,Pune,Office Supplies,Stapler,2,569,75
ORD00560,14-04-2022,April,Sneha Bose,Surat,Furniture,Sofa,2,96845,24979
ORD00561,07-12-2025,December,Amit Verma,Surat,Electronics,Speaker,1,6380,565
ORD00562,01-04-2025,April,Nikhil Bansal,Nagpur,Electronics,Keyboard,5,11039,1669
ORD00563,06-01-2025,January,Neha Reddy,Pune,Furniture,Coffee Table,3,14845,3844
ORD00564,30-10-2025,October,Neha Reddy,Pune,Office Supplies,Notebook Set,1,617,42
ORD00565,31-10-2023,October,Sneha Bose,Lucknow,Office Supplies,Pen Pack,5,1126,165
ORD00566,24-06-2024,June,Aditi Patel,Kochi,Electronics,Laptop,2,174778,44877
ORD00567,23-11-2022,November,Devika Pillai,Pune,Clothing,T-Shirt,5,1883,507
ORD00568,03-06-2024,June,Sneha Bose,Coimbatore,Furniture,Sofa,3,186265,46591
ORD00569,10-12-2022,December,Simran Kaur,Kolkata,Electronics,Laptop,1,59643,14834
ORD00570,05-11-2025,November,Kavya Nair,Coimbatore,Clothing,T-Shirt,1,524,84
ORD00571,21-02-2024,February,Amit Verma,Delhi,Furniture,Coffee Table,1,8704,689
ORD00572,03-08-2025,August,Priya Menon,Pune,Office Supplies,Desk Organizer,1,255,38
ORD00573,26-08-2023,August,Varun Chawla,Indore,Office Supplies,Printer Paper,1,337,31
ORD00574,26-09-2022,September,Neha Reddy,Nagpur,Electronics,Speaker,1,3015,327
ORD00575,20-01-2023,January,Devika Pillai,Pune,Electronics,Tablet,1,30156,5456
ORD00576,28-05-2024,May,Ananya Iyer,Delhi,Electronics,Headphones,1,7356,1208
ORD00577,29-01-2022,January,Rahul Joshi,Nagpur,Furniture,Sofa,1,26566,5462
ORD00578,16-03-2024,March,Kavya Nair,Hyderabad,Office Supplies,Printer Paper,4,1120,123
ORD00579,19-01-2022,January,Priya Menon,Mumbai,Electronics,Monitor,1,11489,694
ORD00580,28-03-2022,March,Priya Menon,Mumbai,Furniture,Dining Table,4,106914,19348
ORD00581,25-08-2022,August,Tanvi Kulkarni,Kolkata,Home & Kitchen,Cookware Set,1,1859,300
ORD00582,03-07-2024,July,Aditya Desai,Coimbatore,Home & Kitchen,Table Lamp,1,719,153
ORD00583,11-05-2022,May,Pooja Sethi,Mumbai,Furniture,Office Chair,4,22242,3202
ORD00584,29-01-2023,January,Rohan Kulkarni,Jaipur,Furniture,Dining Table,2,63048,4051
ORD00585,18-07-2024,July,Aarav Sharma,Delhi,Electronics,Speaker,1,3670,837
ORD00586,09-11-2025,November,Kavya Nair,Kolkata,Office Supplies,Pen Pack,1,72,17
ORD00587,29-10-2022,October,Ira Mukherjee,Bengaluru,Furniture,Bookshelf,2,20452,4619
ORD00588,23-08-2024,August,Aditi Patel,Delhi,Electronics,Headphones,2,12145,2073
ORD00589,02-11-2022,November,Sana Khan,Kolkata,Electronics,Mouse,1,1899,459
ORD00590,26-06-2025,June,Aditya Desai,Kochi,Electronics,Monitor,4,73360,12321
ORD00591,13-06-2025,June,Amit Verma,Chennai,Electronics,Monitor,3,65391,9422
ORD00592,03-10-2023,October,Pooja Sethi,Pune,Clothing,Backpack,3,3731,793
ORD00593,01-10-2023,October,Karan Malhotra,Chennai,Electronics,Speaker,1,7155,627
ORD00594,14-01-2025,January,Sana Khan,Nagpur,Electronics,Monitor,1,18649,4832
ORD00595,23-05-2024,May,Aditya Desai,Bengaluru,Office Supplies,Stapler,1,486,106
ORD00596,08-10-2024,October,Rahul Joshi,Surat,Furniture,Dining Table,1,20410,2795
ORD00597,20-05-2024,May,Pooja Sethi,Kolkata,Clothing,T-Shirt,2,2224,461
ORD00598,05-04-2022,April,Meera Shah,Nagpur,Electronics,Speaker,1,4993,386
ORD00599,19-02-2022,February,Manish Yadav,Bengaluru,Home & Kitchen,Water Bottle,4,1574,363
ORD00600,16-03-2024,March,Pooja Sethi,Chennai,Furniture,Dining Table,4,57427,8330
ORD00601,10-07-2022,July,Karan Malhotra,Bengaluru,Furniture,Bookshelf,1,8387,821
ORD00602,21-09-2023,September,Rahul Joshi,Coimbatore,Furniture,Office Chair,5,43066,3632
ORD00603,22-11-2023,November,Meera Shah,Coimbatore,Home & Kitchen,Mixer Grinder,5,17607,2163
ORD00604,01-09-2023,September,Pooja Sethi,Mumbai,Home & Kitchen,Table Lamp,1,1732,182
ORD00605,09-08-2022,August,Aditi Patel,Hyderabad,Home & Kitchen,Air Fryer,2,12456,2498
ORD00606,14-11-2022,November,Manish Yadav,Delhi,Furniture,Office Chair,2,20006,4982
ORD00607,22-06-2022,June,Simran Kaur,Indore,Furniture,Bookshelf,4,33020,7131
ORD00608,26-09-2025,September,Kavya Nair,Lucknow,Electronics,Mouse,1,1218,296
ORD00609,04-09-2023,September,Devika Pillai,Lucknow,Electronics,Speaker,3,15000,1790
ORD00610,29-08-2025,August,Amit Verma,Delhi,Clothing,Formal Shirt,2,4163,472
ORD00611,27-07-2025,July,Ishaan Gupta,Delhi,Office Supplies,Stapler,5,516,57
ORD00612,23-11-2024,November,Priya Menon,Bengaluru,Electronics,Laptop,2,100610,25144
ORD00613,30-03-2022,March,Manish Yadav,Bengaluru,Office Supplies,File Folder Set,2,552,120
ORD00614,18-10-2023,October,Meera Shah,Chennai,Home & Kitchen,Mixer Grinder,3,22509,3872
ORD00615,26-09-2023,September,Tanvi Kulkarni,Pune,Furniture,Desk,1,12088,1667
ORD00616,03-07-2025,July,Kabir Jain,Lucknow,Electronics,Monitor,6,123293,21061
ORD00617,10-12-2022,December,Rahul Joshi,Hyderabad,Electronics,Keyboard,1,3048,243
ORD00618,31-12-2023,December,Zoya Das,Kolkata,Clothing,Jacket,2,7258,677
ORD00619,03-06-2025,June,Neha Reddy,Hyderabad,Electronics,Speaker,2,11201,2548
ORD00620,13-04-2024,April,Shreya Ghosh,Delhi,Clothing,Jeans,4,5541,469
ORD00621,10-07-2022,July,Ananya Iyer,Chennai,Office Supplies,Desk Organizer,3,1708,142
ORD00622,03-05-2025,May,Ira Mukherjee,Bengaluru,Home & Kitchen,Mixer Grinder,2,15124,3072
ORD00623,12-12-2025,December,Kabir Jain,Delhi,Office Supplies,Printer Paper,2,1349,370
ORD00624,05-12-2022,December,Arjun Mehta,Surat,Home & Kitchen,Storage Container Set,1,422,100
ORD00625,19-02-2025,February,Sneha Bose,Kochi,Office Supplies,Desk Organizer,2,754,54
ORD00626,22-10-2023,October,Tanvi Kulkarni,Ahmedabad,Furniture,Coffee Table,1,3944,492
ORD00627,07-03-2024,March,Aditya Desai,Hyderabad,Home & Kitchen,Mixer Grinder,2,8494,1092
ORD00628,25-09-2023,September,Kabir Jain,Pune,Furniture,Desk,1,20091,4097
ORD00629,03-10-2023,October,Manish Yadav,Ahmedabad,Electronics,Smartphone,6,373270,33914
ORD00630,24-07-2024,July,Ishaan Gupta,Ahmedabad,Electronics,Speaker,1,8133,680
ORD00631,07-09-2023,September,Diya Singh,Pune,Furniture,Sofa,1,35525,4965
ORD00632,04-03-2025,March,Sneha Bose,Nagpur,Clothing,Jacket,2,11875,1840
ORD00633,18-03-2023,March,Meera Shah,Surat,Electronics,Speaker,2,5856,978
ORD00634,02-05-2024,May,Devika Pillai,Delhi,Electronics,Mouse,2,2589,711
ORD00635,01-05-2022,May,Pooja Sethi,Chennai,Furniture,Sofa,1,58451,15019
ORD00636,23-08-2023,August,Karan Malhotra,Coimbatore,Electronics,Speaker,4,25792,2729
ORD00637,05-04-2023,April,Rahul Joshi,Ahmedabad,Electronics,Laptop,2,97963,24767
ORD00638,23-01-2023,January,Ishaan Gupta,Lucknow,Furniture,Desk,1,20582,2465
ORD00639,05-10-2024,October,Sneha Bose,Kolkata,Electronics,Tablet,3,73074,15005
ORD00640,17-10-2024,October,Devika Pillai,Indore,Office Supplies,File Folder Set,2,1025,176
ORD00641,06-10-2025,October,Riya Kapoor,Lucknow,Home & Kitchen,Storage Container Set,2,1957,544
ORD00642,07-07-2025,July,Nikhil Bansal,Lucknow,Electronics,Headphones,1,6742,1815
ORD00643,26-01-2024,January,Ananya Iyer,Kolkata,Electronics,Headphones,5,7979,944
ORD00644,12-03-2022,March,Aditi Patel,Indore,Electronics,Mouse,2,1421,106
ORD00645,03-04-2022,April,Priya Menon,Kolkata,Home & Kitchen,Water Bottle,2,1610,107
ORD00646,13-03-2024,March,Kavya Nair,Hyderabad,Clothing,Sneakers,1,4983,582
ORD00647,02-01-2023,January,Simran Kaur,Lucknow,Office Supplies,File Folder Set,1,667,106
ORD00648,11-04-2025,April,Ira Mukherjee,Lucknow,Office Supplies,File Folder Set,3,1461,329
ORD00649,09-08-2025,August,Aditi Patel,Mumbai,Office Supplies,File Folder Set,4,1292,305
ORD00650,12-09-2022,September,Riya Kapoor,Lucknow,Clothing,Jeans,1,1769,191
ORD00651,27-12-2022,December,Ira Mukherjee,Coimbatore,Furniture,Sofa,1,35901,8919
ORD00652,23-12-2023,December,Riya Kapoor,Hyderabad,Home & Kitchen,Table Lamp,1,2436,423
ORD00653,02-09-2022,September,Kabir Jain,Surat,Home & Kitchen,Table Lamp,5,2671,599
ORD00654,01-05-2024,May,Sana Khan,Nagpur,Electronics,Tablet,3,104769,17439
ORD00655,01-10-2025,October,Devika Pillai,Jaipur,Furniture,Bookshelf,1,3330,799
ORD00656,17-10-2022,October,Zoya Das,Pune,Clothing,Sneakers,1,2039,210
ORD00657,02-09-2024,September,Sana Khan,Surat,Clothing,Jeans,3,5108,1082
ORD00658,08-10-2024,October,Riya Kapoor,Hyderabad,Clothing,Jeans,5,16086,3894
ORD00659,11-10-2023,October,Rahul Joshi,Kochi,Electronics,Smartphone,1,38835,7362
ORD00660,13-03-2025,March,Ishaan Gupta,Nagpur,Home & Kitchen,Air Fryer,1,7934,780
ORD00661,06-05-2025,May,Arjun Mehta,Nagpur,Furniture,Bookshelf,4,21359,2736
ORD00662,31-03-2024,March,Amit Verma,Chennai,Furniture,Coffee Table,2,11951,2777
ORD00663,29-03-2025,March,Meera Shah,Bengaluru,Home & Kitchen,Water Bottle,1,380,42
ORD00664,17-12-2023,December,Pooja Sethi,Chennai,Office Supplies,Pen Pack,3,424,27
ORD00665,11-09-2022,September,Aarav Sharma,Kolkata,Clothing,Jeans,1,1202,193
ORD00666,10-04-2025,April,Aarav Sharma,Mumbai,Office Supplies,Desk Organizer,3,1334,217
ORD00667,11-03-2023,March,Ishaan Gupta,Lucknow,Electronics,Tablet,3,87194,7250
ORD00668,07-09-2024,September,Diya Singh,Kolkata,Furniture,Desk,2,39307,4076
ORD00669,25-03-2025,March,Ishaan Gupta,Chennai,Home & Kitchen,Table Lamp,3,8497,588
ORD00670,29-04-2024,April,Rohan Kulkarni,Lucknow,Electronics,Mouse,2,1948,240
ORD00671,15-05-2023,May,Diya Singh,Chennai,Clothing,Jeans,1,2526,641
ORD00672,30-09-2024,September,Aditi Patel,Surat,Furniture,Dining Table,1,14474,994
ORD00673,23-07-2022,July,Aditi Patel,Mumbai,Furniture,Bookshelf,3,34109,5838
ORD00674,27-03-2024,March,Devika Pillai,Bengaluru,Office Supplies,Pen Pack,1,100,16
ORD00675,22-06-2022,June,Pooja Sethi,Lucknow,Electronics,Headphones,1,1104,248
ORD00676,25-09-2024,September,Varun Chawla,Mumbai,Clothing,Backpack,2,2444,336
ORD00677,25-06-2023,June,Nikhil Bansal,Indore,Electronics,Smartphone,1,50847,12741
ORD00678,20-01-2025,January,Pooja Sethi,Hyderabad,Office Supplies,Notebook Set,3,1804,320
ORD00679,28-07-2024,July,Diya Singh,Surat,Electronics,Keyboard,3,4659,976
ORD00680,12-10-2025,October,Pooja Sethi,Nagpur,Office Supplies,File Folder Set,1,547,123
ORD00681,11-12-2025,December,Ananya Iyer,Ahmedabad,Home & Kitchen,Table Lamp,1,585,56
ORD00682,30-08-2023,August,Nikhil Bansal,Chennai,Furniture,Bookshelf,2,16472,4237
ORD00683,30-03-2025,March,Arjun Mehta,Nagpur,Home & Kitchen,Storage Container Set,4,5419,560
ORD00684,20-08-2024,August,Ira Mukherjee,Nagpur,Office Supplies,Stapler,1,223,53
ORD00685,01-05-2024,May,Rahul Joshi,Bengaluru,Office Supplies,File Folder Set,2,434,64
ORD00686,01-07-2024,July,Neha Reddy,Bengaluru,Furniture,Sofa,3,124196,33112
ORD00687,26-05-2025,May,Ira Mukherjee,Mumbai,Furniture,Bookshelf,1,8145,722
ORD00688,07-03-2023,March,Devika Pillai,Ahmedabad,Furniture,Office Chair,1,7837,1921
ORD00689,30-06-2025,June,Manish Yadav,Delhi,Office Supplies,Printer Paper,2,1539,173
ORD00690,21-09-2025,September,Rahul Joshi,Jaipur,Home & Kitchen,Air Fryer,5,53696,3807
ORD00691,09-06-2024,June,Amit Verma,Nagpur,Electronics,Tablet,1,25527,5957
ORD00692,05-12-2022,December,Sneha Bose,Chennai,Electronics,Headphones,1,4277,304
ORD00693,03-07-2022,July,Pooja Sethi,Surat,Clothing,Formal Shirt,2,5509,608
ORD00694,09-07-2024,July,Arjun Mehta,Chennai,Electronics,Headphones,3,8269,2086
ORD00695,10-05-2025,May,Tanvi Kulkarni,Mumbai,Office Supplies,Desk Organizer,3,3050,379
ORD00696,23-08-2023,August,Ira Mukherjee,Lucknow,Electronics,Smartphone,4,195818,53873
ORD00697,18-02-2022,February,Sana Khan,Coimbatore,Home & Kitchen,Mixer Grinder,2,21306,4574
ORD00698,19-10-2024,October,Rahul Joshi,Nagpur,Electronics,Monitor,1,23984,3765
ORD00699,18-01-2023,January,Amit Verma,Mumbai,Furniture,Sofa,2,92756,21581
ORD00700,25-03-2022,March,Arjun Mehta,Hyderabad,Furniture,Desk,1,6391,1749
ORD00701,22-03-2023,March,Shreya Ghosh,Nagpur,Electronics,Mouse,4,2019,527
ORD00702,17-07-2024,July,Vikram Rao,Jaipur,Office Supplies,File Folder Set,1,406,54
ORD00703,31-05-2022,May,Varun Chawla,Kolkata,Electronics,Laptop,4,328511,82278
ORD00704,28-02-2022,February,Aditya Desai,Lucknow,Office Supplies,Printer Paper,5,2138,459
ORD00705,12-06-2024,June,Zoya Das,Delhi,Electronics,Headphones,1,7930,1554
ORD00706,29-06-2025,June,Meera Shah,Mumbai,Clothing,Backpack,1,979,88
ORD00707,05-07-2023,July,Shreya Ghosh,Bengaluru,Office Supplies,Printer Paper,2,1316,128
ORD00708,31-07-2023,July,Vikram Rao,Delhi,Office Supplies,File Folder Set,1,140,28
ORD00709,11-04-2024,April,Karan Malhotra,Indore,Home & Kitchen,Mixer Grinder,1,9436,1777
ORD00710,03-11-2023,November,Sana Khan,Bengaluru,Office Supplies,Printer Paper,3,856,197
ORD00711,01-06-2025,June,Vikram Rao,Jaipur,Home & Kitchen,Cookware Set,2,13620,2574
ORD00712,19-01-2025,January,Manish Yadav,Kolkata,Clothing,Backpack,1,632,159
ORD00713,27-11-2024,November,Meera Shah,Indore,Furniture,Sofa,1,30797,5994
ORD00714,22-04-2023,April,Amit Verma,Hyderabad,Electronics,Smartphone,2,79225,17466
ORD00715,08-09-2022,September,Aditya Desai,Coimbatore,Electronics,Keyboard,3,4689,1179
ORD00716,26-07-2025,July,Aarav Sharma,Lucknow,Office Supplies,File Folder Set,3,1258,207
ORD00717,01-10-2022,October,Simran Kaur,Chennai,Home & Kitchen,Mixer Grinder,2,14444,3216
ORD00718,31-05-2023,May,Devika Pillai,Jaipur,Furniture,Office Chair,6,50433,3216
ORD00719,15-09-2022,September,Sana Khan,Jaipur,Office Supplies,Notebook Set,1,448,56
ORD00720,05-01-2025,January,Meera Shah,Pune,Office Supplies,Stapler,1,300,47
ORD00721,18-12-2024,December,Shreya Ghosh,Lucknow,Furniture,Bookshelf,1,10165,1698
ORD00722,13-04-2022,April,Pooja Sethi,Pune,Furniture,Desk,1,8281,1031
ORD00723,12-09-2022,September,Diya Singh,Pune,Electronics,Mouse,1,1690,188
ORD00724,17-01-2022,January,Nikhil Bansal,Kolkata,Electronics,Smartphone,1,15255,3225
ORD00725,05-10-2023,October,Ananya Iyer,Surat,Office Supplies,Notebook Set,1,590,158
ORD00726,23-03-2023,March,Amit Verma,Ahmedabad,Furniture,Sofa,4,81493,20320
ORD00727,03-12-2024,December,Varun Chawla,Delhi,Electronics,Keyboard,1,4130,851
ORD00728,04-07-2024,July,Ira Mukherjee,Chennai,Furniture,Sofa,5,305974,82066
ORD00729,08-07-2025,July,Riya Kapoor,Lucknow,Electronics,Tablet,5,46978,12123
ORD00730,24-08-2024,August,Diya Singh,Kochi,Office Supplies,Printer Paper,1,320,49
ORD00731,22-10-2025,October,Kabir Jain,Kolkata,Electronics,Keyboard,2,6708,1160
ORD00732,29-12-2024,December,Ira Mukherjee,Jaipur,Home & Kitchen,Mixer Grinder,2,22942,4008
ORD00733,16-11-2022,November,Shreya Ghosh,Indore,Office Supplies,File Folder Set,3,1340,112
ORD00734,19-02-2023,February,Zoya Das,Mumbai,Furniture,Desk,6,107287,20849
ORD00735,30-01-2025,January,Aditya Desai,Mumbai,Electronics,Tablet,2,24251,4041
ORD00736,07-08-2024,August,Aarav Sharma,Pune,Clothing,Jacket,1,6300,898
ORD00737,31-03-2023,March,Aditya Desai,Bengaluru,Home & Kitchen,Mixer Grinder,2,6486,784
ORD00738,10-05-2023,May,Varun Chawla,Chennai,Electronics,Tablet,2,29460,8156
ORD00739,12-10-2024,October,Ananya Iyer,Kolkata,Clothing,Sneakers,1,3200,361
ORD00740,06-06-2024,June,Neha Reddy,Hyderabad,Home & Kitchen,Mixer Grinder,1,6152,995
ORD00741,05-05-2024,May,Ira Mukherjee,Kochi,Clothing,Formal Shirt,1,1569,417
ORD00742,20-06-2023,June,Varun Chawla,Lucknow,Electronics,Tablet,1,27488,7156
ORD00743,22-03-2023,March,Manish Yadav,Hyderabad,Electronics,Laptop,1,82989,14586
ORD00744,14-10-2025,October,Ananya Iyer,Kolkata,Electronics,Monitor,1,12981,2589
ORD00745,08-08-2025,August,Aditi Patel,Delhi,Home & Kitchen,Mixer Grinder,2,13765,1176
ORD00746,11-06-2025,June,Simran Kaur,Jaipur,Electronics,Headphones,6,20951,3048
ORD00747,11-09-2024,September,Amit Verma,Ahmedabad,Furniture,Desk,1,15237,1029
ORD00748,18-02-2024,February,Vikram Rao,Indore,Electronics,Smartphone,4,68763,12695
ORD00749,17-02-2023,February,Simran Kaur,Chennai,Clothing,Jeans,5,7362,1272
ORD00750,02-08-2025,August,Kabir Jain,Ahmedabad,Furniture,Dining Table,2,64305,16483
ORD00751,09-10-2023,October,Meera Shah,Pune,Clothing,Sneakers,1,3665,882
ORD00752,16-10-2025,October,Zoya Das,Surat,Clothing,Jeans,3,9287,2336
ORD00753,19-07-2022,July,Ishaan Gupta,Lucknow,Electronics,Headphones,1,2649,354
ORD00754,21-11-2022,November,Meera Shah,Delhi,Home & Kitchen,Storage Container Set,1,982,222
ORD00755,18-04-2024,April,Ananya Iyer,Indore,Home & Kitchen,Table Lamp,2,3145,831
ORD00756,17-03-2025,March,Varun Chawla,Mumbai,Furniture,Bookshelf,2,7591,1513
ORD00757,20-03-2025,March,Ira Mukherjee,Hyderabad,Furniture,Dining Table,2,45800,9623
ORD00758,14-05-2023,May,Aditya Desai,Mumbai,Clothing,Jacket,1,4295,453
ORD00759,21-05-2024,May,Simran Kaur,Bengaluru,Furniture,Dining Table,1,21547,4316
ORD00760,31-03-2024,March,Kavya Nair,Ahmedabad,Clothing,Formal Shirt,3,7939,553
ORD00761,26-11-2022,November,Meera Shah,Pune,Electronics,Headphones,1,3072,213
ORD00762,22-12-2025,December,Tanvi Kulkarni,Indore,Office Supplies,Notebook Set,5,1224,196
ORD00763,09-07-2022,July,Vikram Rao,Bengaluru,Home & Kitchen,Table Lamp,1,1990,231
ORD00764,05-05-2024,May,Nikhil Bansal,Kolkata,Office Supplies,Stapler,1,132,32
ORD00765,12-08-2025,August,Pooja Sethi,Hyderabad,Home & Kitchen,Cookware Set,3,21601,4953
ORD00766,04-01-2024,January,Amit Verma,Pune,Office Supplies,Notebook Set,4,1971,130
ORD00767,20-04-2023,April,Kavya Nair,Bengaluru,Office Supplies,File Folder Set,4,1697,451
ORD00768,13-03-2023,March,Rahul Joshi,Mumbai,Furniture,Office Chair,4,39998,5318
ORD00769,19-01-2022,January,Priya Menon,Kochi,Home & Kitchen,Air Fryer,2,29800,3156
ORD00770,07-09-2023,September,Simran Kaur,Kochi,Home & Kitchen,Air Fryer,1,13863,941
ORD00771,23-07-2023,July,Aarav Sharma,Ahmedabad,Furniture,Sofa,2,114605,16302
ORD00772,07-05-2022,May,Arjun Mehta,Mumbai,Electronics,Tablet,1,15125,2378
ORD00773,16-07-2023,July,Devika Pillai,Delhi,Office Supplies,Desk Organizer,2,1919,131
ORD00774,23-04-2024,April,Sana Khan,Chennai,Furniture,Coffee Table,4,12384,1078
ORD00775,11-01-2024,January,Aditya Desai,Kolkata,Clothing,Sneakers,1,2100,161
ORD00776,12-03-2023,March,Arjun Mehta,Jaipur,Office Supplies,Notebook Set,1,145,22
ORD00777,18-11-2022,November,Diya Singh,Pune,Electronics,Mouse,2,1795,154
ORD00778,30-07-2022,July,Neha Reddy,Jaipur,Electronics,Keyboard,6,15779,3675
ORD00779,13-06-2025,June,Aditya Desai,Surat,Clothing,T-Shirt,2,1792,129
ORD00780,05-06-2024,June,Zoya Das,Bengaluru,Clothing,Backpack,1,2434,390
ORD00781,01-07-2022,July,Priya Menon,Ahmedabad,Clothing,Jeans,1,1556,408
ORD00782,23-11-2025,November,Vikram Rao,Kochi,Home & Kitchen,Mixer Grinder,2,10259,965
ORD00783,25-07-2023,July,Kabir Jain,Ahmedabad,Furniture,Office Chair,2,28124,5632
ORD00784,11-12-2023,December,Ira Mukherjee,Lucknow,Clothing,Backpack,1,1675,207
ORD00785,19-05-2025,May,Kabir Jain,Kochi,Home & Kitchen,Mixer Grinder,2,22761,1651
ORD00786,11-04-2022,April,Varun Chawla,Pune,Office Supplies,Notebook Set,3,1161,230
ORD00787,28-08-2025,August,Neha Reddy,Kochi,Furniture,Coffee Table,1,4562,779
ORD00788,07-05-2022,May,Pooja Sethi,Chennai,Furniture,Bookshelf,1,6392,1395
ORD00789,16-12-2024,December,Aditya Desai,Jaipur,Electronics,Laptop,2,108383,22468
ORD00790,21-07-2024,July,Meera Shah,Surat,Electronics,Speaker,1,7192,1407
ORD00791,31-08-2023,August,Rahul Joshi,Indore,Electronics,Monitor,1,14006,1900
ORD00792,29-09-2023,September,Meera Shah,Kolkata,Electronics,Tablet,2,50104,13137
ORD00793,18-09-2023,September,Ishaan Gupta,Chennai,Clothing,T-Shirt,3,1659,174
ORD00794,28-10-2023,October,Devika Pillai,Chennai,Electronics,Headphones,3,24586,5608
ORD00795,03-06-2025,June,Manish Yadav,Lucknow,Clothing,Sneakers,2,6005,1540
ORD00796,10-06-2025,June,Aditya Desai,Lucknow,Electronics,Speaker,1,5923,1252
ORD00797,10-07-2022,July,Aarav Sharma,Kochi,Office Supplies,Printer Paper,1,517,126
ORD00798,22-01-2022,January,Simran Kaur,Jaipur,Home & Kitchen,Water Bottle,2,1438,394
ORD00799,16-09-2024,September,Riya Kapoor,Chennai,Electronics,Tablet,3,110716,15731
ORD00800,30-05-2022,May,Rohan Kulkarni,Kochi,Electronics,Monitor,1,9710,2258
ORD00801,06-11-2022,November,Riya Kapoor,Coimbatore,Furniture,Sofa,2,54930,9135
ORD00802,25-04-2024,April,Ishaan Gupta,Bengaluru,Furniture,Desk,4,79086,14964
ORD00803,27-10-2023,October,Ishaan Gupta,Jaipur,Home & Kitchen,Mixer Grinder,1,6530,851
ORD00804,18-02-2024,February,Devika Pillai,Coimbatore,Electronics,Tablet,1,16183,1715
ORD00805,17-07-2025,July,Tanvi Kulkarni,Ahmedabad,Furniture,Dining Table,1,12558,3197
ORD00806,09-09-2023,September,Riya Kapoor,Chennai,Furniture,Dining Table,2,42555,10487
ORD00807,07-02-2025,February,Arjun Mehta,Coimbatore,Home & Kitchen,Table Lamp,4,9878,2619
ORD00808,21-10-2022,October,Aditi Patel,Kolkata,Electronics,Smartphone,1,41372,3136
ORD00809,30-03-2023,March,Arjun Mehta,Pune,Home & Kitchen,Water Bottle,1,371,84
ORD00810,14-02-2025,February,Ishaan Gupta,Surat,Office Supplies,Desk Organizer,4,1176,81
ORD00811,04-12-2022,December,Sneha Bose,Coimbatore,Furniture,Coffee Table,1,9338,1715
ORD00812,27-05-2023,May,Shreya Ghosh,Pune,Office Supplies,Printer Paper,5,3218,461
ORD00813,17-06-2025,June,Sana Khan,Delhi,Furniture,Sofa,6,132331,25668
ORD00814,10-01-2022,January,Zoya Das,Delhi,Electronics,Speaker,1,8190,2059
ORD00815,07-05-2024,May,Devika Pillai,Delhi,Furniture,Desk,1,6055,728
ORD00816,26-11-2024,November,Riya Kapoor,Surat,Office Supplies,File Folder Set,2,757,99
ORD00817,30-04-2022,April,Tanvi Kulkarni,Bengaluru,Electronics,Mouse,3,4330,731
ORD00818,10-02-2023,February,Meera Shah,Ahmedabad,Electronics,Tablet,1,18238,2113
ORD00819,06-02-2024,February,Rahul Joshi,Nagpur,Home & Kitchen,Water Bottle,4,1272,215
ORD00820,14-07-2022,July,Amit Verma,Hyderabad,Home & Kitchen,Air Fryer,2,18286,1419
ORD00821,04-02-2024,February,Karan Malhotra,Hyderabad,Furniture,Dining Table,3,29312,4750
ORD00822,05-03-2024,March,Ira Mukherjee,Surat,Electronics,Headphones,1,6421,1401
ORD00823,09-11-2025,November,Neha Reddy,Indore,Electronics,Tablet,2,72265,18852
ORD00824,09-07-2023,July,Priya Menon,Mumbai,Office Supplies,Printer Paper,1,261,70
ORD00825,21-12-2023,December,Aarav Sharma,Ahmedabad,Furniture,Office Chair,6,72646,8398
ORD00826,11-12-2023,December,Tanvi Kulkarni,Hyderabad,Office Supplies,Desk Organizer,3,2020,196
ORD00827,07-11-2025,November,Zoya Das,Kolkata,Clothing,Jeans,1,3407,452
ORD00828,13-01-2023,January,Zoya Das,Hyderabad,Home & Kitchen,Cookware Set,1,7966,1438
ORD00829,25-12-2023,December,Vikram Rao,Mumbai,Office Supplies,File Folder Set,1,681,116
ORD00830,01-09-2025,September,Rohan Kulkarni,Chennai,Electronics,Monitor,1,13836,2961
ORD00831,17-09-2022,September,Simran Kaur,Ahmedabad,Clothing,Jeans,1,1402,133
ORD00832,18-01-2023,January,Ira Mukherjee,Coimbatore,Furniture,Sofa,3,125113,30424
ORD00833,16-10-2024,October,Simran Kaur,Chennai,Electronics,Laptop,2,128090,31614
ORD00834,13-10-2023,October,Aarav Sharma,Bengaluru,Furniture,Bookshelf,1,4108,741
ORD00835,14-07-2023,July,Manish Yadav,Jaipur,Electronics,Mouse,4,4242,1014
ORD00836,10-09-2025,September,Amit Verma,Lucknow,Electronics,Smartphone,2,92217,22995
ORD00837,31-01-2023,January,Arjun Mehta,Ahmedabad,Electronics,Smartphone,2,63094,14417
ORD00838,29-03-2025,March,Tanvi Kulkarni,Lucknow,Home & Kitchen,Mixer Grinder,3,32700,7149
ORD00839,02-05-2022,May,Riya Kapoor,Lucknow,Electronics,Headphones,2,15767,3362
ORD00840,19-03-2024,March,Rohan Kulkarni,Ahmedabad,Electronics,Smartphone,2,128722,17459
ORD00841,19-02-2024,February,Kabir Jain,Nagpur,Clothing,Jacket,2,4317,1017
ORD00842,13-03-2024,March,Kabir Jain,Nagpur,Home & Kitchen,Air Fryer,4,16941,2348
ORD00843,10-01-2024,January,Priya Menon,Lucknow,Home & Kitchen,Air Fryer,2,21501,2319
ORD00844,20-02-2023,February,Rahul Joshi,Chennai,Clothing,Sneakers,3,2738,627
ORD00845,10-07-2022,July,Arjun Mehta,Indore,Home & Kitchen,Storage Container Set,5,3987,703
ORD00846,29-01-2024,January,Neha Reddy,Delhi,Clothing,Backpack,1,1169,309
ORD00847,15-09-2025,September,Pooja Sethi,Jaipur,Office Supplies,Notebook Set,5,2062,555
ORD00848,13-04-2024,April,Rohan Kulkarni,Jaipur,Office Supplies,File Folder Set,4,2164,461
ORD00849,16-02-2022,February,Varun Chawla,Nagpur,Electronics,Mouse,3,5012,804
ORD00850,17-03-2023,March,Ira Mukherjee,Pune,Electronics,Speaker,2,14294,1010
ORD00851,04-03-2023,March,Nikhil Bansal,Lucknow,Electronics,Smartphone,4,235329,56673
ORD00852,28-05-2022,May,Ananya Iyer,Nagpur,Electronics,Speaker,1,6309,803
ORD00853,31-03-2023,March,Kavya Nair,Delhi,Furniture,Sofa,3,179773,22456
ORD00854,28-02-2025,February,Vikram Rao,Chennai,Furniture,Sofa,4,71351,13180
ORD00855,28-02-2025,February,Aditya Desai,Pune,Electronics,Tablet,2,61848,8835
ORD00856,21-02-2023,February,Arjun Mehta,Hyderabad,Office Supplies,Pen Pack,2,320,50
ORD00857,12-07-2023,July,Riya Kapoor,Lucknow,Home & Kitchen,Table Lamp,1,1287,126
ORD00858,18-10-2022,October,Diya Singh,Chennai,Furniture,Bookshelf,3,21617,5798
ORD00859,29-12-2025,December,Devika Pillai,Mumbai,Clothing,Jeans,1,1124,270
ORD00860,26-04-2025,April,Shreya Ghosh,Ahmedabad,Electronics,Monitor,5,88740,8727
ORD00861,27-02-2025,February,Kabir Jain,Chennai,Home & Kitchen,Air Fryer,1,9954,1517
ORD00862,31-12-2025,December,Nikhil Bansal,Chennai,Home & Kitchen,Air Fryer,1,14317,1980
ORD00863,27-08-2023,August,Kavya Nair,Nagpur,Electronics,Tablet,1,25530,3719
ORD00864,19-12-2022,December,Vikram Rao,Ahmedabad,Home & Kitchen,Storage Container Set,2,1531,169
ORD00865,01-06-2023,June,Aditi Patel,Delhi,Office Supplies,Notebook Set,1,571,84
ORD00866,02-08-2023,August,Aarav Sharma,Surat,Home & Kitchen,Air Fryer,1,9122,895
ORD00867,02-03-2024,March,Manish Yadav,Surat,Furniture,Bookshelf,1,7467,907
ORD00868,08-06-2025,June,Nikhil Bansal,Pune,Electronics,Tablet,1,23471,2896
ORD00869,15-04-2025,April,Nikhil Bansal,Mumbai,Electronics,Smartphone,3,81356,13649
ORD00870,26-03-2025,March,Arjun Mehta,Bengaluru,Home & Kitchen,Cookware Set,3,6893,1423
ORD00871,26-05-2022,May,Ananya Iyer,Hyderabad,Home & Kitchen,Mixer Grinder,2,6592,498
ORD00872,19-12-2022,December,Diya Singh,Mumbai,Home & Kitchen,Water Bottle,2,1566,426
ORD00873,28-08-2023,August,Rahul Joshi,Lucknow,Furniture,Coffee Table,4,33078,8965
ORD00874,16-03-2025,March,Pooja Sethi,Kochi,Home & Kitchen,Storage Container Set,4,6188,763
ORD00875,17-04-2023,April,Neha Reddy,Surat,Furniture,Sofa,2,44519,3584
ORD00876,08-05-2024,May,Sana Khan,Indore,Furniture,Desk,1,19549,4100
ORD00877,25-02-2023,February,Ishaan Gupta,Coimbatore,Office Supplies,Pen Pack,1,268,62
ORD00878,28-09-2022,September,Vikram Rao,Nagpur,Electronics,Mouse,1,2022,248
ORD00879,15-09-2024,September,Varun Chawla,Ahmedabad,Home & Kitchen,Mixer Grinder,1,5654,447
ORD00880,12-05-2024,May,Aditi Patel,Ahmedabad,Office Supplies,File Folder Set,1,681,156
ORD00881,03-06-2024,June,Priya Menon,Pune,Office Supplies,Printer Paper,1,456,104
ORD00882,21-12-2022,December,Neha Reddy,Hyderabad,Electronics,Monitor,2,45161,4045
ORD00883,07-09-2022,September,Devika Pillai,Surat,Electronics,Mouse,1,1697,378
ORD00884,29-12-2024,December,Varun Chawla,Kochi,Electronics,Smartphone,2,68395,12541
ORD00885,30-11-2022,November,Aarav Sharma,Chennai,Office Supplies,Printer Paper,2,621,60
ORD00886,09-08-2025,August,Sana Khan,Indore,Electronics,Smartphone,2,80190,5722
ORD00887,29-05-2025,May,Aditya Desai,Surat,Office Supplies,Printer Paper,1,366,62
ORD00888,07-05-2023,May,Ishaan Gupta,Jaipur,Electronics,Keyboard,2,5433,352
ORD00889,14-02-2022,February,Aditi Patel,Ahmedabad,Furniture,Office Chair,2,24906,5190
ORD00890,19-06-2025,June,Aarav Sharma,Jaipur,Electronics,Headphones,1,6541,701
ORD00891,12-10-2023,October,Aarav Sharma,Nagpur,Office Supplies,Desk Organizer,1,677,113
ORD00892,13-09-2025,September,Ishaan Gupta,Indore,Home & Kitchen,Cookware Set,4,25080,6555
ORD00893,05-12-2024,December,Meera Shah,Coimbatore,Office Supplies,Stapler,1,186,36
ORD00894,23-10-2024,October,Priya Menon,Hyderabad,Furniture,Dining Table,1,29339,2491
ORD00895,03-09-2023,September,Arjun Mehta,Surat,Electronics,Keyboard,4,15683,3197
ORD00896,09-01-2024,January,Ira Mukherjee,Lucknow,Office Supplies,Printer Paper,2,539,124
ORD00897,06-09-2023,September,Aarav Sharma,Mumbai,Furniture,Office Chair,2,23182,3886
ORD00898,11-10-2022,October,Diya Singh,Jaipur,Clothing,Jeans,1,1497,312
ORD00899,13-04-2024,April,Simran Kaur,Hyderabad,Electronics,Laptop,2,174889,30922
ORD00900,16-08-2022,August,Meera Shah,Surat,Electronics,Headphones,5,31057,3870
ORD00901,26-10-2022,October,Pooja Sethi,Indore,Home & Kitchen,Cookware Set,3,8830,1020
ORD00902,18-06-2024,June,Amit Verma,Kochi,Office Supplies,File Folder Set,2,939,175
ORD00903,23-07-2025,July,Tanvi Kulkarni,Chennai,Office Supplies,Stapler,1,285,37
ORD00904,21-05-2023,May,Pooja Sethi,Pune,Electronics,Tablet,2,37349,7650
ORD00905,14-10-2024,October,Zoya Das,Chennai,Furniture,Dining Table,1,35991,9383
ORD00906,31-03-2023,March,Karan Malhotra,Jaipur,Electronics,Laptop,1,81686,8204
ORD00907,21-04-2023,April,Neha Reddy,Ahmedabad,Electronics,Speaker,2,11795,2933
ORD00908,18-04-2024,April,Ishaan Gupta,Lucknow,Home & Kitchen,Air Fryer,1,5820,907
ORD00909,09-08-2024,August,Aarav Sharma,Nagpur,Office Supplies,Pen Pack,1,83,22
ORD00910,16-09-2024,September,Kabir Jain,Chennai,Office Supplies,Notebook Set,1,140,17
ORD00911,20-09-2024,September,Arjun Mehta,Bengaluru,Home & Kitchen,Water Bottle,4,2393,495
ORD00912,07-03-2025,March,Ananya Iyer,Bengaluru,Office Supplies,Desk Organizer,1,515,53
ORD00913,28-03-2024,March,Sana Khan,Lucknow,Clothing,T-Shirt,2,1774,138
ORD00914,26-12-2022,December,Neha Reddy,Bengaluru,Furniture,Bookshelf,2,18418,4495
ORD00915,20-07-2024,July,Meera Shah,Jaipur,Home & Kitchen,Mixer Grinder,4,27945,6927
ORD00916,09-12-2025,December,Arjun Mehta,Kochi,Furniture,Office Chair,1,13319,952
ORD00917,18-10-2022,October,Meera Shah,Ahmedabad,Furniture,Dining Table,1,28708,4746
ORD00918,06-09-2023,September,Aarav Sharma,Mumbai,Clothing,Jeans,3,7947,1763
ORD00919,18-07-2023,July,Aditi Patel,Indore,Clothing,T-Shirt,1,989,185
ORD00920,09-02-2025,February,Aditya Desai,Lucknow,Home & Kitchen,Table Lamp,1,1900,258
ORD00921,23-07-2022,July,Pooja Sethi,Hyderabad,Furniture,Office Chair,2,10446,2923
ORD00922,23-11-2022,November,Priya Menon,Jaipur,Home & Kitchen,Mixer Grinder,2,12722,2418
ORD00923,26-02-2022,February,Pooja Sethi,Nagpur,Furniture,Desk,2,20777,2588
ORD00924,05-03-2024,March,Ira Mukherjee,Ahmedabad,Electronics,Laptop,3,153750,13245
ORD00925,18-09-2024,September,Ishaan Gupta,Delhi,Office Supplies,Printer Paper,1,703,115
ORD00926,26-10-2023,October,Pooja Sethi,Coimbatore,Furniture,Dining Table,2,60382,9985
ORD00927,01-08-2023,August,Vikram Rao,Kolkata,Home & Kitchen,Cookware Set,4,21627,5770
ORD00928,04-09-2022,September,Sneha Bose,Kolkata,Electronics,Tablet,3,108425,11820
ORD00929,15-02-2024,February,Aarav Sharma,Ahmedabad,Clothing,Sneakers,1,4555,703
ORD00930,18-07-2022,July,Tanvi Kulkarni,Chennai,Office Supplies,Stapler,1,263,20
ORD00931,20-10-2023,October,Diya Singh,Pune,Home & Kitchen,Table Lamp,1,2201,463
ORD00932,30-05-2022,May,Vikram Rao,Hyderabad,Office Supplies,Notebook Set,1,625,48
ORD00933,26-04-2024,April,Varun Chawla,Nagpur,Furniture,Dining Table,2,24935,5201
ORD00934,07-09-2025,September,Riya Kapoor,Surat,Clothing,Backpack,1,761,135
ORD00935,27-04-2025,April,Shreya Ghosh,Chennai,Clothing,Formal Shirt,2,3032,431
ORD00936,19-11-2024,November,Meera Shah,Hyderabad,Furniture,Coffee Table,4,14740,2603
ORD00937,26-11-2024,November,Rohan Kulkarni,Chennai,Furniture,Office Chair,1,12354,1907
ORD00938,12-03-2022,March,Aditya Desai,Bengaluru,Home & Kitchen,Cookware Set,2,7242,478
ORD00939,14-06-2023,June,Ananya Iyer,Chennai,Electronics,Laptop,1,90801,10039
ORD00940,19-10-2025,October,Sana Khan,Coimbatore,Home & Kitchen,Table Lamp,1,2242,343
ORD00941,23-06-2024,June,Aditya Desai,Kochi,Clothing,Jacket,3,14338,1527
ORD00942,06-11-2023,November,Rohan Kulkarni,Nagpur,Furniture,Desk,1,15895,3248
ORD00943,30-12-2022,December,Pooja Sethi,Kochi,Furniture,Office Chair,1,8379,616
ORD00944,16-06-2024,June,Priya Menon,Hyderabad,Clothing,T-Shirt,1,634,137
ORD00945,19-01-2025,January,Varun Chawla,Ahmedabad,Clothing,Formal Shirt,2,5031,626
ORD00946,04-04-2022,April,Ishaan Gupta,Mumbai,Electronics,Mouse,2,972,140
ORD00947,14-10-2025,October,Sneha Bose,Coimbatore,Electronics,Mouse,3,1455,353
ORD00948,25-02-2024,February,Nikhil Bansal,Mumbai,Furniture,Dining Table,4,39911,8743
ORD00949,12-11-2024,November,Rohan Kulkarni,Kochi,Office Supplies,Stapler,1,277,25
ORD00950,22-12-2023,December,Varun Chawla,Kochi,Office Supplies,Pen Pack,1,312,73
ORD00951,23-04-2023,April,Rohan Kulkarni,Jaipur,Office Supplies,Printer Paper,5,4282,629
ORD00952,24-05-2025,May,Nikhil Bansal,Mumbai,Electronics,Speaker,3,15549,4334
ORD00953,09-12-2024,December,Arjun Mehta,Coimbatore,Electronics,Keyboard,4,3094,290
ORD00954,10-08-2022,August,Neha Reddy,Hyderabad,Electronics,Keyboard,1,2327,358
ORD00955,21-04-2023,April,Devika Pillai,Indore,Furniture,Office Chair,1,6561,788
ORD00956,20-09-2022,September,Kabir Jain,Mumbai,Electronics,Monitor,2,23825,2182
ORD00957,01-08-2022,August,Neha Reddy,Jaipur,Home & Kitchen,Mixer Grinder,2,8192,1278
ORD00958,30-08-2024,August,Arjun Mehta,Kolkata,Furniture,Dining Table,2,31423,5261
ORD00959,20-04-2023,April,Vikram Rao,Hyderabad,Furniture,Office Chair,1,8157,1802
ORD00960,14-02-2024,February,Karan Malhotra,Hyderabad,Home & Kitchen,Water Bottle,3,1331,100
ORD00961,08-07-2025,July,Riya Kapoor,Hyderabad,Home & Kitchen,Water Bottle,2,512,76
ORD00962,01-01-2023,January,Devika Pillai,Coimbatore,Home & Kitchen,Mixer Grinder,1,9616,1435
ORD00963,13-06-2023,June,Aarav Sharma,Mumbai,Furniture,Office Chair,1,12334,1498
ORD00964,05-04-2024,April,Simran Kaur,Chennai,Electronics,Headphones,1,3927,371
ORD00965,06-05-2024,May,Aditya Desai,Mumbai,Clothing,T-Shirt,1,748,201
ORD00966,08-10-2022,October,Kavya Nair,Kolkata,Electronics,Tablet,1,26187,6587
ORD00967,20-10-2024,October,Karan Malhotra,Kochi,Home & Kitchen,Storage Container Set,5,6304,1140
ORD00968,20-11-2024,November,Riya Kapoor,Surat,Furniture,Bookshelf,2,15550,1226
ORD00969,27-06-2025,June,Varun Chawla,Nagpur,Office Supplies,File Folder Set,2,1256,196
ORD00970,13-05-2022,May,Pooja Sethi,Lucknow,Electronics,Headphones,1,7960,639
ORD00971,23-02-2025,February,Varun Chawla,Coimbatore,Electronics,Laptop,2,153965,20904
ORD00972,28-10-2024,October,Rahul Joshi,Coimbatore,Furniture,Coffee Table,1,8038,1816
ORD00973,08-03-2024,March,Aditya Desai,Lucknow,Office Supplies,Desk Organizer,1,557,117
ORD00974,01-06-2022,June,Aarav Sharma,Pune,Electronics,Smartphone,6,156838,21565
ORD00975,31-01-2025,January,Rohan Kulkarni,Kolkata,Electronics,Mouse,2,970,152
ORD00976,23-10-2023,October,Aarav Sharma,Hyderabad,Office Supplies,Pen Pack,2,637,159
ORD00977,25-05-2023,May,Aditi Patel,Kochi,Electronics,Headphones,1,1286,297
ORD00978,29-05-2024,May,Neha Reddy,Bengaluru,Furniture,Dining Table,1,35229,9818
ORD00979,03-06-2023,June,Sneha Bose,Nagpur,Clothing,Sneakers,5,21977,5059
ORD00980,10-03-2023,March,Amit Verma,Ahmedabad,Clothing,Backpack,2,1768,159
ORD00981,13-03-2022,March,Manish Yadav,Nagpur,Electronics,Laptop,2,112405,9498
ORD00982,04-08-2023,August,Zoya Das,Mumbai,Clothing,Jeans,1,3149,248
ORD00983,28-12-2023,December,Aditi Patel,Jaipur,Electronics,Headphones,1,3387,749
ORD00984,02-02-2022,February,Pooja Sethi,Surat,Home & Kitchen,Mixer Grinder,1,8941,1202
ORD00985,18-10-2023,October,Kavya Nair,Bengaluru,Furniture,Bookshelf,4,26355,7084
ORD00986,19-07-2025,July,Varun Chawla,Bengaluru,Electronics,Tablet,1,17981,1563
ORD00987,18-07-2024,July,Diya Singh,Chennai,Office Supplies,Pen Pack,1,205,51
ORD00988,12-06-2023,June,Karan Malhotra,Jaipur,Electronics,Laptop,3,156411,23088
ORD00989,09-09-2022,September,Karan Malhotra,Indore,Furniture,Sofa,1,24100,4326
ORD00990,01-09-2024,September,Neha Reddy,Delhi,Home & Kitchen,Air Fryer,1,6667,1133
ORD00991,25-12-2022,December,Arjun Mehta,Mumbai,Clothing,Formal Shirt,1,705,82
ORD00992,17-11-2024,November,Sneha Bose,Kochi,Clothing,Jeans,1,939,214
ORD00993,28-02-2023,February,Varun Chawla,Kolkata,Home & Kitchen,Mixer Grinder,2,13131,3229
ORD00994,09-01-2025,January,Aditi Patel,Nagpur,Electronics,Keyboard,1,987,176
ORD00995,13-08-2023,August,Tanvi Kulkarni,Indore,Office Supplies,Pen Pack,1,300,58
ORD00996,07-03-2023,March,Shreya Ghosh,Delhi,Clothing,Sneakers,4,6748,1017
ORD00997,13-03-2023,March,Aditya Desai,Nagpur,Furniture,Dining Table,1,12064,2718
ORD00998,01-08-2023,August,Ananya Iyer,Chennai,Clothing,Jeans,2,6631,474
ORD00999,01-05-2023,May,Karan Malhotra,Kolkata,Clothing,Jeans,4,11458,3146
ORD01000,10-06-2025,June,Meera Shah,Chennai,Office Supplies,File Folder Set,1,280,24
ORD01001,30-03-2023,March,Ira Mukherjee,Mumbai,Furniture,Sofa,2,63648,14433
ORD01002,01-03-2023,March,Zoya Das,Surat,Electronics,Monitor,1,14125,2213
ORD01003,25-11-2022,November,Nikhil Bansal,Lucknow,Electronics,Headphones,1,2359,168
ORD01004,22-11-2024,November,Arjun Mehta,Coimbatore,Electronics,Mouse,3,3616,581
ORD01005,10-02-2023,February,Aditya Desai,Kolkata,Electronics,Headphones,2,3841,454
ORD01006,29-07-2023,July,Priya Menon,Ahmedabad,Electronics,Laptop,1,85866,11643
ORD01007,31-10-2025,October,Diya Singh,Delhi,Electronics,Headphones,2,11472,1580
ORD01008,21-04-2025,April,Simran Kaur,Nagpur,Office Supplies,Notebook Set,2,1069,284
ORD01009,06-06-2023,June,Manish Yadav,Surat,Clothing,Formal Shirt,1,2255,470
ORD01010,16-07-2025,July,Kavya Nair,Surat,Office Supplies,File Folder Set,1,576,94
ORD01011,25-12-2025,December,Amit Verma,Bengaluru,Furniture,Dining Table,1,13407,1295
ORD01012,12-04-2024,April,Karan Malhotra,Bengaluru,Furniture,Bookshelf,1,10554,1465
ORD01013,22-10-2024,October,Ananya Iyer,Bengaluru,Home & Kitchen,Cookware Set,1,8816,1167
ORD01014,19-05-2023,May,Pooja Sethi,Hyderabad,Home & Kitchen,Storage Container Set,1,1679,449
ORD01015,09-06-2025,June,Kavya Nair,Jaipur,Home & Kitchen,Cookware Set,3,27040,3928
ORD01016,25-07-2023,July,Diya Singh,Mumbai,Electronics,Mouse,6,8632,1384
ORD01017,04-11-2023,November,Arjun Mehta,Chennai,Clothing,Formal Shirt,1,2549,338
ORD01018,10-03-2023,March,Aditi Patel,Coimbatore,Furniture,Bookshelf,1,10165,2174
ORD01019,28-12-2024,December,Amit Verma,Bengaluru,Electronics,Tablet,2,23891,2016
ORD01020,30-10-2025,October,Diya Singh,Ahmedabad,Office Supplies,Stapler,2,620,42
ORD01021,05-01-2024,January,Sana Khan,Indore,Office Supplies,Pen Pack,1,168,25
ORD01022,14-09-2023,September,Pooja Sethi,Delhi,Clothing,Backpack,1,2099,562
ORD01023,12-09-2025,September,Pooja Sethi,Lucknow,Furniture,Coffee Table,2,18181,1440
ORD01024,02-12-2023,December,Kavya Nair,Chennai,Electronics,Speaker,1,1998,134
ORD01025,29-05-2024,May,Nikhil Bansal,Chennai,Office Supplies,File Folder Set,1,682,106
ORD01026,24-03-2025,March,Kabir Jain,Coimbatore,Electronics,Speaker,5,16197,1960
ORD01027,18-04-2022,April,Aarav Sharma,Ahmedabad,Furniture,Sofa,1,16837,3571
ORD01028,28-01-2023,January,Nikhil Bansal,Kolkata,Electronics,Smartphone,1,15830,2178
ORD01029,02-02-2022,February,Nikhil Bansal,Chennai,Home & Kitchen,Water Bottle,1,238,18
ORD01030,17-03-2024,March,Riya Kapoor,Lucknow,Furniture,Sofa,1,33492,8304
ORD01031,07-03-2024,March,Arjun Mehta,Mumbai,Home & Kitchen,Cookware Set,1,7802,634
ORD01032,26-11-2022,November,Devika Pillai,Delhi,Electronics,Keyboard,1,2398,428
ORD01033,18-10-2022,October,Manish Yadav,Delhi,Electronics,Speaker,1,3152,281
ORD01034,25-03-2025,March,Aditya Desai,Delhi,Home & Kitchen,Cookware Set,3,8022,2243
ORD01035,19-07-2025,July,Ananya Iyer,Coimbatore,Furniture,Bookshelf,1,9482,735
ORD01036,01-03-2022,March,Sneha Bose,Hyderabad,Clothing,T-Shirt,1,452,50
ORD01037,13-11-2024,November,Kavya Nair,Jaipur,Furniture,Office Chair,2,27579,2101
ORD01038,07-03-2025,March,Zoya Das,Lucknow,Home & Kitchen,Air Fryer,2,18046,1729
ORD01039,26-09-2024,September,Manish Yadav,Kochi,Electronics,Smartphone,1,64047,15633
ORD01040,20-12-2022,December,Rahul Joshi,Ahmedabad,Electronics,Tablet,3,85947,22948
ORD01041,30-01-2025,January,Diya Singh,Nagpur,Clothing,Sneakers,2,3225,758
ORD01042,11-03-2025,March,Manish Yadav,Indore,Furniture,Sofa,1,44755,4879
ORD01043,17-03-2022,March,Pooja Sethi,Kolkata,Furniture,Office Chair,1,14397,3937
ORD01044,03-07-2025,July,Diya Singh,Nagpur,Electronics,Speaker,1,3958,360
ORD01045,26-10-2024,October,Pooja Sethi,Jaipur,Furniture,Coffee Table,1,6131,1336
ORD01046,25-08-2024,August,Diya Singh,Chennai,Electronics,Smartphone,2,58385,13985
ORD01047,12-01-2024,January,Tanvi Kulkarni,Chennai,Office Supplies,Printer Paper,3,969,85
ORD01048,11-04-2022,April,Ananya Iyer,Pune,Electronics,Laptop,3,256605,18078
ORD01049,09-04-2023,April,Varun Chawla,Lucknow,Furniture,Sofa,3,99128,6728
ORD01050,28-06-2022,June,Kabir Jain,Nagpur,Electronics,Tablet,4,77824,21626
ORD01051,08-10-2024,October,Pooja Sethi,Coimbatore,Furniture,Office Chair,2,21214,5476
ORD01052,22-08-2022,August,Ishaan Gupta,Chennai,Home & Kitchen,Cookware Set,1,7755,791
ORD01053,18-10-2025,October,Ishaan Gupta,Chennai,Home & Kitchen,Mixer Grinder,1,9996,681
ORD01054,09-05-2023,May,Riya Kapoor,Coimbatore,Office Supplies,Desk Organizer,2,411,88
ORD01055,24-10-2024,October,Rahul Joshi,Lucknow,Office Supplies,File Folder Set,3,942,220
ORD01056,31-03-2024,March,Karan Malhotra,Kolkata,Electronics,Speaker,1,5620,1493
ORD01057,25-09-2023,September,Tanvi Kulkarni,Delhi,Office Supplies,Desk Organizer,2,943,117
ORD01058,19-02-2022,February,Amit Verma,Bengaluru,Electronics,Headphones,3,23960,1760
ORD01059,13-12-2025,December,Aditya Desai,Kochi,Electronics,Laptop,1,91894,16374
ORD01060,29-09-2022,September,Rohan Kulkarni,Kochi,Home & Kitchen,Air Fryer,3,41245,6104
ORD01061,04-08-2024,August,Aarav Sharma,Delhi,Clothing,Jacket,4,15567,4163
ORD01062,12-05-2022,May,Sana Khan,Jaipur,Clothing,Backpack,3,2480,656
ORD01063,16-05-2023,May,Varun Chawla,Pune,Office Supplies,Notebook Set,3,1593,129
ORD01064,09-03-2022,March,Varun Chawla,Indore,Office Supplies,Pen Pack,1,311,61
ORD01065,05-12-2025,December,Ananya Iyer,Lucknow,Electronics,Headphones,3,16996,3599
ORD01066,23-08-2023,August,Neha Reddy,Delhi,Office Supplies,Pen Pack,2,301,51
ORD01067,10-10-2024,October,Diya Singh,Indore,Furniture,Coffee Table,1,2482,155
ORD01068,03-02-2022,February,Kavya Nair,Ahmedabad,Home & Kitchen,Cookware Set,2,6149,1679
ORD01069,15-01-2023,January,Neha Reddy,Hyderabad,Electronics,Headphones,1,7879,1446
ORD01070,25-03-2024,March,Vikram Rao,Jaipur,Office Supplies,Notebook Set,5,869,149
ORD01071,16-11-2022,November,Priya Menon,Ahmedabad,Furniture,Desk,1,6286,1304
ORD01072,29-05-2024,May,Arjun Mehta,Bengaluru,Clothing,Jeans,1,877,135
ORD01073,02-06-2024,June,Sana Khan,Indore,Furniture,Desk,1,5878,1600
ORD01074,02-11-2025,November,Arjun Mehta,Bengaluru,Electronics,Tablet,6,56395,5895
ORD01075,09-11-2023,November,Varun Chawla,Delhi,Home & Kitchen,Water Bottle,1,636,58
ORD01076,29-01-2024,January,Aditya Desai,Bengaluru,Home & Kitchen,Table Lamp,2,5335,1070
ORD01077,13-01-2024,January,Sana Khan,Kolkata,Clothing,Jeans,2,4955,552
ORD01078,22-08-2022,August,Neha Reddy,Surat,Furniture,Bookshelf,1,11108,2367
ORD01079,15-10-2024,October,Nikhil Bansal,Indore,Office Supplies,Pen Pack,1,93,17
ORD01080,19-06-2023,June,Karan Malhotra,Surat,Furniture,Dining Table,1,19765,1901
ORD01081,01-03-2023,March,Priya Menon,Kochi,Furniture,Bookshelf,2,16524,1414
ORD01082,11-08-2023,August,Kabir Jain,Kolkata,Electronics,Keyboard,5,13813,2009
ORD01083,27-07-2025,July,Neha Reddy,Hyderabad,Furniture,Bookshelf,4,32547,8209
ORD01084,10-01-2025,January,Varun Chawla,Kolkata,Home & Kitchen,Cookware Set,4,20899,2648
ORD01085,22-09-2024,September,Arjun Mehta,Mumbai,Clothing,Sneakers,1,3856,929
ORD01086,16-09-2024,September,Priya Menon,Bengaluru,Furniture,Sofa,1,39096,5157
ORD01087,13-03-2024,March,Sneha Bose,Coimbatore,Clothing,Backpack,3,6972,473
ORD01088,14-05-2022,May,Meera Shah,Indore,Electronics,Laptop,4,295012,42035
ORD01089,25-03-2023,March,Sneha Bose,Coimbatore,Home & Kitchen,Cookware Set,1,2666,383
ORD01090,01-03-2022,March,Shreya Ghosh,Lucknow,Home & Kitchen,Air Fryer,2,23798,1814
ORD01091,02-05-2024,May,Vikram Rao,Chennai,Electronics,Tablet,1,29553,7680
ORD01092,21-11-2024,November,Aarav Sharma,Delhi,Electronics,Headphones,2,15240,2317
ORD01093,22-04-2022,April,Meera Shah,Kochi,Office Supplies,Notebook Set,1,553,141
ORD01094,20-11-2022,November,Ira Mukherjee,Mumbai,Clothing,Jacket,1,5761,1025
ORD01095,01-09-2022,September,Amit Verma,Jaipur,Electronics,Monitor,1,23160,6436
ORD01096,12-05-2024,May,Kavya Nair,Pune,Electronics,Keyboard,1,1450,241
ORD01097,03-12-2024,December,Shreya Ghosh,Ahmedabad,Office Supplies,Stapler,2,332,47
ORD01098,08-01-2024,January,Rahul Joshi,Chennai,Office Supplies,File Folder Set,4,1561,133
ORD01099,02-04-2023,April,Ira Mukherjee,Delhi,Clothing,Jeans,3,9298,2420
ORD01100,19-12-2024,December,Rohan Kulkarni,Nagpur,Office Supplies,Printer Paper,1,476,63
ORD01101,17-08-2025,August,Priya Menon,Indore,Electronics,Headphones,1,2990,479
ORD01102,14-02-2023,February,Simran Kaur,Indore,Clothing,T-Shirt,1,667,117
ORD01103,08-06-2022,June,Priya Menon,Bengaluru,Clothing,Sneakers,1,1841,346
ORD01104,30-12-2023,December,Ira Mukherjee,Nagpur,Clothing,Formal Shirt,1,878,229
ORD01105,02-02-2024,February,Shreya Ghosh,Bengaluru,Home & Kitchen,Storage Container Set,1,580,93
ORD01106,18-08-2023,August,Sneha Bose,Bengaluru,Furniture,Desk,1,13940,2179
ORD01107,17-10-2024,October,Simran Kaur,Kolkata,Clothing,Backpack,6,6668,1592
ORD01108,22-04-2022,April,Amit Verma,Ahmedabad,Home & Kitchen,Water Bottle,2,1378,87
ORD01109,08-05-2023,May,Karan Malhotra,Hyderabad,Furniture,Desk,2,9832,1371
ORD01110,22-03-2023,March,Aarav Sharma,Surat,Home & Kitchen,Water Bottle,1,679,126
ORD01111,27-08-2025,August,Karan Malhotra,Nagpur,Furniture,Dining Table,1,33408,2534
ORD01112,14-10-2025,October,Aarav Sharma,Indore,Clothing,Formal Shirt,1,1852,417
ORD01113,29-03-2023,March,Neha Reddy,Delhi,Office Supplies,Stapler,3,863,141
ORD01114,07-08-2024,August,Pooja Sethi,Lucknow,Home & Kitchen,Table Lamp,2,1798,468
ORD01115,10-05-2022,May,Meera Shah,Bengaluru,Clothing,Backpack,1,774,214
ORD01116,17-01-2023,January,Rahul Joshi,Bengaluru,Home & Kitchen,Table Lamp,1,621,112
ORD01117,26-08-2025,August,Tanvi Kulkarni,Kolkata,Home & Kitchen,Storage Container Set,3,3347,793
ORD01118,03-12-2025,December,Rohan Kulkarni,Coimbatore,Office Supplies,Printer Paper,2,1597,153
ORD01119,04-06-2022,June,Ishaan Gupta,Ahmedabad,Office Supplies,File Folder Set,3,698,58
ORD01120,05-07-2023,July,Sneha Bose,Ahmedabad,Electronics,Speaker,1,1834,252
ORD01121,19-03-2025,March,Vikram Rao,Surat,Office Supplies,Pen Pack,2,497,125
ORD01122,03-02-2024,February,Devika Pillai,Surat,Electronics,Laptop,3,168378,19545
ORD01123,30-10-2023,October,Ishaan Gupta,Coimbatore,Clothing,Formal Shirt,2,5498,936
ORD01124,26-04-2023,April,Kabir Jain,Pune,Furniture,Office Chair,3,12542,1918
ORD01125,29-12-2022,December,Varun Chawla,Chennai,Electronics,Smartphone,2,118631,30718
ORD01126,17-01-2022,January,Manish Yadav,Coimbatore,Office Supplies,Stapler,3,997,166
ORD01127,07-04-2022,April,Devika Pillai,Surat,Office Supplies,Stapler,2,639,50
ORD01128,29-08-2025,August,Nikhil Bansal,Indore,Office Supplies,Pen Pack,2,534,106
ORD01129,29-03-2022,March,Riya Kapoor,Coimbatore,Office Supplies,Pen Pack,1,162,35
ORD01130,21-10-2024,October,Sana Khan,Pune,Home & Kitchen,Air Fryer,1,11277,3051
ORD01131,31-01-2025,January,Kabir Jain,Pune,Home & Kitchen,Table Lamp,1,1944,129
ORD01132,26-12-2024,December,Rahul Joshi,Hyderabad,Furniture,Bookshelf,1,7957,1062
ORD01133,13-01-2022,January,Arjun Mehta,Mumbai,Electronics,Tablet,2,23094,4872
ORD01134,02-09-2024,September,Ananya Iyer,Hyderabad,Clothing,Jeans,2,4495,1234
ORD01135,21-02-2025,February,Shreya Ghosh,Hyderabad,Office Supplies,File Folder Set,3,1762,289
ORD01136,26-06-2023,June,Ishaan Gupta,Kolkata,Home & Kitchen,Storage Container Set,4,3497,831
ORD01137,18-03-2025,March,Aditi Patel,Delhi,Electronics,Monitor,5,64994,12797
ORD01138,15-06-2022,June,Amit Verma,Lucknow,Home & Kitchen,Water Bottle,2,569,150
ORD01139,15-10-2025,October,Vikram Rao,Coimbatore,Electronics,Tablet,3,41938,5121
ORD01140,28-03-2023,March,Diya Singh,Delhi,Electronics,Mouse,2,3043,794
ORD01141,15-07-2023,July,Meera Shah,Kolkata,Clothing,T-Shirt,2,1222,281
ORD01142,30-08-2024,August,Kavya Nair,Surat,Clothing,T-Shirt,1,1132,242
ORD01143,02-01-2022,January,Kavya Nair,Ahmedabad,Office Supplies,Printer Paper,1,919,72
ORD01144,30-05-2024,May,Nikhil Bansal,Chennai,Home & Kitchen,Mixer Grinder,1,3046,746
ORD01145,15-07-2024,July,Priya Menon,Kolkata,Furniture,Dining Table,2,35750,5040
ORD01146,13-01-2022,January,Aditi Patel,Hyderabad,Clothing,Sneakers,3,13707,924
ORD01147,29-06-2022,June,Rahul Joshi,Kochi,Electronics,Headphones,1,1693,453
ORD01148,12-03-2023,March,Zoya Das,Surat,Electronics,Mouse,1,1382,294
ORD01149,11-12-2025,December,Diya Singh,Indore,Office Supplies,Stapler,2,521,34
ORD01150,09-06-2024,June,Amit Verma,Lucknow,Furniture,Bookshelf,2,7121,1115
ORD01151,20-04-2023,April,Shreya Ghosh,Bengaluru,Office Supplies,Stapler,4,1147,183
ORD01152,18-12-2023,December,Amit Verma,Kolkata,Office Supplies,Pen Pack,2,148,32
ORD01153,07-02-2022,February,Nikhil Bansal,Kolkata,Office Supplies,Notebook Set,3,1365,222
ORD01154,11-04-2025,April,Karan Malhotra,Kolkata,Electronics,Keyboard,3,5278,1326
ORD01155,13-08-2022,August,Aarav Sharma,Kochi,Clothing,Sneakers,2,9385,1264
ORD01156,19-09-2022,September,Tanvi Kulkarni,Chennai,Office Supplies,Desk Organizer,3,3392,947
ORD01157,01-08-2023,August,Rohan Kulkarni,Lucknow,Furniture,Dining Table,1,31674,2498
ORD01158,08-03-2024,March,Riya Kapoor,Lucknow,Office Supplies,Notebook Set,1,416,110
ORD01159,17-06-2023,June,Varun Chawla,Hyderabad,Home & Kitchen,Air Fryer,1,7754,1472
ORD01160,28-01-2023,January,Riya Kapoor,Chennai,Home & Kitchen,Cookware Set,2,5698,961
ORD01161,27-05-2025,May,Karan Malhotra,Chennai,Electronics,Speaker,2,11807,1624
ORD01162,04-01-2025,January,Rahul Joshi,Hyderabad,Home & Kitchen,Cookware Set,4,26266,7339
ORD01163,11-07-2023,July,Rohan Kulkarni,Nagpur,Electronics,Mouse,2,1171,289
ORD01164,20-07-2023,July,Karan Malhotra,Kochi,Electronics,Speaker,3,17446,1892
ORD01165,27-01-2022,January,Amit Verma,Bengaluru,Clothing,Backpack,2,3132,281
ORD01166,30-04-2022,April,Vikram Rao,Kochi,Furniture,Coffee Table,3,28406,6569
ORD01167,02-01-2024,January,Tanvi Kulkarni,Delhi,Furniture,Coffee Table,1,4840,1058
ORD01168,30-07-2023,July,Neha Reddy,Nagpur,Office Supplies,Stapler,3,352,81
ORD01169,14-01-2023,January,Amit Verma,Ahmedabad,Home & Kitchen,Cookware Set,1,6195,969
ORD01170,10-01-2025,January,Sneha Bose,Chennai,Electronics,Speaker,2,16274,2517
ORD01171,14-01-2025,January,Aarav Sharma,Jaipur,Office Supplies,Stapler,1,325,54
ORD01172,07-01-2022,January,Devika Pillai,Surat,Furniture,Desk,2,16029,1506
ORD01173,18-09-2023,September,Vikram Rao,Chennai,Office Supplies,Printer Paper,2,1368,266
ORD01174,10-12-2022,December,Aarav Sharma,Delhi,Electronics,Laptop,4,236892,64349
ORD01175,29-08-2023,August,Ananya Iyer,Chennai,Furniture,Dining Table,2,30273,8323
ORD01176,11-08-2022,August,Rahul Joshi,Chennai,Home & Kitchen,Storage Container Set,1,588,123
ORD01177,25-04-2025,April,Sneha Bose,Ahmedabad,Office Supplies,Pen Pack,1,111,11
ORD01178,08-02-2024,February,Amit Verma,Mumbai,Home & Kitchen,Storage Container Set,5,7797,1422
ORD01179,27-03-2022,March,Vikram Rao,Lucknow,Home & Kitchen,Table Lamp,1,3138,555
ORD01180,13-04-2025,April,Shreya Ghosh,Surat,Office Supplies,Pen Pack,1,81,22
ORD01181,15-11-2024,November,Karan Malhotra,Jaipur,Electronics,Mouse,1,2184,154
ORD01182,27-08-2024,August,Aditya Desai,Nagpur,Home & Kitchen,Air Fryer,1,7952,958
ORD01183,23-04-2024,April,Kavya Nair,Ahmedabad,Office Supplies,Desk Organizer,5,5563,1000
ORD01184,17-10-2024,October,Ananya Iyer,Pune,Home & Kitchen,Water Bottle,1,898,117
ORD01185,03-10-2022,October,Rohan Kulkarni,Nagpur,Furniture,Coffee Table,5,50494,3258
ORD01186,21-03-2025,March,Ira Mukherjee,Hyderabad,Electronics,Smartphone,2,36161,6978
ORD01187,11-05-2022,May,Devika Pillai,Indore,Electronics,Smartphone,1,36855,3355
ORD01188,13-02-2022,February,Vikram Rao,Delhi,Furniture,Dining Table,5,93628,25441
ORD01189,28-06-2023,June,Arjun Mehta,Jaipur,Electronics,Speaker,3,21033,3354
ORD01190,30-03-2024,March,Karan Malhotra,Jaipur,Furniture,Coffee Table,4,40145,10532
ORD01191,16-09-2024,September,Diya Singh,Surat,Home & Kitchen,Cookware Set,2,9317,1083
ORD01192,31-03-2024,March,Aditi Patel,Lucknow,Clothing,Jacket,1,2513,151
ORD01193,09-08-2022,August,Pooja Sethi,Indore,Electronics,Laptop,2,113638,20897
ORD01194,03-07-2024,July,Ira Mukherjee,Pune,Home & Kitchen,Mixer Grinder,3,30705,3835
ORD01195,05-10-2022,October,Sana Khan,Chennai,Electronics,Monitor,3,72547,9279
ORD01196,03-01-2025,January,Aarav Sharma,Coimbatore,Office Supplies,Stapler,2,717,156
ORD01197,05-12-2025,December,Arjun Mehta,Mumbai,Electronics,Mouse,3,4313,317
ORD01198,01-10-2023,October,Kabir Jain,Bengaluru,Office Supplies,Stapler,4,1791,402
ORD01199,07-12-2023,December,Devika Pillai,Nagpur,Electronics,Keyboard,1,1439,240
ORD01200,23-11-2024,November,Priya Menon,Nagpur,Office Supplies,File Folder Set,5,3156,452
ORD01201,15-04-2022,April,Rohan Kulkarni,Lucknow,Home & Kitchen,Table Lamp,1,2129,554
ORD01202,11-05-2022,May,Amit Verma,Coimbatore,Office Supplies,Pen Pack,4,546,85
ORD01203,04-07-2024,July,Ishaan Gupta,Indore,Office Supplies,Stapler,1,251,31
ORD01204,16-10-2025,October,Pooja Sethi,Mumbai,Clothing,T-Shirt,1,463,38
ORD01205,04-05-2024,May,Manish Yadav,Ahmedabad,Electronics,Smartphone,1,35841,8377
ORD01206,02-12-2025,December,Tanvi Kulkarni,Delhi,Electronics,Speaker,3,11707,2606
ORD01207,05-10-2023,October,Rahul Joshi,Indore,Office Supplies,Pen Pack,2,276,75
ORD01208,14-08-2023,August,Neha Reddy,Coimbatore,Electronics,Monitor,2,28891,7308
ORD01209,06-02-2025,February,Kabir Jain,Jaipur,Furniture,Desk,1,13084,2632
ORD01210,13-02-2022,February,Ira Mukherjee,Pune,Electronics,Keyboard,1,3404,788
ORD01211,28-07-2022,July,Riya Kapoor,Indore,Furniture,Sofa,1,47259,7435
ORD01212,24-03-2024,March,Nikhil Bansal,Jaipur,Home & Kitchen,Table Lamp,1,2805,267
ORD01213,07-10-2024,October,Sneha Bose,Surat,Office Supplies,Printer Paper,5,4058,1130
ORD01214,21-12-2024,December,Ananya Iyer,Nagpur,Home & Kitchen,Table Lamp,1,1435,398
ORD01215,14-09-2024,September,Zoya Das,Nagpur,Furniture,Office Chair,2,27571,2498
ORD01216,17-05-2023,May,Rohan Kulkarni,Delhi,Furniture,Sofa,4,161288,22349
ORD01217,17-11-2023,November,Zoya Das,Coimbatore,Office Supplies,Desk Organizer,2,1198,141
ORD01218,05-04-2024,April,Tanvi Kulkarni,Indore,Home & Kitchen,Air Fryer,2,26634,5017
ORD01219,10-05-2025,May,Arjun Mehta,Pune,Furniture,Dining Table,3,106750,17597
ORD01220,09-06-2022,June,Arjun Mehta,Bengaluru,Office Supplies,File Folder Set,1,280,35
ORD01221,05-05-2022,May,Aditi Patel,Surat,Clothing,Jeans,1,3236,901
ORD01222,20-09-2023,September,Shreya Ghosh,Delhi,Home & Kitchen,Cookware Set,2,10623,1975
ORD01223,15-01-2023,January,Arjun Mehta,Jaipur,Office Supplies,Pen Pack,5,1557,317
ORD01224,09-06-2025,June,Rohan Kulkarni,Bengaluru,Electronics,Headphones,3,14978,1232
ORD01225,31-05-2022,May,Kavya Nair,Surat,Home & Kitchen,Water Bottle,2,1787,455
ORD01226,13-07-2022,July,Aditi Patel,Delhi,Electronics,Headphones,2,9157,987
ORD01227,29-09-2023,September,Arjun Mehta,Jaipur,Clothing,Sneakers,1,2492,627
ORD01228,30-11-2025,November,Rahul Joshi,Chennai,Furniture,Coffee Table,1,7590,515
ORD01229,01-01-2024,January,Meera Shah,Bengaluru,Electronics,Headphones,1,6410,548
ORD01230,23-09-2023,September,Nikhil Bansal,Chennai,Home & Kitchen,Storage Container Set,1,1575,95
ORD01231,11-04-2024,April,Neha Reddy,Bengaluru,Clothing,T-Shirt,1,1149,298
ORD01232,15-09-2025,September,Meera Shah,Kolkata,Office Supplies,Pen Pack,1,258,43
ORD01233,25-05-2024,May,Meera Shah,Delhi,Office Supplies,File Folder Set,1,669,120
ORD01234,15-05-2024,May,Aditi Patel,Kochi,Electronics,Keyboard,4,13499,3490
ORD01235,21-09-2025,September,Aarav Sharma,Ahmedabad,Clothing,Jacket,3,5149,860
ORD01236,18-08-2023,August,Amit Verma,Delhi,Electronics,Monitor,2,48404,12812
ORD01237,27-01-2025,January,Arjun Mehta,Bengaluru,Office Supplies,Stapler,4,968,147
ORD01238,26-05-2025,May,Karan Malhotra,Bengaluru,Office Supplies,Desk Organizer,1,305,50
ORD01239,28-04-2025,April,Rohan Kulkarni,Pune,Office Supplies,Pen Pack,2,547,103
ORD01240,05-04-2025,April,Zoya Das,Lucknow,Electronics,Smartphone,2,132031,8481
ORD01241,16-07-2022,July,Pooja Sethi,Bengaluru,Clothing,Jeans,1,2014,296
ORD01242,25-12-2024,December,Simran Kaur,Delhi,Office Supplies,File Folder Set,1,361,57
ORD01243,25-08-2024,August,Kabir Jain,Surat,Home & Kitchen,Storage Container Set,3,1728,395
ORD01244,21-11-2024,November,Diya Singh,Delhi,Office Supplies,File Folder Set,2,510,140
ORD01245,27-11-2023,November,Pooja Sethi,Indore,Office Supplies,Desk Organizer,2,1907,509
ORD01246,16-09-2024,September,Rahul Joshi,Jaipur,Electronics,Mouse,1,2163,404
ORD01247,03-12-2025,December,Karan Malhotra,Lucknow,Office Supplies,Stapler,2,620,124
ORD01248,26-08-2023,August,Aditi Patel,Lucknow,Home & Kitchen,Storage Container Set,3,2472,411
ORD01249,07-05-2022,May,Sneha Bose,Kochi,Furniture,Sofa,1,58653,14373
ORD01250,20-01-2024,January,Kavya Nair,Coimbatore,Home & Kitchen,Water Bottle,2,1095,149
ORD01251,01-06-2022,June,Aditi Patel,Pune,Home & Kitchen,Cookware Set,3,26051,6898
ORD01252,09-12-2022,December,Riya Kapoor,Hyderabad,Home & Kitchen,Air Fryer,2,22952,3740
ORD01253,01-04-2024,April,Aarav Sharma,Ahmedabad,Electronics,Monitor,4,49581,11933
ORD01254,05-08-2025,August,Ananya Iyer,Coimbatore,Office Supplies,Stapler,1,446,104
ORD01255,21-12-2025,December,Ira Mukherjee,Jaipur,Furniture,Dining Table,4,39519,10396
ORD01256,22-03-2023,March,Pooja Sethi,Kolkata,Clothing,Backpack,3,4616,515
ORD01257,04-04-2022,April,Ira Mukherjee,Surat,Electronics,Smartphone,3,53910,8711
ORD01258,29-12-2022,December,Varun Chawla,Chennai,Clothing,Sneakers,5,5343,1323
ORD01259,24-02-2023,February,Sneha Bose,Ahmedabad,Electronics,Smartphone,3,98869,7749
ORD01260,10-05-2022,May,Shreya Ghosh,Pune,Furniture,Dining Table,4,90115,20681
ORD01261,23-03-2022,March,Neha Reddy,Coimbatore,Electronics,Laptop,1,43116,5271
ORD01262,06-12-2024,December,Ira Mukherjee,Nagpur,Electronics,Smartphone,2,52688,6927
ORD01263,17-01-2022,January,Kavya Nair,Delhi,Electronics,Keyboard,1,3163,692
ORD01264,31-01-2024,January,Amit Verma,Hyderabad,Home & Kitchen,Table Lamp,3,5342,659
ORD01265,14-11-2023,November,Aditi Patel,Nagpur,Furniture,Coffee Table,2,9411,1685
ORD01266,10-07-2023,July,Kabir Jain,Mumbai,Furniture,Sofa,2,108837,9751
ORD01267,12-05-2023,May,Rohan Kulkarni,Indore,Home & Kitchen,Cookware Set,1,4639,941
ORD01268,14-01-2025,January,Devika Pillai,Mumbai,Electronics,Monitor,2,50371,3521
ORD01269,29-07-2024,July,Aditi Patel,Hyderabad,Clothing,Sneakers,1,2533,475
ORD01270,11-03-2024,March,Ishaan Gupta,Kolkata,Clothing,Jacket,1,3764,916
ORD01271,29-06-2022,June,Meera Shah,Delhi,Electronics,Speaker,2,2897,674
ORD01272,28-10-2022,October,Meera Shah,Jaipur,Furniture,Bookshelf,2,13739,1020
ORD01273,28-08-2025,August,Devika Pillai,Bengaluru,Furniture,Sofa,4,178074,33438
ORD01274,05-07-2024,July,Diya Singh,Jaipur,Office Supplies,Pen Pack,1,112,13
ORD01275,07-12-2022,December,Shreya Ghosh,Chennai,Electronics,Keyboard,1,1264,231
ORD01276,05-04-2022,April,Neha Reddy,Coimbatore,Electronics,Smartphone,1,37169,4368
ORD01277,28-04-2023,April,Aditi Patel,Hyderabad,Electronics,Smartphone,1,56839,5672
ORD01278,23-01-2024,January,Kabir Jain,Indore,Furniture,Bookshelf,1,11786,1023
ORD01279,18-04-2025,April,Kabir Jain,Bengaluru,Furniture,Office Chair,2,12090,2240
ORD01280,27-04-2025,April,Karan Malhotra,Indore,Electronics,Mouse,1,2115,187
ORD01281,19-08-2022,August,Kavya Nair,Indore,Electronics,Monitor,4,99023,8989
ORD01282,05-09-2025,September,Ira Mukherjee,Coimbatore,Furniture,Desk,1,20526,2299
ORD01283,06-04-2022,April,Pooja Sethi,Lucknow,Electronics,Speaker,1,5001,717
ORD01284,30-10-2023,October,Tanvi Kulkarni,Delhi,Furniture,Office Chair,1,8309,1673
ORD01285,15-07-2025,July,Karan Malhotra,Nagpur,Clothing,Backpack,1,1081,66
ORD01286,01-12-2023,December,Aditya Desai,Hyderabad,Home & Kitchen,Cookware Set,2,3618,461
ORD01287,05-07-2024,July,Pooja Sethi,Surat,Electronics,Smartphone,5,76673,16585
ORD01288,11-01-2024,January,Karan Malhotra,Lucknow,Electronics,Smartphone,1,56087,14244
ORD01289,03-04-2022,April,Ishaan Gupta,Jaipur,Clothing,T-Shirt,2,1386,333
ORD01290,22-09-2024,September,Ishaan Gupta,Indore,Office Supplies,Stapler,2,1012,62
ORD01291,02-05-2025,May,Priya Menon,Chennai,Furniture,Bookshelf,1,6491,1449
ORD01292,09-10-2024,October,Simran Kaur,Lucknow,Clothing,Formal Shirt,4,3066,430
ORD01293,31-01-2022,January,Kavya Nair,Chennai,Office Supplies,Printer Paper,1,513,103
ORD01294,12-07-2025,July,Meera Shah,Delhi,Office Supplies,Pen Pack,3,402,61
ORD01295,23-07-2023,July,Rohan Kulkarni,Pune,Furniture,Sofa,6,102578,7473
ORD01296,23-03-2022,March,Diya Singh,Lucknow,Furniture,Dining Table,3,88233,14154
ORD01297,16-07-2023,July,Karan Malhotra,Jaipur,Office Supplies,Notebook Set,1,254,21
ORD01298,26-05-2023,May,Rohan Kulkarni,Surat,Home & Kitchen,Storage Container Set,1,1005,94
ORD01299,17-08-2024,August,Ira Mukherjee,Indore,Electronics,Keyboard,1,3523,829
ORD01300,19-01-2025,January,Zoya Das,Mumbai,Office Supplies,Notebook Set,1,205,30
ORD01301,22-03-2024,March,Rohan Kulkarni,Bengaluru,Home & Kitchen,Table Lamp,2,6147,1347
ORD01302,18-05-2023,May,Varun Chawla,Lucknow,Home & Kitchen,Storage Container Set,3,2946,381
ORD01303,28-08-2024,August,Sana Khan,Delhi,Furniture,Office Chair,1,3729,272
ORD01304,30-04-2024,April,Devika Pillai,Kochi,Electronics,Laptop,5,366687,73110
ORD01305,16-07-2025,July,Priya Menon,Kolkata,Home & Kitchen,Storage Container Set,1,486,68
ORD01306,11-09-2024,September,Ishaan Gupta,Mumbai,Electronics,Laptop,2,94623,13225
ORD01307,18-06-2022,June,Kavya Nair,Lucknow,Electronics,Monitor,1,9214,2145
ORD01308,06-11-2023,November,Riya Kapoor,Kochi,Furniture,Sofa,3,166016,34052
ORD01309,02-12-2022,December,Pooja Sethi,Indore,Clothing,Sneakers,2,4964,652
ORD01310,22-08-2022,August,Diya Singh,Bengaluru,Electronics,Keyboard,1,4145,378
ORD01311,08-04-2025,April,Aditi Patel,Jaipur,Office Supplies,Printer Paper,1,493,117
ORD01312,29-08-2023,August,Amit Verma,Bengaluru,Electronics,Smartphone,2,106009,16438
ORD01313,12-01-2024,January,Zoya Das,Pune,Clothing,Jacket,1,6451,767
ORD01314,15-06-2022,June,Kabir Jain,Chennai,Clothing,Jeans,2,5167,914
ORD01315,21-10-2022,October,Pooja Sethi,Lucknow,Electronics,Mouse,3,1791,122
ORD01316,26-04-2024,April,Shreya Ghosh,Lucknow,Home & Kitchen,Cookware Set,1,2561,567
ORD01317,08-02-2024,February,Aarav Sharma,Jaipur,Clothing,Jacket,1,3180,456
ORD01318,14-10-2025,October,Zoya Das,Kochi,Electronics,Laptop,3,203472,42163
ORD01319,17-10-2023,October,Manish Yadav,Hyderabad,Electronics,Monitor,1,24137,2573
ORD01320,13-01-2024,January,Zoya Das,Nagpur,Clothing,Backpack,3,5548,779
ORD01321,03-03-2023,March,Amit Verma,Hyderabad,Furniture,Office Chair,1,13282,2632
ORD01322,22-10-2023,October,Arjun Mehta,Delhi,Electronics,Speaker,2,10390,1857
ORD01323,02-11-2024,November,Meera Shah,Nagpur,Furniture,Sofa,2,65493,11827
ORD01324,23-01-2025,January,Devika Pillai,Surat,Electronics,Speaker,3,5969,663
ORD01325,29-11-2023,November,Sneha Bose,Bengaluru,Electronics,Laptop,1,69952,10572
ORD01326,10-04-2025,April,Sana Khan,Hyderabad,Electronics,Smartphone,4,118013,31073
ORD01327,12-10-2022,October,Pooja Sethi,Hyderabad,Electronics,Tablet,3,93658,23897
ORD01328,30-05-2024,May,Vikram Rao,Ahmedabad,Clothing,Jacket,5,8210,2095
ORD01329,13-07-2025,July,Diya Singh,Jaipur,Electronics,Monitor,2,20426,3494
ORD01330,13-06-2022,June,Manish Yadav,Surat,Clothing,Formal Shirt,3,4039,555
ORD01331,22-11-2023,November,Sana Khan,Nagpur,Electronics,Speaker,1,4882,746
ORD01332,29-10-2023,October,Kabir Jain,Lucknow,Furniture,Desk,2,28456,4219
ORD01333,07-11-2024,November,Vikram Rao,Mumbai,Electronics,Speaker,2,2943,716
ORD01334,15-10-2024,October,Aditi Patel,Jaipur,Clothing,Backpack,1,930,195
ORD01335,03-12-2023,December,Pooja Sethi,Mumbai,Clothing,Backpack,4,7901,712
ORD01336,31-03-2023,March,Ira Mukherjee,Ahmedabad,Electronics,Speaker,1,7974,1228
ORD01337,17-03-2024,March,Vikram Rao,Ahmedabad,Home & Kitchen,Air Fryer,2,17693,3400
ORD01338,18-06-2025,June,Ishaan Gupta,Jaipur,Clothing,T-Shirt,2,2090,447
ORD01339,03-01-2024,January,Rahul Joshi,Mumbai,Home & Kitchen,Water Bottle,4,2763,267
ORD01340,06-02-2023,February,Sneha Bose,Bengaluru,Electronics,Mouse,2,1777,278
ORD01341,05-10-2023,October,Amit Verma,Kochi,Electronics,Mouse,3,1760,221
ORD01342,08-08-2025,August,Rahul Joshi,Kolkata,Home & Kitchen,Table Lamp,1,1299,223
ORD01343,15-08-2024,August,Tanvi Kulkarni,Kochi,Office Supplies,Desk Organizer,1,462,126
ORD01344,02-11-2022,November,Kabir Jain,Kochi,Furniture,Sofa,3,98021,16777
ORD01345,25-12-2025,December,Sana Khan,Coimbatore,Clothing,Backpack,2,1891,387
ORD01346,20-09-2023,September,Karan Malhotra,Indore,Office Supplies,Stapler,1,145,17
ORD01347,19-02-2022,February,Manish Yadav,Jaipur,Clothing,T-Shirt,3,1347,133
ORD01348,19-06-2025,June,Pooja Sethi,Surat,Electronics,Laptop,2,121082,12893
ORD01349,10-03-2025,March,Kabir Jain,Hyderabad,Furniture,Dining Table,3,31510,3658
ORD01350,11-09-2024,September,Sana Khan,Chennai,Electronics,Smartphone,1,14819,1773
ORD01351,02-08-2024,August,Kabir Jain,Delhi,Furniture,Desk,1,4688,1264
ORD01352,18-02-2023,February,Devika Pillai,Ahmedabad,Office Supplies,Pen Pack,1,80,14
ORD01353,12-09-2022,September,Kavya Nair,Nagpur,Electronics,Laptop,1,62470,4417
ORD01354,10-09-2024,September,Neha Reddy,Chennai,Office Supplies,Stapler,2,656,170
ORD01355,01-04-2022,April,Aarav Sharma,Kochi,Electronics,Keyboard,5,7582,1637
ORD01356,30-12-2023,December,Ishaan Gupta,Chennai,Electronics,Smartphone,1,65315,10739
ORD01357,18-09-2023,September,Varun Chawla,Kochi,Electronics,Laptop,2,151712,23966
ORD01358,22-01-2025,January,Pooja Sethi,Pune,Home & Kitchen,Mixer Grinder,2,13577,837
ORD01359,13-08-2025,August,Karan Malhotra,Pune,Furniture,Dining Table,3,67476,10993
ORD01360,03-01-2022,January,Ishaan Gupta,Mumbai,Furniture,Dining Table,2,55168,6541
ORD01361,08-04-2024,April,Neha Reddy,Ahmedabad,Furniture,Sofa,3,74218,12070
ORD01362,15-02-2023,February,Ishaan Gupta,Kolkata,Electronics,Mouse,1,994,275
ORD01363,20-06-2025,June,Aditi Patel,Indore,Office Supplies,Stapler,3,1206,161
ORD01364,12-05-2022,May,Karan Malhotra,Lucknow,Clothing,Backpack,1,1082,137
ORD01365,07-11-2024,November,Kavya Nair,Nagpur,Electronics,Monitor,4,60284,4892
ORD01366,05-03-2024,March,Riya Kapoor,Pune,Home & Kitchen,Mixer Grinder,1,10992,1062
ORD01367,22-12-2022,December,Riya Kapoor,Lucknow,Home & Kitchen,Air Fryer,2,25501,4268
ORD01368,20-05-2022,May,Aarav Sharma,Chennai,Home & Kitchen,Storage Container Set,4,3407,916
ORD01369,03-12-2025,December,Riya Kapoor,Indore,Clothing,Backpack,2,3815,1055
ORD01370,17-03-2024,March,Priya Menon,Nagpur,Office Supplies,Notebook Set,1,365,100
ORD01371,15-05-2023,May,Sana Khan,Surat,Clothing,Jacket,1,3513,495
ORD01372,28-10-2023,October,Kabir Jain,Indore,Electronics,Mouse,4,3291,406
ORD01373,07-01-2024,January,Devika Pillai,Indore,Furniture,Office Chair,1,5938,770
ORD01374,10-04-2022,April,Sneha Bose,Hyderabad,Clothing,Backpack,4,4564,414
ORD01375,17-05-2024,May,Nikhil Bansal,Ahmedabad,Office Supplies,Printer Paper,2,1149,123
ORD01376,29-01-2023,January,Meera Shah,Chennai,Home & Kitchen,Storage Container Set,4,5245,1055
ORD01377,29-06-2023,June,Shreya Ghosh,Bengaluru,Electronics,Speaker,1,2272,275
ORD01378,18-10-2023,October,Aarav Sharma,Coimbatore,Electronics,Headphones,1,4480,407
ORD01379,21-04-2024,April,Neha Reddy,Chennai,Clothing,Jeans,1,2447,342
ORD01380,06-07-2022,July,Sana Khan,Lucknow,Clothing,Formal Shirt,3,4523,1219
ORD01381,21-10-2022,October,Aditi Patel,Jaipur,Home & Kitchen,Air Fryer,1,9419,2167
ORD01382,17-12-2022,December,Ishaan Gupta,Hyderabad,Electronics,Keyboard,2,2398,390
ORD01383,08-02-2024,February,Pooja Sethi,Pune,Office Supplies,Printer Paper,1,285,67
ORD01384,25-07-2022,July,Neha Reddy,Kochi,Electronics,Smartphone,2,102744,12850
ORD01385,05-12-2025,December,Manish Yadav,Hyderabad,Office Supplies,Printer Paper,1,404,112
ORD01386,21-03-2025,March,Karan Malhotra,Coimbatore,Furniture,Desk,1,21340,5533
ORD01387,06-04-2024,April,Aarav Sharma,Kolkata,Home & Kitchen,Mixer Grinder,1,7535,1661
ORD01388,14-12-2022,December,Kavya Nair,Indore,Clothing,Backpack,1,994,156
ORD01389,05-01-2022,January,Nikhil Bansal,Coimbatore,Clothing,Jeans,2,2723,612
ORD01390,31-01-2024,January,Rahul Joshi,Hyderabad,Electronics,Keyboard,2,1543,160
ORD01391,15-11-2024,November,Vikram Rao,Lucknow,Office Supplies,Desk Organizer,3,2476,678
ORD01392,29-10-2025,October,Rohan Kulkarni,Coimbatore,Electronics,Headphones,4,5377,969
ORD01393,25-07-2025,July,Sana Khan,Surat,Office Supplies,Desk Organizer,1,626,145
ORD01394,19-04-2025,April,Ananya Iyer,Bengaluru,Home & Kitchen,Air Fryer,3,44133,11451
ORD01395,10-02-2025,February,Kabir Jain,Nagpur,Office Supplies,Notebook Set,1,239,23
ORD01396,17-06-2024,June,Rahul Joshi,Mumbai,Electronics,Laptop,4,358567,83278
ORD01397,17-02-2022,February,Aarav Sharma,Lucknow,Electronics,Keyboard,3,4877,1203
ORD01398,10-02-2023,February,Amit Verma,Mumbai,Electronics,Laptop,1,85451,11719
ORD01399,11-04-2025,April,Amit Verma,Mumbai,Furniture,Sofa,2,39883,7791
ORD01400,21-03-2022,March,Nikhil Bansal,Mumbai,Electronics,Speaker,1,3394,692
ORD01401,03-04-2022,April,Tanvi Kulkarni,Hyderabad,Home & Kitchen,Storage Container Set,2,2499,257
ORD01402,02-01-2025,January,Kavya Nair,Jaipur,Clothing,T-Shirt,2,550,66
ORD01403,27-11-2023,November,Zoya Das,Hyderabad,Electronics,Headphones,1,6878,813
ORD01404,11-12-2024,December,Rahul Joshi,Chennai,Clothing,Backpack,1,1120,101
ORD01405,19-07-2022,July,Simran Kaur,Nagpur,Home & Kitchen,Storage Container Set,1,811,112
ORD01406,30-10-2022,October,Neha Reddy,Delhi,Furniture,Sofa,1,21636,1360
ORD01407,05-12-2025,December,Aditi Patel,Pune,Furniture,Coffee Table,2,10165,1409
ORD01408,16-12-2022,December,Vikram Rao,Chennai,Electronics,Smartphone,1,66482,14504
ORD01409,05-07-2025,July,Arjun Mehta,Delhi,Electronics,Headphones,3,6500,500
ORD01410,28-09-2025,September,Zoya Das,Hyderabad,Electronics,Mouse,1,954,116
ORD01411,02-06-2023,June,Rahul Joshi,Lucknow,Furniture,Sofa,6,222592,36200
ORD01412,17-06-2023,June,Kabir Jain,Mumbai,Home & Kitchen,Table Lamp,1,587,122
ORD01413,25-10-2023,October,Rahul Joshi,Mumbai,Electronics,Headphones,2,3964,1103
ORD01414,01-09-2025,September,Rahul Joshi,Pune,Electronics,Headphones,3,18184,2860
ORD01415,15-11-2024,November,Vikram Rao,Jaipur,Office Supplies,Notebook Set,1,337,85
ORD01416,17-03-2022,March,Zoya Das,Surat,Clothing,Backpack,1,1607,355
ORD01417,11-05-2025,May,Arjun Mehta,Jaipur,Office Supplies,Pen Pack,1,210,34
ORD01418,14-12-2022,December,Sana Khan,Delhi,Electronics,Smartphone,2,35825,4200
ORD01419,16-04-2024,April,Aarav Sharma,Jaipur,Furniture,Desk,3,35402,3025
ORD01420,07-08-2022,August,Diya Singh,Pune,Clothing,Formal Shirt,4,3521,855
ORD01421,20-08-2025,August,Pooja Sethi,Delhi,Furniture,Desk,3,36250,9401
ORD01422,23-09-2024,September,Vikram Rao,Coimbatore,Electronics,Monitor,1,21611,3549
ORD01423,16-05-2022,May,Manish Yadav,Coimbatore,Home & Kitchen,Mixer Grinder,1,8445,538
ORD01424,25-03-2024,March,Zoya Das,Pune,Office Supplies,Printer Paper,1,885,179
ORD01425,21-11-2023,November,Devika Pillai,Lucknow,Office Supplies,Desk Organizer,3,3129,212
ORD01426,04-03-2024,March,Ishaan Gupta,Coimbatore,Electronics,Headphones,1,7204,1674
ORD01427,16-05-2022,May,Sana Khan,Ahmedabad,Office Supplies,Pen Pack,1,73,18
ORD01428,12-02-2024,February,Meera Shah,Mumbai,Electronics,Monitor,2,41606,3473
ORD01429,03-01-2024,January,Simran Kaur,Surat,Furniture,Desk,3,15892,3963
ORD01430,20-03-2025,March,Rohan Kulkarni,Mumbai,Electronics,Tablet,1,37124,6493
ORD01431,23-04-2024,April,Riya Kapoor,Hyderabad,Electronics,Headphones,4,15591,3217
ORD01432,05-12-2023,December,Sana Khan,Delhi,Home & Kitchen,Air Fryer,1,9404,1231
ORD01433,13-02-2025,February,Priya Menon,Chennai,Clothing,Formal Shirt,2,4980,412
ORD01434,21-01-2025,January,Rohan Kulkarni,Nagpur,Furniture,Dining Table,1,15186,2906
ORD01435,23-08-2022,August,Ishaan Gupta,Delhi,Home & Kitchen,Air Fryer,6,59935,5664
ORD01436,09-06-2024,June,Riya Kapoor,Kochi,Clothing,Jeans,1,1604,149
ORD01437,06-06-2022,June,Riya Kapoor,Kochi,Office Supplies,Stapler,1,531,58
ORD01438,25-01-2024,January,Vikram Rao,Lucknow,Electronics,Tablet,5,71215,16956
ORD01439,03-03-2025,March,Devika Pillai,Nagpur,Electronics,Tablet,4,110409,16420
ORD01440,28-09-2022,September,Varun Chawla,Chennai,Furniture,Desk,1,6022,651
ORD01441,10-02-2022,February,Rohan Kulkarni,Bengaluru,Electronics,Smartphone,1,57239,15433
ORD01442,20-08-2024,August,Aarav Sharma,Nagpur,Office Supplies,Stapler,1,444,32
ORD01443,30-09-2023,September,Shreya Ghosh,Chennai,Clothing,T-Shirt,1,1027,245
ORD01444,17-05-2023,May,Nikhil Bansal,Chennai,Home & Kitchen,Air Fryer,1,7975,2105
ORD01445,21-05-2024,May,Kabir Jain,Coimbatore,Furniture,Desk,2,33648,2919
ORD01446,22-09-2025,September,Aditi Patel,Jaipur,Electronics,Monitor,1,19414,4681
ORD01447,27-02-2023,February,Sana Khan,Delhi,Office Supplies,Notebook Set,2,881,89
ORD01448,03-11-2025,November,Zoya Das,Delhi,Home & Kitchen,Table Lamp,2,3225,440
ORD01449,29-09-2024,September,Neha Reddy,Jaipur,Electronics,Headphones,4,25000,4404
ORD01450,09-07-2022,July,Varun Chawla,Ahmedabad,Office Supplies,Printer Paper,2,1817,167
ORD01451,20-04-2022,April,Priya Menon,Ahmedabad,Office Supplies,Pen Pack,3,905,102
ORD01452,27-04-2023,April,Manish Yadav,Indore,Electronics,Monitor,2,31372,5915
ORD01453,11-08-2024,August,Arjun Mehta,Bengaluru,Electronics,Headphones,4,13972,2715
ORD01454,05-02-2025,February,Sneha Bose,Mumbai,Furniture,Dining Table,4,43436,4584
ORD01455,21-09-2024,September,Aditya Desai,Jaipur,Electronics,Speaker,1,4431,899
ORD01456,30-07-2025,July,Shreya Ghosh,Bengaluru,Clothing,Jeans,3,9358,1643
ORD01457,03-01-2024,January,Manish Yadav,Coimbatore,Furniture,Desk,1,19319,2566
ORD01458,04-12-2022,December,Kavya Nair,Hyderabad,Electronics,Smartphone,2,65150,6284
ORD01459,30-11-2022,November,Nikhil Bansal,Bengaluru,Home & Kitchen,Storage Container Set,1,587,78
ORD01460,30-07-2025,July,Neha Reddy,Lucknow,Office Supplies,File Folder Set,1,200,33
ORD01461,09-11-2024,November,Pooja Sethi,Delhi,Electronics,Keyboard,1,2192,382
ORD01462,14-03-2023,March,Ananya Iyer,Ahmedabad,Electronics,Laptop,3,150347,38670
ORD01463,03-04-2024,April,Kavya Nair,Bengaluru,Clothing,Sneakers,1,2771,730
ORD01464,22-11-2023,November,Sana Khan,Surat,Home & Kitchen,Water Bottle,1,255,35
ORD01465,23-08-2022,August,Rohan Kulkarni,Coimbatore,Furniture,Coffee Table,3,30751,6981
ORD01466,02-10-2023,October,Sana Khan,Coimbatore,Clothing,Backpack,4,10878,2636
ORD01467,18-11-2024,November,Simran Kaur,Nagpur,Home & Kitchen,Mixer Grinder,2,12333,2710
ORD01468,27-02-2025,February,Devika Pillai,Kochi,Office Supplies,Desk Organizer,2,830,208
ORD01469,14-11-2023,November,Nikhil Bansal,Bengaluru,Office Supplies,Notebook Set,1,195,50
ORD01470,02-02-2022,February,Sneha Bose,Coimbatore,Office Supplies,Pen Pack,1,209,13
ORD01471,20-04-2024,April,Tanvi Kulkarni,Lucknow,Electronics,Laptop,1,83188,5543
ORD01472,08-02-2023,February,Nikhil Bansal,Kochi,Electronics,Mouse,2,699,109
ORD01473,23-09-2023,September,Aditi Patel,Indore,Furniture,Office Chair,2,14177,3911
ORD01474,01-10-2024,October,Shreya Ghosh,Nagpur,Home & Kitchen,Table Lamp,1,1470,387
ORD01475,19-02-2024,February,Shreya Ghosh,Mumbai,Electronics,Speaker,2,9588,1774
ORD01476,25-01-2023,January,Varun Chawla,Bengaluru,Home & Kitchen,Cookware Set,2,3689,339
ORD01477,30-01-2024,January,Zoya Das,Coimbatore,Electronics,Laptop,2,102493,9354
ORD01478,09-09-2022,September,Ira Mukherjee,Delhi,Office Supplies,Desk Organizer,1,510,77
ORD01479,07-12-2023,December,Aditi Patel,Kochi,Electronics,Tablet,2,75443,8711
ORD01480,25-06-2024,June,Nikhil Bansal,Jaipur,Clothing,T-Shirt,1,890,82
ORD01481,31-12-2025,December,Rahul Joshi,Jaipur,Furniture,Coffee Table,4,31167,7323
ORD01482,28-06-2022,June,Priya Menon,Delhi,Home & Kitchen,Water Bottle,4,3085,375
ORD01483,25-03-2022,March,Karan Malhotra,Surat,Electronics,Mouse,2,3477,505
ORD01484,18-05-2022,May,Kavya Nair,Mumbai,Electronics,Monitor,2,17267,2290
ORD01485,05-11-2024,November,Vikram Rao,Ahmedabad,Electronics,Laptop,2,134883,35930
ORD01486,04-06-2022,June,Sneha Bose,Mumbai,Electronics,Mouse,2,3895,926
ORD01487,13-09-2024,September,Zoya Das,Jaipur,Clothing,Backpack,5,6917,578
ORD01488,04-12-2024,December,Nikhil Bansal,Coimbatore,Home & Kitchen,Water Bottle,1,281,54
ORD01489,24-10-2024,October,Kabir Jain,Nagpur,Home & Kitchen,Table Lamp,1,630,141
ORD01490,29-10-2025,October,Meera Shah,Bengaluru,Home & Kitchen,Air Fryer,4,47111,6770
ORD01491,07-03-2023,March,Aditi Patel,Nagpur,Office Supplies,Pen Pack,2,527,124
ORD01492,02-07-2023,July,Diya Singh,Ahmedabad,Electronics,Headphones,5,17936,1086
ORD01493,10-07-2022,July,Amit Verma,Delhi,Home & Kitchen,Mixer Grinder,1,5549,892
ORD01494,14-06-2023,June,Simran Kaur,Nagpur,Clothing,Formal Shirt,3,8568,821
ORD01495,04-02-2024,February,Nikhil Bansal,Ahmedabad,Electronics,Monitor,1,12550,3498
ORD01496,21-11-2022,November,Tanvi Kulkarni,Pune,Electronics,Keyboard,2,5662,720
ORD01497,19-01-2022,January,Kabir Jain,Bengaluru,Electronics,Smartphone,2,39932,10891
ORD01498,14-01-2023,January,Aditya Desai,Hyderabad,Electronics,Laptop,3,174254,13652
ORD01499,30-11-2024,November,Diya Singh,Lucknow,Electronics,Keyboard,1,1179,223
ORD01500,24-02-2023,February,Manish Yadav,Pune,Home & Kitchen,Table Lamp,1,2858,312
ORD01501,02-11-2025,November,Ishaan Gupta,Mumbai,Home & Kitchen,Mixer Grinder,1,7365,1363
ORD01502,26-03-2025,March,Kabir Jain,Delhi,Electronics,Laptop,1,76181,11506
ORD01503,02-02-2022,February,Arjun Mehta,Bengaluru,Furniture,Dining Table,1,24155,5861
ORD01504,14-02-2025,February,Tanvi Kulkarni,Jaipur,Furniture,Desk,1,7425,1648
ORD01505,24-09-2022,September,Arjun Mehta,Indore,Clothing,T-Shirt,1,847,109
ORD01506,03-06-2023,June,Manish Yadav,Bengaluru,Furniture,Coffee Table,3,26031,5684
ORD01507,21-12-2025,December,Ira Mukherjee,Ahmedabad,Furniture,Coffee Table,2,20535,5657
ORD01508,07-11-2023,November,Shreya Ghosh,Indore,Clothing,Jeans,3,7162,916
ORD01509,30-06-2025,June,Kabir Jain,Chennai,Electronics,Laptop,1,89418,15817
ORD01510,07-09-2023,September,Diya Singh,Hyderabad,Electronics,Keyboard,1,2252,410
ORD01511,09-02-2022,February,Vikram Rao,Ahmedabad,Electronics,Keyboard,4,5764,1048
ORD01512,11-05-2023,May,Rohan Kulkarni,Kolkata,Home & Kitchen,Table Lamp,3,2591,495
ORD01513,22-12-2023,December,Manish Yadav,Indore,Clothing,Jacket,1,5210,617
ORD01514,19-08-2022,August,Arjun Mehta,Lucknow,Electronics,Headphones,2,12364,2435
ORD01515,16-09-2024,September,Sneha Bose,Lucknow,Electronics,Keyboard,4,13275,2062
ORD01516,11-06-2024,June,Aarav Sharma,Delhi,Office Supplies,Pen Pack,4,203,20
ORD01517,29-04-2025,April,Diya Singh,Nagpur,Electronics,Smartphone,4,146825,21652
ORD01518,28-01-2022,January,Shreya Ghosh,Pune,Office Supplies,File Folder Set,2,1275,268
ORD01519,07-02-2025,February,Diya Singh,Nagpur,Clothing,Jacket,4,5664,1431
ORD01520,20-02-2024,February,Shreya Ghosh,Mumbai,Furniture,Coffee Table,3,24109,1469
ORD01521,28-02-2025,February,Priya Menon,Indore,Office Supplies,File Folder Set,1,513,75
ORD01522,19-12-2023,December,Pooja Sethi,Bengaluru,Furniture,Dining Table,2,50911,6829
ORD01523,19-08-2023,August,Nikhil Bansal,Coimbatore,Home & Kitchen,Air Fryer,6,54402,14180
ORD01524,18-07-2024,July,Ishaan Gupta,Chennai,Electronics,Laptop,2,127679,29846
ORD01525,02-02-2024,February,Rohan Kulkarni,Chennai,Furniture,Office Chair,2,9066,1450
ORD01526,12-02-2023,February,Sneha Bose,Bengaluru,Electronics,Laptop,2,101496,27989
ORD01527,06-01-2023,January,Devika Pillai,Coimbatore,Furniture,Coffee Table,3,31088,5906
ORD01528,28-09-2025,September,Ishaan Gupta,Pune,Electronics,Headphones,1,3044,616
ORD01529,15-06-2022,June,Karan Malhotra,Kolkata,Office Supplies,Desk Organizer,1,471,51
ORD01530,01-10-2025,October,Devika Pillai,Lucknow,Home & Kitchen,Table Lamp,1,2508,595
ORD01531,27-04-2025,April,Vikram Rao,Nagpur,Electronics,Smartphone,1,21824,5257
ORD01532,05-12-2022,December,Devika Pillai,Delhi,Office Supplies,Pen Pack,1,213,34
ORD01533,02-08-2022,August,Priya Menon,Lucknow,Electronics,Headphones,1,1338,311
ORD01534,04-11-2022,November,Rahul Joshi,Pune,Furniture,Office Chair,1,10242,1283
ORD01535,20-06-2025,June,Karan Malhotra,Indore,Home & Kitchen,Air Fryer,3,42352,8175
ORD01536,29-07-2025,July,Aarav Sharma,Ahmedabad,Clothing,Jacket,3,13598,2670
ORD01537,29-10-2023,October,Pooja Sethi,Delhi,Electronics,Headphones,4,6235,1270
ORD01538,09-05-2024,May,Sana Khan,Chennai,Clothing,Backpack,2,1622,136
ORD01539,24-06-2024,June,Devika Pillai,Coimbatore,Electronics,Tablet,1,20892,4160
ORD01540,06-01-2024,January,Kabir Jain,Kolkata,Electronics,Monitor,3,61060,8968
ORD01541,19-06-2022,June,Vikram Rao,Pune,Furniture,Dining Table,3,52306,8431
ORD01542,05-12-2022,December,Sana Khan,Lucknow,Furniture,Office Chair,1,10268,2665
ORD01543,01-01-2024,January,Pooja Sethi,Kolkata,Home & Kitchen,Storage Container Set,1,1080,101
ORD01544,25-06-2022,June,Priya Menon,Hyderabad,Furniture,Bookshelf,1,10154,2326
ORD01545,24-05-2022,May,Manish Yadav,Surat,Electronics,Mouse,4,6752,734
ORD01546,15-08-2022,August,Priya Menon,Indore,Office Supplies,File Folder Set,2,1121,166
ORD01547,23-09-2025,September,Priya Menon,Surat,Electronics,Mouse,1,1355,189
ORD01548,09-09-2022,September,Manish Yadav,Surat,Electronics,Mouse,2,3563,613
ORD01549,10-01-2022,January,Manish Yadav,Chennai,Clothing,Formal Shirt,3,2421,628
ORD01550,01-05-2023,May,Devika Pillai,Surat,Clothing,Jeans,1,2257,607
ORD01551,15-12-2022,December,Kabir Jain,Surat,Clothing,Jeans,1,2094,279
ORD01552,17-09-2022,September,Riya Kapoor,Delhi,Furniture,Sofa,1,40340,10454
ORD01553,11-06-2023,June,Rahul Joshi,Hyderabad,Clothing,T-Shirt,2,2015,564
ORD01554,10-11-2022,November,Kavya Nair,Surat,Electronics,Monitor,1,21458,5513
ORD01555,28-02-2023,February,Ira Mukherjee,Surat,Home & Kitchen,Cookware Set,1,5508,1535
ORD01556,01-05-2023,May,Arjun Mehta,Bengaluru,Electronics,Speaker,2,10511,1503
ORD01557,14-05-2022,May,Rahul Joshi,Jaipur,Furniture,Bookshelf,1,10255,1050
ORD01558,15-01-2023,January,Zoya Das,Lucknow,Clothing,Jeans,1,2712,377
ORD01559,21-07-2023,July,Diya Singh,Kochi,Office Supplies,Stapler,1,164,15
ORD01560,27-03-2024,March,Manish Yadav,Nagpur,Home & Kitchen,Cookware Set,1,3849,299
ORD01561,21-10-2025,October,Ira Mukherjee,Hyderabad,Electronics,Monitor,4,39336,7801
ORD01562,26-11-2022,November,Priya Menon,Indore,Electronics,Mouse,5,4662,379
ORD01563,02-01-2024,January,Aditi Patel,Kolkata,Home & Kitchen,Water Bottle,3,2769,239
ORD01564,21-10-2022,October,Pooja Sethi,Chennai,Clothing,Sneakers,1,3120,853
ORD01565,31-08-2025,August,Neha Reddy,Lucknow,Clothing,Formal Shirt,1,1832,385
ORD01566,17-06-2025,June,Kabir Jain,Jaipur,Office Supplies,Notebook Set,1,510,81
ORD01567,15-01-2023,January,Amit Verma,Lucknow,Furniture,Coffee Table,5,18046,4872
ORD01568,19-06-2025,June,Karan Malhotra,Bengaluru,Clothing,Sneakers,1,2208,588
ORD01569,24-06-2025,June,Simran Kaur,Delhi,Clothing,T-Shirt,2,1455,309
ORD01570,31-10-2022,October,Rahul Joshi,Surat,Home & Kitchen,Air Fryer,2,8428,2030
ORD01571,26-08-2022,August,Manish Yadav,Indore,Home & Kitchen,Table Lamp,1,1559,311
ORD01572,06-10-2023,October,Aarav Sharma,Bengaluru,Electronics,Headphones,2,4818,535
ORD01573,21-11-2023,November,Arjun Mehta,Ahmedabad,Clothing,Formal Shirt,2,3427,894
ORD01574,21-05-2025,May,Varun Chawla,Kochi,Electronics,Speaker,1,4544,995
ORD01575,03-08-2025,August,Aditi Patel,Coimbatore,Clothing,Sneakers,5,11654,1203
ORD01576,16-10-2022,October,Rohan Kulkarni,Jaipur,Clothing,T-Shirt,2,1257,202
ORD01577,09-06-2023,June,Shreya Ghosh,Coimbatore,Electronics,Laptop,2,114420,18503
ORD01578,28-04-2024,April,Shreya Ghosh,Pune,Electronics,Laptop,3,134825,11942
ORD01579,12-09-2022,September,Riya Kapoor,Indore,Home & Kitchen,Mixer Grinder,1,2780,432
ORD01580,07-10-2024,October,Sneha Bose,Delhi,Furniture,Coffee Table,4,35113,9738
ORD01581,30-09-2022,September,Nikhil Bansal,Kochi,Home & Kitchen,Cookware Set,2,9256,2129
ORD01582,23-08-2025,August,Meera Shah,Kochi,Electronics,Smartphone,1,18334,2772
ORD01583,14-03-2022,March,Devika Pillai,Delhi,Clothing,T-Shirt,2,1946,529
ORD01584,26-08-2024,August,Riya Kapoor,Kochi,Clothing,Jeans,1,1730,235
ORD01585,21-05-2025,May,Amit Verma,Lucknow,Office Supplies,Printer Paper,2,1392,162
ORD01586,12-03-2023,March,Arjun Mehta,Kochi,Furniture,Desk,5,42486,5152
ORD01587,19-12-2023,December,Rohan Kulkarni,Ahmedabad,Clothing,Sneakers,4,13668,2264
ORD01588,15-03-2022,March,Priya Menon,Nagpur,Furniture,Office Chair,5,64896,4733
ORD01589,14-12-2025,December,Diya Singh,Ahmedabad,Electronics,Monitor,2,31882,6818
ORD01590,08-10-2023,October,Amit Verma,Chennai,Electronics,Tablet,4,98585,10543
ORD01591,23-02-2022,February,Devika Pillai,Indore,Electronics,Speaker,2,17029,4442
ORD01592,14-02-2025,February,Ira Mukherjee,Mumbai,Electronics,Speaker,2,16909,2951
ORD01593,01-04-2025,April,Sneha Bose,Surat,Electronics,Headphones,3,9533,2641
ORD01594,12-11-2023,November,Riya Kapoor,Kochi,Home & Kitchen,Air Fryer,3,34675,5606
ORD01595,08-04-2024,April,Nikhil Bansal,Jaipur,Office Supplies,Notebook Set,1,210,30
ORD01596,08-06-2022,June,Pooja Sethi,Hyderabad,Furniture,Sofa,2,129906,32846
ORD01597,13-04-2022,April,Ira Mukherjee,Chennai,Electronics,Keyboard,2,2169,444
ORD01598,22-08-2022,August,Pooja Sethi,Mumbai,Clothing,Jacket,4,19276,4610
ORD01599,23-05-2023,May,Rohan Kulkarni,Delhi,Office Supplies,File Folder Set,1,290,64
ORD01600,15-02-2022,February,Manish Yadav,Delhi,Electronics,Speaker,2,8728,1111
ORD01601,21-03-2025,March,Vikram Rao,Surat,Electronics,Speaker,1,7035,1438
ORD01602,04-05-2023,May,Sneha Bose,Mumbai,Home & Kitchen,Storage Container Set,3,4334,519
ORD01603,09-12-2024,December,Shreya Ghosh,Ahmedabad,Home & Kitchen,Cookware Set,2,11023,1738
ORD01604,26-05-2024,May,Rohan Kulkarni,Pune,Furniture,Coffee Table,1,7307,1158
ORD01605,08-02-2025,February,Priya Menon,Nagpur,Furniture,Desk,3,31147,8089
ORD01606,15-09-2022,September,Kavya Nair,Jaipur,Electronics,Keyboard,3,9523,1650
ORD01607,19-03-2024,March,Aditya Desai,Delhi,Clothing,T-Shirt,3,2068,474
ORD01608,13-12-2025,December,Pooja Sethi,Pune,Furniture,Dining Table,3,75400,14036
ORD01609,01-11-2025,November,Riya Kapoor,Surat,Home & Kitchen,Storage Container Set,2,2483,328
ORD01610,30-12-2023,December,Meera Shah,Mumbai,Home & Kitchen,Storage Container Set,1,1172,322
ORD01611,17-11-2023,November,Kabir Jain,Hyderabad,Electronics,Headphones,2,13337,1656
ORD01612,12-09-2023,September,Diya Singh,Indore,Home & Kitchen,Mixer Grinder,1,6999,1358
ORD01613,19-06-2022,June,Ananya Iyer,Delhi,Electronics,Tablet,5,125334,34619
ORD01614,19-09-2024,September,Pooja Sethi,Indore,Electronics,Monitor,1,11201,2293
ORD01615,30-06-2025,June,Manish Yadav,Kochi,Electronics,Speaker,1,3471,423
ORD01616,02-02-2022,February,Amit Verma,Surat,Furniture,Sofa,6,359815,76574
ORD01617,17-01-2024,January,Meera Shah,Kochi,Clothing,Sneakers,1,5067,307
ORD01618,06-02-2025,February,Ira Mukherjee,Mumbai,Office Supplies,Desk Organizer,1,476,121
ORD01619,26-04-2024,April,Amit Verma,Lucknow,Electronics,Speaker,4,5334,990
ORD01620,14-11-2022,November,Ira Mukherjee,Coimbatore,Electronics,Speaker,2,5221,606
ORD01621,12-11-2023,November,Manish Yadav,Kolkata,Furniture,Dining Table,1,10427,2040
ORD01622,30-04-2023,April,Manish Yadav,Pune,Home & Kitchen,Air Fryer,2,21716,2585
ORD01623,08-04-2024,April,Nikhil Bansal,Delhi,Electronics,Tablet,2,31020,2128
ORD01624,21-10-2022,October,Ira Mukherjee,Chennai,Electronics,Tablet,1,27654,6913
ORD01625,01-02-2023,February,Amit Verma,Kochi,Furniture,Office Chair,2,19994,3825
ORD01626,29-05-2024,May,Sneha Bose,Chennai,Electronics,Tablet,1,27891,2955
ORD01627,09-09-2023,September,Riya Kapoor,Chennai,Home & Kitchen,Mixer Grinder,1,6087,513
ORD01628,27-09-2022,September,Neha Reddy,Mumbai,Office Supplies,Stapler,4,417,107
ORD01629,23-09-2025,September,Riya Kapoor,Mumbai,Furniture,Coffee Table,3,18911,1595
ORD01630,12-09-2022,September,Priya Menon,Delhi,Furniture,Sofa,2,124376,34733
ORD01631,18-10-2023,October,Pooja Sethi,Surat,Home & Kitchen,Storage Container Set,1,1384,120
ORD01632,12-11-2022,November,Ananya Iyer,Kochi,Furniture,Bookshelf,2,7629,1389
ORD01633,24-02-2023,February,Zoya Das,Jaipur,Office Supplies,Pen Pack,5,470,108
ORD01634,01-05-2025,May,Ishaan Gupta,Kochi,Electronics,Smartphone,1,33544,6442
ORD01635,14-06-2023,June,Vikram Rao,Nagpur,Furniture,Coffee Table,2,12265,1795
ORD01636,10-01-2024,January,Rohan Kulkarni,Coimbatore,Clothing,Jacket,5,27421,2439
ORD01637,03-08-2022,August,Tanvi Kulkarni,Pune,Furniture,Office Chair,1,13267,923
ORD01638,09-07-2023,July,Riya Kapoor,Delhi,Office Supplies,Desk Organizer,5,4001,947
ORD01639,17-04-2022,April,Ananya Iyer,Jaipur,Home & Kitchen,Table Lamp,4,3504,775
ORD01640,02-06-2025,June,Karan Malhotra,Bengaluru,Clothing,Jeans,1,2980,496
ORD01641,24-01-2025,January,Vikram Rao,Nagpur,Clothing,T-Shirt,1,1117,282
ORD01642,07-10-2022,October,Aditi Patel,Chennai,Clothing,Sneakers,1,2990,219
ORD01643,20-10-2024,October,Arjun Mehta,Ahmedabad,Electronics,Headphones,1,4014,1079
ORD01644,12-12-2022,December,Tanvi Kulkarni,Kolkata,Clothing,Jacket,1,1409,382
ORD01645,14-04-2024,April,Rohan Kulkarni,Indore,Clothing,Jacket,5,14072,3680
ORD01646,08-10-2023,October,Aditi Patel,Ahmedabad,Electronics,Headphones,1,5105,1271
ORD01647,02-08-2022,August,Arjun Mehta,Lucknow,Clothing,Backpack,4,2520,186
ORD01648,05-10-2023,October,Arjun Mehta,Lucknow,Home & Kitchen,Table Lamp,1,2945,280
ORD01649,02-05-2025,May,Rahul Joshi,Hyderabad,Clothing,T-Shirt,2,2217,177
ORD01650,05-08-2022,August,Devika Pillai,Delhi,Office Supplies,Pen Pack,2,329,77
ORD01651,14-02-2023,February,Sneha Bose,Bengaluru,Home & Kitchen,Water Bottle,3,1926,502
ORD01652,23-01-2023,January,Simran Kaur,Indore,Furniture,Coffee Table,2,10747,2803
ORD01653,04-07-2024,July,Amit Verma,Lucknow,Clothing,Formal Shirt,1,2129,376
ORD01654,02-01-2025,January,Sana Khan,Delhi,Office Supplies,Desk Organizer,1,738,164
ORD01655,04-08-2024,August,Kabir Jain,Delhi,Electronics,Tablet,1,30343,7968
ORD01656,30-12-2023,December,Sneha Bose,Bengaluru,Furniture,Coffee Table,4,30075,1983
ORD01657,21-09-2023,September,Neha Reddy,Ahmedabad,Clothing,Jacket,2,7813,1257
ORD01658,10-04-2025,April,Varun Chawla,Pune,Electronics,Keyboard,1,1467,321
ORD01659,14-08-2024,August,Tanvi Kulkarni,Delhi,Furniture,Office Chair,3,12585,3326
ORD01660,07-05-2024,May,Meera Shah,Delhi,Clothing,Backpack,1,1602,428
ORD01661,29-11-2023,November,Ishaan Gupta,Mumbai,Furniture,Bookshelf,4,34479,7987
ORD01662,12-03-2025,March,Rahul Joshi,Delhi,Home & Kitchen,Mixer Grinder,1,5878,1338
ORD01663,09-09-2025,September,Kavya Nair,Hyderabad,Furniture,Coffee Table,1,6488,1667
ORD01664,02-03-2025,March,Varun Chawla,Lucknow,Home & Kitchen,Air Fryer,3,19918,5552
ORD01665,05-11-2025,November,Pooja Sethi,Delhi,Electronics,Keyboard,4,10773,787
ORD01666,14-11-2024,November,Rahul Joshi,Ahmedabad,Electronics,Mouse,2,1372,167
ORD01667,16-11-2022,November,Diya Singh,Nagpur,Electronics,Keyboard,1,4455,904
ORD01668,16-03-2024,March,Ira Mukherjee,Kolkata,Home & Kitchen,Mixer Grinder,2,5337,418
ORD01669,16-11-2025,November,Nikhil Bansal,Nagpur,Home & Kitchen,Air Fryer,5,63316,11406
ORD01670,06-02-2023,February,Varun Chawla,Hyderabad,Home & Kitchen,Storage Container Set,5,7383,1929
ORD01671,11-06-2024,June,Rahul Joshi,Hyderabad,Furniture,Sofa,1,36466,4924
ORD01672,08-06-2025,June,Nikhil Bansal,Hyderabad,Electronics,Monitor,2,41047,4229
ORD01673,16-09-2025,September,Devika Pillai,Indore,Furniture,Sofa,2,37377,7836
ORD01674,04-06-2023,June,Rahul Joshi,Indore,Electronics,Headphones,1,1734,323
ORD01675,16-09-2022,September,Ananya Iyer,Chennai,Office Supplies,Printer Paper,1,387,42
ORD01676,14-12-2025,December,Ira Mukherjee,Bengaluru,Electronics,Headphones,2,10334,667
ORD01677,22-11-2024,November,Vikram Rao,Ahmedabad,Electronics,Keyboard,3,8294,1627
ORD01678,03-01-2023,January,Riya Kapoor,Mumbai,Office Supplies,File Folder Set,5,2589,562
ORD01679,22-06-2022,June,Neha Reddy,Delhi,Electronics,Tablet,3,101758,23797
ORD01680,14-02-2022,February,Rahul Joshi,Ahmedabad,Furniture,Office Chair,1,5472,500
ORD01681,26-01-2025,January,Zoya Das,Pune,Electronics,Headphones,5,26522,3230
ORD01682,31-12-2025,December,Aarav Sharma,Kolkata,Home & Kitchen,Cookware Set,1,2746,409
ORD01683,25-02-2022,February,Karan Malhotra,Indore,Office Supplies,Pen Pack,4,1045,130
ORD01684,20-06-2023,June,Simran Kaur,Kolkata,Electronics,Mouse,3,5950,937
ORD01685,15-02-2025,February,Neha Reddy,Mumbai,Furniture,Bookshelf,1,5631,1073
ORD01686,19-06-2025,June,Vikram Rao,Surat,Electronics,Smartphone,4,206127,16620
ORD01687,25-11-2022,November,Devika Pillai,Kochi,Furniture,Office Chair,1,14251,2231
ORD01688,11-08-2024,August,Aditya Desai,Coimbatore,Furniture,Dining Table,1,27513,2373
ORD01689,24-09-2025,September,Meera Shah,Pune,Furniture,Dining Table,1,14364,2905
ORD01690,05-04-2025,April,Ananya Iyer,Lucknow,Electronics,Keyboard,3,8362,1404
ORD01691,05-01-2022,January,Pooja Sethi,Coimbatore,Clothing,Backpack,3,8277,1297
ORD01692,13-10-2023,October,Tanvi Kulkarni,Indore,Furniture,Bookshelf,1,6242,1320
ORD01693,16-02-2022,February,Kabir Jain,Kolkata,Electronics,Smartphone,5,337894,47613
ORD01694,22-03-2024,March,Riya Kapoor,Hyderabad,Office Supplies,Desk Organizer,2,1941,531
ORD01695,28-09-2023,September,Ananya Iyer,Surat,Clothing,Jeans,4,12821,1252
ORD01696,11-05-2023,May,Ananya Iyer,Ahmedabad,Electronics,Monitor,1,16577,4304
ORD01697,07-01-2023,January,Ishaan Gupta,Chennai,Office Supplies,Notebook Set,4,736,137
ORD01698,27-06-2025,June,Meera Shah,Coimbatore,Office Supplies,Notebook Set,1,531,133
ORD01699,13-04-2024,April,Aditi Patel,Mumbai,Office Supplies,Pen Pack,2,283,28
ORD01700,20-01-2023,January,Zoya Das,Delhi,Home & Kitchen,Cookware Set,1,4327,318
ORD01701,18-12-2023,December,Devika Pillai,Indore,Furniture,Coffee Table,1,7548,726
ORD01702,31-07-2024,July,Rahul Joshi,Surat,Home & Kitchen,Mixer Grinder,1,4281,336
ORD01703,24-07-2022,July,Meera Shah,Hyderabad,Electronics,Monitor,1,11676,820
ORD01704,30-03-2025,March,Vikram Rao,Ahmedabad,Home & Kitchen,Water Bottle,2,1445,188
ORD01705,22-01-2023,January,Karan Malhotra,Jaipur,Clothing,Sneakers,2,2616,554
ORD01706,26-02-2025,February,Arjun Mehta,Indore,Furniture,Desk,1,8259,1245
ORD01707,31-05-2024,May,Sana Khan,Kochi,Furniture,Dining Table,1,33855,4023
ORD01708,06-02-2022,February,Simran Kaur,Delhi,Electronics,Mouse,3,2429,425
ORD01709,21-10-2022,October,Ira Mukherjee,Kochi,Furniture,Bookshelf,2,6373,632
ORD01710,26-04-2022,April,Diya Singh,Kolkata,Clothing,Formal Shirt,3,5807,651
ORD01711,25-10-2025,October,Diya Singh,Ahmedabad,Electronics,Mouse,2,1795,458
ORD01712,05-09-2022,September,Riya Kapoor,Delhi,Clothing,Jacket,4,14878,1327
ORD01713,21-07-2023,July,Meera Shah,Kolkata,Home & Kitchen,Table Lamp,3,2104,480
ORD01714,25-11-2025,November,Aditya Desai,Jaipur,Electronics,Speaker,1,2651,659
ORD01715,19-11-2023,November,Shreya Ghosh,Kolkata,Clothing,Backpack,1,853,195
ORD01716,16-09-2023,September,Ishaan Gupta,Ahmedabad,Electronics,Monitor,1,13695,3139
ORD01717,07-03-2022,March,Shreya Ghosh,Indore,Electronics,Laptop,2,140510,38485
ORD01718,01-05-2023,May,Priya Menon,Nagpur,Office Supplies,File Folder Set,4,1517,327
ORD01719,21-10-2022,October,Varun Chawla,Ahmedabad,Electronics,Monitor,2,27513,4140
ORD01720,02-12-2024,December,Varun Chawla,Surat,Electronics,Tablet,1,30490,4151
ORD01721,06-05-2022,May,Aditi Patel,Kolkata,Office Supplies,Printer Paper,2,1826,155
ORD01722,27-07-2024,July,Ishaan Gupta,Jaipur,Electronics,Mouse,1,1685,295
ORD01723,13-07-2024,July,Tanvi Kulkarni,Indore,Electronics,Monitor,4,78120,21165
ORD01724,13-12-2025,December,Aditi Patel,Chennai,Clothing,Formal Shirt,1,1703,274
ORD01725,23-02-2023,February,Sana Khan,Hyderabad,Furniture,Coffee Table,1,3002,640
ORD01726,27-06-2024,June,Priya Menon,Surat,Home & Kitchen,Mixer Grinder,1,2628,215
ORD01727,30-01-2023,January,Sneha Bose,Kolkata,Electronics,Mouse,1,1337,333
ORD01728,02-04-2024,April,Meera Shah,Bengaluru,Electronics,Speaker,1,2014,181
ORD01729,31-05-2025,May,Shreya Ghosh,Kochi,Clothing,Jeans,1,1806,272
ORD01730,07-07-2023,July,Karan Malhotra,Pune,Office Supplies,Stapler,6,949,185
ORD01731,12-10-2024,October,Zoya Das,Surat,Home & Kitchen,Table Lamp,1,950,264
ORD01732,28-10-2025,October,Kabir Jain,Kochi,Clothing,Sneakers,2,10276,2835
ORD01733,17-09-2025,September,Meera Shah,Bengaluru,Furniture,Desk,1,13961,1925
ORD01734,03-01-2022,January,Ira Mukherjee,Surat,Office Supplies,Notebook Set,3,1905,133
ORD01735,21-04-2023,April,Rohan Kulkarni,Nagpur,Home & Kitchen,Table Lamp,1,2549,673
ORD01736,03-11-2023,November,Arjun Mehta,Lucknow,Furniture,Desk,3,43004,11907
ORD01737,23-09-2023,September,Ishaan Gupta,Ahmedabad,Clothing,Jacket,3,14994,1344
ORD01738,26-01-2023,January,Riya Kapoor,Hyderabad,Furniture,Coffee Table,1,8152,634
ORD01739,28-10-2024,October,Vikram Rao,Mumbai,Clothing,Formal Shirt,2,2398,214
ORD01740,22-04-2023,April,Devika Pillai,Lucknow,Electronics,Monitor,5,53584,5860
ORD01741,28-03-2025,March,Sneha Bose,Lucknow,Home & Kitchen,Cookware Set,1,6652,1540
ORD01742,27-07-2022,July,Devika Pillai,Ahmedabad,Furniture,Coffee Table,1,9955,1007
ORD01743,05-03-2023,March,Shreya Ghosh,Lucknow,Home & Kitchen,Water Bottle,2,1745,184
ORD01744,20-12-2025,December,Vikram Rao,Kochi,Home & Kitchen,Mixer Grinder,1,5602,366
ORD01745,07-05-2022,May,Priya Menon,Surat,Home & Kitchen,Storage Container Set,4,3911,605
ORD01746,16-11-2025,November,Karan Malhotra,Surat,Electronics,Speaker,1,4046,303
ORD01747,25-07-2024,July,Aarav Sharma,Nagpur,Office Supplies,Pen Pack,1,99,8
ORD01748,12-04-2024,April,Rohan Kulkarni,Jaipur,Clothing,Formal Shirt,1,829,214
ORD01749,01-01-2022,January,Varun Chawla,Coimbatore,Home & Kitchen,Cookware Set,1,7841,804
ORD01750,24-07-2022,July,Neha Reddy,Lucknow,Electronics,Tablet,1,19695,2279
ORD01751,09-10-2022,October,Zoya Das,Chennai,Office Supplies,File Folder Set,3,1586,258
ORD01752,22-02-2024,February,Ananya Iyer,Jaipur,Furniture,Desk,1,21963,2726
ORD01753,19-12-2024,December,Rohan Kulkarni,Lucknow,Clothing,Sneakers,2,7129,986
ORD01754,22-06-2023,June,Neha Reddy,Nagpur,Furniture,Desk,2,30537,7194
ORD01755,08-10-2024,October,Simran Kaur,Mumbai,Furniture,Desk,3,60509,11502
ORD01756,17-02-2022,February,Aarav Sharma,Kochi,Office Supplies,File Folder Set,1,647,64
ORD01757,10-02-2025,February,Manish Yadav,Surat,Clothing,Jacket,4,6021,1493
ORD01758,30-04-2025,April,Rahul Joshi,Indore,Furniture,Coffee Table,4,22599,1690
ORD01759,27-12-2024,December,Rahul Joshi,Kolkata,Home & Kitchen,Air Fryer,6,65346,6895
ORD01760,04-09-2024,September,Ananya Iyer,Nagpur,Home & Kitchen,Cookware Set,1,2773,683
ORD01761,09-10-2023,October,Meera Shah,Lucknow,Furniture,Desk,3,24598,2490
ORD01762,28-07-2022,July,Vikram Rao,Pune,Office Supplies,Pen Pack,5,1185,264
ORD01763,31-08-2022,August,Rahul Joshi,Ahmedabad,Furniture,Dining Table,5,147932,11680
ORD01764,30-12-2024,December,Sana Khan,Jaipur,Home & Kitchen,Water Bottle,4,3252,766
ORD01765,11-04-2025,April,Diya Singh,Coimbatore,Home & Kitchen,Storage Container Set,1,1561,232
ORD01766,13-10-2025,October,Manish Yadav,Bengaluru,Electronics,Smartphone,1,59467,3985
ORD01767,02-12-2024,December,Aditi Patel,Delhi,Home & Kitchen,Air Fryer,1,6161,615
ORD01768,16-02-2022,February,Amit Verma,Coimbatore,Clothing,T-Shirt,2,1560,216
ORD01769,19-03-2025,March,Karan Malhotra,Coimbatore,Electronics,Keyboard,3,8869,2120
ORD01770,13-09-2024,September,Aarav Sharma,Ahmedabad,Home & Kitchen,Storage Container Set,1,1075,129
ORD01771,13-05-2022,May,Sneha Bose,Kolkata,Office Supplies,File Folder Set,1,434,48
ORD01772,12-07-2022,July,Sana Khan,Jaipur,Furniture,Office Chair,2,11321,1767
ORD01773,22-08-2022,August,Kabir Jain,Nagpur,Furniture,Desk,3,44608,8493
ORD01774,17-08-2025,August,Aarav Sharma,Chennai,Furniture,Bookshelf,2,21765,5578
ORD01775,29-01-2022,January,Devika Pillai,Chennai,Office Supplies,Desk Organizer,1,696,109
ORD01776,22-09-2024,September,Aarav Sharma,Delhi,Furniture,Bookshelf,1,5768,909
ORD01777,23-02-2024,February,Nikhil Bansal,Kochi,Office Supplies,Notebook Set,1,468,87
ORD01778,25-10-2024,October,Diya Singh,Kolkata,Office Supplies,Notebook Set,2,1096,121
ORD01779,02-12-2022,December,Aarav Sharma,Nagpur,Electronics,Monitor,2,41784,5795
ORD01780,15-12-2025,December,Sana Khan,Nagpur,Home & Kitchen,Mixer Grinder,1,3645,406
ORD01781,06-09-2025,September,Ananya Iyer,Surat,Electronics,Keyboard,6,14481,3333
ORD01782,03-07-2025,July,Sneha Bose,Lucknow,Home & Kitchen,Table Lamp,3,9377,2451
ORD01783,19-07-2025,July,Shreya Ghosh,Nagpur,Home & Kitchen,Mixer Grinder,3,33361,7602
ORD01784,06-09-2023,September,Karan Malhotra,Hyderabad,Office Supplies,Stapler,5,2114,387
ORD01785,20-04-2022,April,Varun Chawla,Indore,Furniture,Coffee Table,2,14755,1277
ORD01786,01-08-2022,August,Pooja Sethi,Coimbatore,Furniture,Office Chair,2,16433,1247
ORD01787,27-08-2025,August,Riya Kapoor,Pune,Electronics,Monitor,2,15861,3514
ORD01788,01-09-2022,September,Aditi Patel,Surat,Office Supplies,Notebook Set,2,760,184
ORD01789,17-12-2022,December,Meera Shah,Kochi,Electronics,Laptop,2,175684,39694
ORD01790,07-04-2024,April,Kavya Nair,Ahmedabad,Home & Kitchen,Mixer Grinder,2,9607,2415
ORD01791,05-03-2025,March,Sana Khan,Mumbai,Office Supplies,File Folder Set,2,656,51
ORD01792,05-09-2025,September,Shreya Ghosh,Pune,Electronics,Headphones,1,3899,914
ORD01793,22-05-2024,May,Sneha Bose,Ahmedabad,Electronics,Monitor,2,37107,10051
ORD01794,10-09-2024,September,Diya Singh,Chennai,Office Supplies,File Folder Set,2,507,116
ORD01795,10-03-2024,March,Shreya Ghosh,Hyderabad,Furniture,Coffee Table,3,31429,6089
ORD01796,23-09-2022,September,Shreya Ghosh,Hyderabad,Furniture,Dining Table,3,44499,7918
ORD01797,28-06-2025,June,Diya Singh,Bengaluru,Electronics,Smartphone,1,32185,4241
ORD01798,30-11-2025,November,Devika Pillai,Delhi,Electronics,Keyboard,6,17934,3103
ORD01799,22-03-2023,March,Nikhil Bansal,Lucknow,Office Supplies,File Folder Set,3,1846,378
ORD01800,28-11-2023,November,Ira Mukherjee,Coimbatore,Furniture,Bookshelf,2,13401,2974
ORD01801,01-09-2023,September,Diya Singh,Indore,Home & Kitchen,Mixer Grinder,1,4363,269
ORD01802,07-11-2023,November,Zoya Das,Delhi,Clothing,Sneakers,2,5714,765
ORD01803,17-04-2024,April,Devika Pillai,Lucknow,Furniture,Coffee Table,1,10151,1268
ORD01804,11-04-2023,April,Arjun Mehta,Nagpur,Furniture,Sofa,2,109414,30297
ORD01805,04-02-2022,February,Priya Menon,Indore,Clothing,T-Shirt,2,1361,199
ORD01806,20-12-2022,December,Rahul Joshi,Bengaluru,Electronics,Smartphone,3,66584,11521
ORD01807,08-07-2022,July,Kabir Jain,Jaipur,Furniture,Office Chair,3,35468,3579
ORD01808,27-12-2025,December,Meera Shah,Surat,Office Supplies,Notebook Set,1,406,73
ORD01809,04-02-2024,February,Karan Malhotra,Ahmedabad,Electronics,Mouse,1,1759,202
ORD01810,09-05-2024,May,Ananya Iyer,Ahmedabad,Office Supplies,Pen Pack,2,310,21
ORD01811,01-03-2024,March,Simran Kaur,Lucknow,Home & Kitchen,Cookware Set,3,15316,1756
ORD01812,05-09-2024,September,Ishaan Gupta,Kochi,Clothing,Sneakers,2,8641,578
ORD01813,04-10-2024,October,Vikram Rao,Chennai,Electronics,Tablet,3,80385,13260
ORD01814,19-02-2024,February,Riya Kapoor,Lucknow,Furniture,Coffee Table,2,19659,4372
ORD01815,19-02-2023,February,Rahul Joshi,Delhi,Electronics,Laptop,1,70474,7920
ORD01816,26-07-2025,July,Manish Yadav,Delhi,Furniture,Coffee Table,1,6861,1589
ORD01817,28-09-2025,September,Zoya Das,Pune,Home & Kitchen,Table Lamp,3,6869,471
ORD01818,01-03-2023,March,Varun Chawla,Ahmedabad,Clothing,T-Shirt,1,873,78
ORD01819,15-11-2025,November,Zoya Das,Surat,Office Supplies,File Folder Set,2,221,25
ORD01820,24-02-2024,February,Devika Pillai,Kolkata,Office Supplies,Stapler,1,512,83
ORD01821,17-02-2025,February,Neha Reddy,Bengaluru,Furniture,Dining Table,1,13342,1728
ORD01822,19-07-2022,July,Neha Reddy,Bengaluru,Furniture,Desk,3,39081,3302
ORD01823,20-11-2024,November,Ishaan Gupta,Lucknow,Electronics,Smartphone,2,54877,13242
ORD01824,02-08-2022,August,Aditya Desai,Chennai,Furniture,Desk,1,12171,3233
ORD01825,24-04-2024,April,Meera Shah,Surat,Furniture,Dining Table,1,31700,8272
ORD01826,17-07-2024,July,Aditya Desai,Pune,Furniture,Desk,2,21769,3124
ORD01827,27-04-2023,April,Meera Shah,Chennai,Furniture,Dining Table,2,58682,12799
ORD01828,01-08-2023,August,Devika Pillai,Nagpur,Office Supplies,Desk Organizer,4,4066,301
ORD01829,12-03-2023,March,Diya Singh,Surat,Home & Kitchen,Air Fryer,2,10340,998
ORD01830,30-06-2023,June,Aditya Desai,Mumbai,Electronics,Mouse,1,1564,174
ORD01831,23-02-2022,February,Ira Mukherjee,Ahmedabad,Clothing,Sneakers,1,4998,800
ORD01832,13-12-2022,December,Sneha Bose,Kolkata,Electronics,Smartphone,1,25760,5672
ORD01833,14-07-2022,July,Kavya Nair,Jaipur,Home & Kitchen,Mixer Grinder,3,29352,6596
ORD01834,27-07-2024,July,Diya Singh,Jaipur,Electronics,Tablet,1,13867,2052
ORD01835,05-03-2023,March,Varun Chawla,Hyderabad,Clothing,T-Shirt,2,1231,136
ORD01836,10-02-2025,February,Shreya Ghosh,Kolkata,Clothing,Jeans,1,1346,370
ORD01837,24-12-2024,December,Riya Kapoor,Indore,Clothing,Jeans,1,1873,454
ORD01838,24-03-2022,March,Simran Kaur,Bengaluru,Office Supplies,Notebook Set,2,1074,234
ORD01839,29-07-2024,July,Meera Shah,Nagpur,Office Supplies,File Folder Set,4,778,72
ORD01840,06-06-2023,June,Varun Chawla,Pune,Furniture,Coffee Table,2,7348,948
ORD01841,20-09-2022,September,Neha Reddy,Ahmedabad,Electronics,Laptop,2,145773,10908
ORD01842,23-12-2022,December,Ishaan Gupta,Chennai,Electronics,Keyboard,1,3189,515
ORD01843,27-12-2023,December,Vikram Rao,Hyderabad,Furniture,Coffee Table,2,13088,3020
ORD01844,12-09-2024,September,Karan Malhotra,Coimbatore,Electronics,Smartphone,2,61160,14937
ORD01845,02-06-2025,June,Rahul Joshi,Nagpur,Clothing,Sneakers,3,3068,200
ORD01846,06-02-2024,February,Ananya Iyer,Kochi,Office Supplies,Desk Organizer,3,1169,325
ORD01847,11-05-2023,May,Pooja Sethi,Mumbai,Electronics,Tablet,5,81527,20553
ORD01848,22-04-2025,April,Varun Chawla,Surat,Office Supplies,Notebook Set,3,1532,256
ORD01849,14-12-2023,December,Aditi Patel,Nagpur,Clothing,Jeans,1,2413,498
ORD01850,06-02-2025,February,Sneha Bose,Ahmedabad,Clothing,Formal Shirt,2,1558,110
ORD01851,15-05-2025,May,Rahul Joshi,Coimbatore,Home & Kitchen,Water Bottle,2,1075,216
ORD01852,30-07-2023,July,Aditi Patel,Pune,Furniture,Office Chair,1,14197,871
ORD01853,08-03-2025,March,Aarav Sharma,Ahmedabad,Electronics,Headphones,2,5147,1029
ORD01854,02-08-2022,August,Rahul Joshi,Nagpur,Electronics,Speaker,1,3858,311
ORD01855,03-03-2025,March,Kabir Jain,Surat,Home & Kitchen,Water Bottle,3,1274,188
ORD01856,03-08-2023,August,Ishaan Gupta,Ahmedabad,Home & Kitchen,Storage Container Set,1,527,104
ORD01857,08-04-2023,April,Vikram Rao,Indore,Electronics,Laptop,3,237543,55105
ORD01858,15-01-2023,January,Pooja Sethi,Pune,Home & Kitchen,Air Fryer,1,6046,423
ORD01859,01-06-2025,June,Sana Khan,Pune,Office Supplies,Printer Paper,1,268,24
ORD01860,23-10-2022,October,Rahul Joshi,Ahmedabad,Electronics,Speaker,1,7270,1656
ORD01861,01-05-2023,May,Devika Pillai,Nagpur,Home & Kitchen,Table Lamp,1,3052,229
ORD01862,07-02-2023,February,Pooja Sethi,Ahmedabad,Furniture,Sofa,3,51998,14470
ORD01863,14-08-2024,August,Ananya Iyer,Kochi,Electronics,Keyboard,3,13429,1714
ORD01864,28-06-2023,June,Tanvi Kulkarni,Nagpur,Office Supplies,Pen Pack,1,313,42
ORD01865,02-11-2024,November,Shreya Ghosh,Mumbai,Electronics,Speaker,4,8604,1237
ORD01866,15-11-2024,November,Aditi Patel,Indore,Office Supplies,Pen Pack,1,295,32
ORD01867,29-08-2023,August,Pooja Sethi,Mumbai,Furniture,Desk,1,9120,1301
ORD01868,11-05-2025,May,Neha Reddy,Indore,Clothing,Backpack,5,7872,1700
ORD01869,06-09-2024,September,Karan Malhotra,Pune,Electronics,Laptop,2,88265,19846
ORD01870,07-01-2024,January,Priya Menon,Bengaluru,Electronics,Keyboard,1,2096,139
ORD01871,30-05-2023,May,Manish Yadav,Pune,Clothing,Jacket,4,18862,3057
ORD01872,23-08-2025,August,Ishaan Gupta,Chennai,Electronics,Tablet,4,98147,11315
ORD01873,11-02-2024,February,Sana Khan,Lucknow,Office Supplies,Stapler,3,634,96
ORD01874,16-06-2024,June,Rahul Joshi,Chennai,Home & Kitchen,Table Lamp,2,4220,595
ORD01875,25-08-2023,August,Rahul Joshi,Kochi,Office Supplies,Desk Organizer,2,1918,267
ORD01876,27-11-2022,November,Nikhil Bansal,Bengaluru,Office Supplies,Notebook Set,4,2592,287
ORD01877,25-11-2024,November,Zoya Das,Surat,Home & Kitchen,Table Lamp,1,2357,345
ORD01878,05-01-2025,January,Kabir Jain,Surat,Clothing,Backpack,1,1702,253
ORD01879,29-05-2022,May,Priya Menon,Indore,Office Supplies,Desk Organizer,3,1051,211
ORD01880,01-04-2023,April,Sneha Bose,Pune,Electronics,Smartphone,5,194950,30269
ORD01881,21-12-2022,December,Sana Khan,Mumbai,Office Supplies,Notebook Set,1,638,113
ORD01882,22-11-2023,November,Shreya Ghosh,Lucknow,Electronics,Mouse,4,6196,1021
ORD01883,06-10-2023,October,Varun Chawla,Kolkata,Electronics,Monitor,1,14368,2894
ORD01884,25-10-2024,October,Tanvi Kulkarni,Kolkata,Electronics,Headphones,1,6901,811
ORD01885,15-09-2024,September,Amit Verma,Chennai,Home & Kitchen,Mixer Grinder,1,10221,1839
ORD01886,24-04-2025,April,Arjun Mehta,Kochi,Electronics,Tablet,2,26369,5268
ORD01887,28-06-2024,June,Ananya Iyer,Hyderabad,Furniture,Bookshelf,6,54979,12812
ORD01888,11-02-2022,February,Karan Malhotra,Bengaluru,Electronics,Tablet,5,111519,24996
ORD01889,20-10-2024,October,Manish Yadav,Kolkata,Furniture,Sofa,2,53187,10966
ORD01890,16-02-2024,February,Ira Mukherjee,Kolkata,Electronics,Headphones,3,20329,1805
ORD01891,23-04-2023,April,Arjun Mehta,Ahmedabad,Home & Kitchen,Table Lamp,2,1893,402
ORD01892,16-12-2024,December,Riya Kapoor,Delhi,Electronics,Smartphone,2,90635,12573
ORD01893,02-08-2023,August,Aditya Desai,Coimbatore,Electronics,Laptop,1,52571,5876
ORD01894,11-01-2024,January,Tanvi Kulkarni,Delhi,Home & Kitchen,Table Lamp,4,7383,1479
ORD01895,22-03-2024,March,Tanvi Kulkarni,Indore,Clothing,Jacket,1,2372,179
ORD01896,12-10-2025,October,Simran Kaur,Hyderabad,Electronics,Laptop,5,408721,44454
ORD01897,14-11-2025,November,Kabir Jain,Nagpur,Electronics,Laptop,2,161216,30318
ORD01898,25-06-2024,June,Arjun Mehta,Indore,Electronics,Headphones,2,4986,942
ORD01899,28-08-2023,August,Vikram Rao,Chennai,Furniture,Sofa,1,41862,3028
ORD01900,14-12-2025,December,Sneha Bose,Indore,Office Supplies,Printer Paper,2,1244,198
ORD01901,06-11-2023,November,Pooja Sethi,Ahmedabad,Office Supplies,Pen Pack,1,250,50
ORD01902,08-06-2024,June,Ishaan Gupta,Lucknow,Clothing,Sneakers,2,8808,2450
ORD01903,19-06-2022,June,Neha Reddy,Pune,Electronics,Laptop,1,56275,9574
ORD01904,26-03-2022,March,Rohan Kulkarni,Bengaluru,Electronics,Headphones,1,1658,438
ORD01905,14-10-2022,October,Nikhil Bansal,Jaipur,Furniture,Dining Table,1,24706,6198
ORD01906,09-06-2022,June,Neha Reddy,Kolkata,Home & Kitchen,Air Fryer,3,42443,7977
ORD01907,30-10-2023,October,Ira Mukherjee,Delhi,Furniture,Coffee Table,3,7895,1275
ORD01908,17-09-2024,September,Devika Pillai,Nagpur,Office Supplies,Pen Pack,1,245,32
ORD01909,21-09-2025,September,Sana Khan,Hyderabad,Home & Kitchen,Storage Container Set,1,868,155
ORD01910,14-07-2022,July,Ananya Iyer,Delhi,Electronics,Tablet,2,58258,14400
ORD01911,12-08-2024,August,Zoya Das,Coimbatore,Home & Kitchen,Water Bottle,2,1699,108
ORD01912,12-09-2023,September,Meera Shah,Delhi,Furniture,Desk,6,31209,3230
ORD01913,15-07-2022,July,Karan Malhotra,Pune,Clothing,T-Shirt,2,1694,418
ORD01914,17-10-2023,October,Sneha Bose,Lucknow,Electronics,Headphones,1,5648,1310
ORD01915,05-05-2023,May,Priya Menon,Mumbai,Office Supplies,Desk Organizer,2,1749,201
ORD01916,19-11-2025,November,Riya Kapoor,Ahmedabad,Clothing,Formal Shirt,1,1575,152
ORD01917,12-05-2024,May,Priya Menon,Lucknow,Electronics,Speaker,1,5092,1244
ORD01918,19-10-2023,October,Tanvi Kulkarni,Mumbai,Electronics,Monitor,2,27147,2853
ORD01919,06-03-2024,March,Priya Menon,Bengaluru,Electronics,Keyboard,2,5980,637
ORD01920,19-05-2024,May,Sneha Bose,Jaipur,Electronics,Mouse,3,5177,801
ORD01921,23-01-2024,January,Neha Reddy,Chennai,Clothing,Backpack,3,8228,1512
ORD01922,13-04-2023,April,Simran Kaur,Chennai,Furniture,Dining Table,2,59071,7062
ORD01923,25-05-2022,May,Arjun Mehta,Kochi,Furniture,Office Chair,1,11745,769
ORD01924,07-06-2024,June,Riya Kapoor,Pune,Home & Kitchen,Storage Container Set,1,833,224
ORD01925,17-12-2022,December,Ira Mukherjee,Pune,Electronics,Tablet,2,73390,6667
ORD01926,24-09-2022,September,Simran Kaur,Pune,Electronics,Monitor,4,63032,7992
ORD01927,06-01-2024,January,Neha Reddy,Kochi,Home & Kitchen,Table Lamp,1,2136,572
ORD01928,28-10-2025,October,Arjun Mehta,Chennai,Office Supplies,Notebook Set,1,611,65
ORD01929,24-08-2024,August,Ira Mukherjee,Ahmedabad,Furniture,Sofa,1,36906,2710
ORD01930,13-09-2025,September,Priya Menon,Indore,Electronics,Headphones,1,6329,1393
ORD01931,15-10-2024,October,Meera Shah,Coimbatore,Clothing,Backpack,1,876,184
ORD01932,26-11-2023,November,Pooja Sethi,Delhi,Clothing,Backpack,1,1421,100
ORD01933,04-09-2024,September,Aditya Desai,Bengaluru,Electronics,Laptop,2,162404,36344
ORD01934,12-10-2025,October,Karan Malhotra,Chennai,Furniture,Coffee Table,2,16547,1410
ORD01935,12-07-2022,July,Rohan Kulkarni,Coimbatore,Furniture,Dining Table,1,18117,3514
ORD01936,28-03-2023,March,Rahul Joshi,Ahmedabad,Office Supplies,Pen Pack,1,196,36
ORD01937,02-12-2024,December,Sneha Bose,Hyderabad,Home & Kitchen,Storage Container Set,1,1198,162
ORD01938,11-12-2022,December,Riya Kapoor,Chennai,Electronics,Smartphone,1,39974,4304
ORD01939,20-11-2023,November,Aditya Desai,Kochi,Furniture,Office Chair,6,69903,4879
ORD01940,15-11-2022,November,Karan Malhotra,Kolkata,Clothing,Formal Shirt,1,765,161
ORD01941,28-05-2025,May,Sana Khan,Lucknow,Office Supplies,Desk Organizer,1,762,166
ORD01942,17-06-2023,June,Devika Pillai,Kolkata,Electronics,Tablet,2,33332,6165
ORD01943,12-01-2024,January,Ira Mukherjee,Bengaluru,Electronics,Headphones,3,19942,2121
ORD01944,16-10-2025,October,Aditi Patel,Kolkata,Furniture,Bookshelf,2,11454,1337
ORD01945,04-08-2024,August,Nikhil Bansal,Nagpur,Furniture,Desk,1,21455,5702
ORD01946,02-03-2025,March,Manish Yadav,Kolkata,Clothing,Jacket,2,12594,929
ORD01947,11-09-2023,September,Simran Kaur,Coimbatore,Clothing,Formal Shirt,1,1505,359
ORD01948,26-12-2025,December,Kavya Nair,Kochi,Electronics,Monitor,4,91561,8423
ORD01949,13-04-2025,April,Vikram Rao,Pune,Clothing,Formal Shirt,1,2655,567
ORD01950,16-01-2023,January,Tanvi Kulkarni,Jaipur,Clothing,T-Shirt,5,3801,358
ORD01951,26-10-2023,October,Zoya Das,Lucknow,Electronics,Laptop,2,152906,42535
ORD01952,25-08-2025,August,Tanvi Kulkarni,Kochi,Furniture,Sofa,3,172180,45042
ORD01953,13-03-2022,March,Devika Pillai,Surat,Electronics,Tablet,3,104291,6518
ORD01954,08-09-2024,September,Nikhil Bansal,Ahmedabad,Furniture,Sofa,2,94620,7704
ORD01955,26-01-2025,January,Aarav Sharma,Nagpur,Furniture,Office Chair,1,8364,1050
ORD01956,06-06-2022,June,Devika Pillai,Nagpur,Home & Kitchen,Table Lamp,4,9415,1941
ORD01957,05-01-2023,January,Ishaan Gupta,Surat,Electronics,Laptop,2,149906,12011
ORD01958,23-07-2023,July,Kabir Jain,Coimbatore,Furniture,Coffee Table,4,33847,8429
ORD01959,15-02-2024,February,Manish Yadav,Hyderabad,Clothing,T-Shirt,2,2276,183
ORD01960,07-09-2024,September,Kavya Nair,Pune,Clothing,Jacket,1,5558,826
ORD01961,20-03-2025,March,Karan Malhotra,Surat,Home & Kitchen,Mixer Grinder,1,11045,1976
ORD01962,04-05-2022,May,Nikhil Bansal,Hyderabad,Electronics,Smartphone,3,70436,17835
ORD01963,04-06-2022,June,Aditya Desai,Hyderabad,Home & Kitchen,Storage Container Set,4,2082,294
ORD01964,02-07-2022,July,Neha Reddy,Coimbatore,Clothing,Sneakers,4,10962,1338
ORD01965,05-08-2024,August,Ira Mukherjee,Bengaluru,Home & Kitchen,Water Bottle,1,934,254
ORD01966,18-09-2024,September,Vikram Rao,Mumbai,Clothing,Jeans,2,5059,814
ORD01967,27-04-2022,April,Vikram Rao,Pune,Clothing,Backpack,1,2216,547
ORD01968,27-05-2024,May,Aarav Sharma,Chennai,Clothing,Jacket,3,12083,2801
ORD01969,23-09-2024,September,Rohan Kulkarni,Delhi,Electronics,Tablet,2,24855,6819
ORD01970,22-02-2025,February,Riya Kapoor,Nagpur,Home & Kitchen,Water Bottle,1,289,37
ORD01971,14-05-2022,May,Aditya Desai,Jaipur,Furniture,Bookshelf,2,20962,1349
ORD01972,14-03-2025,March,Rahul Joshi,Kolkata,Clothing,Jacket,3,9247,1294
ORD01973,14-05-2022,May,Arjun Mehta,Mumbai,Furniture,Desk,3,38094,6692
ORD01974,20-11-2025,November,Rohan Kulkarni,Chennai,Electronics,Monitor,2,26236,3019
ORD01975,07-12-2025,December,Rahul Joshi,Hyderabad,Electronics,Monitor,2,24839,5500
ORD01976,22-03-2025,March,Shreya Ghosh,Ahmedabad,Furniture,Bookshelf,3,13582,1537
ORD01977,07-06-2022,June,Sneha Bose,Mumbai,Office Supplies,Desk Organizer,3,1863,356
ORD01978,05-09-2022,September,Arjun Mehta,Hyderabad,Furniture,Desk,2,43052,9489
ORD01979,20-01-2023,January,Neha Reddy,Ahmedabad,Furniture,Sofa,2,65280,10898
ORD01980,07-11-2025,November,Shreya Ghosh,Pune,Clothing,Jeans,1,3209,622
ORD01981,24-01-2025,January,Simran Kaur,Hyderabad,Home & Kitchen,Mixer Grinder,2,5307,513
ORD01982,25-10-2025,October,Neha Reddy,Kolkata,Office Supplies,Printer Paper,1,784,53
ORD01983,18-01-2022,January,Neha Reddy,Pune,Electronics,Tablet,1,26389,3026
ORD01984,17-03-2024,March,Tanvi Kulkarni,Bengaluru,Clothing,Backpack,3,7720,526
ORD01985,05-09-2023,September,Aditya Desai,Pune,Home & Kitchen,Cookware Set,2,13199,2938
ORD01986,02-06-2024,June,Sana Khan,Nagpur,Clothing,Jeans,1,3082,607
ORD01987,06-07-2025,July,Nikhil Bansal,Hyderabad,Home & Kitchen,Mixer Grinder,2,9759,2246
ORD01988,15-06-2024,June,Ishaan Gupta,Kochi,Furniture,Dining Table,1,11534,2990
ORD01989,23-08-2025,August,Amit Verma,Lucknow,Furniture,Sofa,3,142535,25669
ORD01990,05-11-2024,November,Kavya Nair,Bengaluru,Electronics,Smartphone,1,45537,9727
ORD01991,21-02-2025,February,Riya Kapoor,Hyderabad,Clothing,T-Shirt,2,521,52
ORD01992,11-09-2022,September,Meera Shah,Coimbatore,Furniture,Office Chair,1,8297,571
ORD01993,30-11-2025,November,Amit Verma,Nagpur,Furniture,Dining Table,1,23700,4473
ORD01994,22-08-2022,August,Kabir Jain,Surat,Office Supplies,Pen Pack,2,605,146
ORD01995,08-08-2022,August,Ishaan Gupta,Coimbatore,Electronics,Speaker,1,2184,193
ORD01996,28-12-2023,December,Meera Shah,Pune,Home & Kitchen,Cookware Set,1,8768,1300
ORD01997,04-08-2024,August,Ishaan Gupta,Lucknow,Clothing,Jacket,1,5468,586
ORD01998,06-11-2024,November,Sana Khan,Hyderabad,Home & Kitchen,Table Lamp,1,2102,406
ORD01999,09-05-2023,May,Shreya Ghosh,Nagpur,Home & Kitchen,Table Lamp,2,1922,264
ORD02000,24-06-2022,June,Ishaan Gupta,Bengaluru,Electronics,Tablet,1,12105,760
ORD02001,14-04-2025,April,Sana Khan,Surat,Home & Kitchen,Cookware Set,1,4489,769
ORD02002,21-12-2025,December,Rohan Kulkarni,Bengaluru,Clothing,Jeans,2,5473,684
ORD02003,17-12-2022,December,Meera Shah,Surat,Electronics,Laptop,1,57204,10197
ORD02004,17-01-2024,January,Manish Yadav,Kolkata,Furniture,Coffee Table,1,5483,508
ORD02005,20-12-2024,December,Arjun Mehta,Delhi,Home & Kitchen,Storage Container Set,1,1505,241
ORD02006,05-06-2023,June,Rohan Kulkarni,Jaipur,Clothing,Sneakers,1,5020,1335
ORD02007,24-11-2023,November,Kavya Nair,Mumbai,Home & Kitchen,Water Bottle,2,1649,251
ORD02008,10-09-2024,September,Riya Kapoor,Surat,Electronics,Mouse,1,1956,344
ORD02009,22-05-2024,May,Riya Kapoor,Chennai,Furniture,Coffee Table,2,18278,4808
ORD02010,01-05-2023,May,Ananya Iyer,Bengaluru,Home & Kitchen,Water Bottle,1,367,33
ORD02011,23-09-2023,September,Kabir Jain,Jaipur,Furniture,Bookshelf,5,20319,4629
ORD02012,05-10-2023,October,Amit Verma,Lucknow,Furniture,Office Chair,1,7657,1073
ORD02013,24-10-2025,October,Nikhil Bansal,Hyderabad,Clothing,Jacket,4,15777,2020
ORD02014,26-09-2023,September,Kabir Jain,Ahmedabad,Home & Kitchen,Cookware Set,1,5140,821
ORD02015,05-08-2023,August,Arjun Mehta,Kochi,Electronics,Smartphone,4,169734,31387
ORD02016,23-04-2023,April,Shreya Ghosh,Indore,Office Supplies,Notebook Set,1,448,63
ORD02017,27-03-2025,March,Ira Mukherjee,Indore,Electronics,Smartphone,1,19939,4534
ORD02018,26-12-2024,December,Kabir Jain,Kochi,Electronics,Smartphone,1,18254,2503
ORD02019,13-09-2023,September,Priya Menon,Kochi,Office Supplies,Printer Paper,2,949,232
ORD02020,30-11-2025,November,Rohan Kulkarni,Nagpur,Office Supplies,File Folder Set,2,300,77
ORD02021,11-11-2025,November,Kabir Jain,Indore,Home & Kitchen,Mixer Grinder,2,18878,3703
ORD02022,18-03-2023,March,Simran Kaur,Surat,Office Supplies,File Folder Set,1,655,134
ORD02023,23-02-2024,February,Aditi Patel,Bengaluru,Office Supplies,Pen Pack,1,80,13
ORD02024,05-07-2022,July,Neha Reddy,Coimbatore,Office Supplies,Desk Organizer,1,1170,156
ORD02025,12-02-2022,February,Vikram Rao,Jaipur,Office Supplies,Desk Organizer,1,345,43
ORD02026,18-08-2022,August,Amit Verma,Mumbai,Clothing,Formal Shirt,1,1732,128
ORD02027,05-06-2022,June,Tanvi Kulkarni,Mumbai,Electronics,Headphones,1,8170,1552
ORD02028,17-07-2025,July,Meera Shah,Indore,Office Supplies,Stapler,2,549,35
ORD02029,10-03-2022,March,Karan Malhotra,Jaipur,Furniture,Sofa,2,118591,8163
ORD02030,10-07-2022,July,Diya Singh,Bengaluru,Clothing,Sneakers,4,4430,1149
ORD02031,24-10-2024,October,Pooja Sethi,Kochi,Furniture,Bookshelf,2,20479,4078
ORD02032,21-08-2025,August,Simran Kaur,Delhi,Office Supplies,Notebook Set,1,473,125
ORD02033,11-05-2025,May,Neha Reddy,Chennai,Furniture,Dining Table,5,77012,10220
ORD02034,08-02-2025,February,Kabir Jain,Lucknow,Electronics,Tablet,3,109435,21653
ORD02035,23-02-2024,February,Sana Khan,Kochi,Electronics,Laptop,1,56945,12924
ORD02036,14-02-2022,February,Sneha Bose,Mumbai,Electronics,Smartphone,1,31244,5430
ORD02037,27-05-2023,May,Rohan Kulkarni,Indore,Office Supplies,Pen Pack,4,1184,162
ORD02038,20-11-2025,November,Varun Chawla,Lucknow,Office Supplies,Stapler,1,518,80
ORD02039,08-09-2023,September,Karan Malhotra,Pune,Furniture,Bookshelf,3,35033,9686
ORD02040,22-05-2022,May,Varun Chawla,Delhi,Electronics,Tablet,3,98895,24576
ORD02041,31-03-2023,March,Meera Shah,Lucknow,Office Supplies,Notebook Set,1,289,35
ORD02042,26-05-2022,May,Priya Menon,Hyderabad,Office Supplies,Stapler,2,448,117
ORD02043,21-04-2023,April,Karan Malhotra,Bengaluru,Furniture,Office Chair,2,15239,2779
ORD02044,29-06-2022,June,Vikram Rao,Ahmedabad,Electronics,Keyboard,6,23648,4542
ORD02045,29-02-2024,February,Arjun Mehta,Kolkata,Furniture,Desk,3,19139,4397
ORD02046,06-10-2022,October,Meera Shah,Lucknow,Electronics,Speaker,2,6113,1367
ORD02047,17-01-2023,January,Neha Reddy,Hyderabad,Office Supplies,Printer Paper,3,1354,268
ORD02048,19-07-2024,July,Shreya Ghosh,Pune,Furniture,Sofa,2,64043,11115
ORD02049,28-07-2024,July,Sana Khan,Pune,Electronics,Mouse,3,5547,1425
ORD02050,26-07-2024,July,Sneha Bose,Nagpur,Home & Kitchen,Cookware Set,1,3228,564
ORD02051,18-11-2024,November,Kabir Jain,Bengaluru,Office Supplies,Desk Organizer,6,5245,1367
ORD02052,04-02-2025,February,Meera Shah,Ahmedabad,Furniture,Sofa,2,126363,34661
ORD02053,12-01-2023,January,Karan Malhotra,Delhi,Office Supplies,Notebook Set,2,524,46
ORD02054,05-11-2025,November,Rohan Kulkarni,Mumbai,Office Supplies,Desk Organizer,3,1476,321
ORD02055,12-11-2024,November,Karan Malhotra,Kochi,Electronics,Smartphone,2,40652,3013
ORD02056,13-01-2022,January,Varun Chawla,Indore,Furniture,Sofa,1,27830,2602
ORD02057,24-11-2024,November,Aarav Sharma,Jaipur,Office Supplies,Pen Pack,5,774,109
ORD02058,30-11-2023,November,Karan Malhotra,Surat,Home & Kitchen,Air Fryer,2,25996,3907
ORD02059,01-01-2022,January,Sana Khan,Coimbatore,Furniture,Coffee Table,2,15689,2168
ORD02060,30-11-2023,November,Diya Singh,Ahmedabad,Clothing,Sneakers,3,4246,1168
ORD02061,17-04-2023,April,Manish Yadav,Lucknow,Home & Kitchen,Water Bottle,5,4613,1169
ORD02062,02-05-2023,May,Diya Singh,Kolkata,Electronics,Smartphone,2,43117,9515
ORD02063,07-06-2024,June,Neha Reddy,Pune,Clothing,Sneakers,2,3204,650
ORD02064,03-04-2023,April,Ishaan Gupta,Surat,Furniture,Desk,1,21686,3931
ORD02065,23-08-2024,August,Amit Verma,Indore,Electronics,Mouse,4,5386,378
ORD02066,09-04-2025,April,Kavya Nair,Chennai,Electronics,Speaker,5,37613,6585
ORD02067,09-10-2022,October,Kavya Nair,Bengaluru,Office Supplies,Desk Organizer,5,4674,614
ORD02068,03-07-2023,July,Rahul Joshi,Kolkata,Clothing,Jacket,2,10468,2417
ORD02069,09-01-2024,January,Zoya Das,Pune,Clothing,Formal Shirt,1,1522,285
ORD02070,23-07-2022,July,Tanvi Kulkarni,Nagpur,Furniture,Desk,3,20032,1608
ORD02071,12-03-2022,March,Arjun Mehta,Kolkata,Office Supplies,Pen Pack,1,210,26
ORD02072,11-11-2024,November,Priya Menon,Coimbatore,Office Supplies,Stapler,3,409,77
ORD02073,25-03-2024,March,Kabir Jain,Delhi,Home & Kitchen,Air Fryer,1,5572,1069
ORD02074,29-01-2023,January,Riya Kapoor,Lucknow,Electronics,Smartphone,3,115907,26459
ORD02075,10-09-2024,September,Kavya Nair,Kochi,Clothing,T-Shirt,4,2584,630
ORD02076,07-12-2024,December,Riya Kapoor,Pune,Office Supplies,Desk Organizer,2,1965,118
ORD02077,12-02-2025,February,Kabir Jain,Hyderabad,Office Supplies,Notebook Set,5,2915,446
ORD02078,27-02-2025,February,Nikhil Bansal,Mumbai,Furniture,Coffee Table,2,6549,806
ORD02079,02-12-2023,December,Simran Kaur,Nagpur,Furniture,Bookshelf,3,35088,7986
ORD02080,06-08-2024,August,Kabir Jain,Ahmedabad,Home & Kitchen,Water Bottle,2,1075,142
ORD02081,26-11-2022,November,Vikram Rao,Indore,Furniture,Sofa,3,116912,17507
ORD02082,09-09-2024,September,Aditya Desai,Jaipur,Electronics,Tablet,1,30096,6459
ORD02083,06-06-2023,June,Amit Verma,Kolkata,Clothing,Jeans,1,1375,350
ORD02084,10-07-2024,July,Ira Mukherjee,Kochi,Electronics,Speaker,2,10785,699
ORD02085,08-05-2022,May,Shreya Ghosh,Ahmedabad,Home & Kitchen,Water Bottle,2,1162,244
ORD02086,23-03-2023,March,Rohan Kulkarni,Chennai,Electronics,Smartphone,3,155708,23797
ORD02087,27-04-2025,April,Sana Khan,Chennai,Home & Kitchen,Water Bottle,2,383,34
ORD02088,27-01-2023,January,Riya Kapoor,Pune,Clothing,Backpack,1,2750,182
ORD02089,19-06-2023,June,Amit Verma,Kochi,Electronics,Monitor,5,38748,5298
ORD02090,27-04-2022,April,Riya Kapoor,Jaipur,Electronics,Mouse,1,958,73
ORD02091,17-10-2023,October,Neha Reddy,Bengaluru,Electronics,Laptop,2,91672,17635
ORD02092,13-11-2025,November,Amit Verma,Surat,Electronics,Mouse,1,839,150
ORD02093,18-01-2023,January,Kabir Jain,Delhi,Electronics,Mouse,5,9207,2487
ORD02094,26-07-2025,July,Kavya Nair,Ahmedabad,Clothing,T-Shirt,3,1537,175
ORD02095,10-11-2022,November,Kabir Jain,Chennai,Home & Kitchen,Cookware Set,2,12537,1573
ORD02096,22-05-2025,May,Devika Pillai,Kochi,Electronics,Speaker,1,2228,149
ORD02097,11-11-2022,November,Varun Chawla,Chennai,Furniture,Sofa,1,24773,3420
ORD02098,25-07-2025,July,Kabir Jain,Pune,Furniture,Dining Table,1,16629,2056
ORD02099,19-05-2025,May,Amit Verma,Surat,Home & Kitchen,Mixer Grinder,1,9668,2026
ORD02100,12-01-2024,January,Kavya Nair,Delhi,Home & Kitchen,Mixer Grinder,1,3076,722
ORD02101,16-03-2024,March,Nikhil Bansal,Mumbai,Home & Kitchen,Cookware Set,3,8770,1827
ORD02102,18-06-2023,June,Rahul Joshi,Pune,Clothing,Formal Shirt,2,5252,1434
ORD02103,10-08-2022,August,Ira Mukherjee,Indore,Home & Kitchen,Mixer Grinder,3,24283,2652
ORD02104,03-03-2022,March,Zoya Das,Kolkata,Electronics,Tablet,3,76210,16819
ORD02105,08-01-2023,January,Priya Menon,Pune,Home & Kitchen,Table Lamp,1,550,117
ORD02106,22-08-2025,August,Aditi Patel,Lucknow,Home & Kitchen,Water Bottle,6,3117,779
ORD02107,03-03-2025,March,Diya Singh,Indore,Electronics,Laptop,5,216866,54978
ORD02108,23-05-2024,May,Shreya Ghosh,Ahmedabad,Electronics,Smartphone,3,130442,13428
ORD02109,18-02-2023,February,Manish Yadav,Bengaluru,Home & Kitchen,Water Bottle,2,1650,261
ORD02110,12-10-2024,October,Pooja Sethi,Nagpur,Electronics,Headphones,1,4687,771
ORD02111,16-12-2023,December,Manish Yadav,Chennai,Electronics,Keyboard,2,7957,950
ORD02112,01-10-2023,October,Devika Pillai,Coimbatore,Electronics,Speaker,1,5926,1512
ORD02113,17-08-2023,August,Aarav Sharma,Coimbatore,Office Supplies,Stapler,2,339,91
ORD02114,21-03-2024,March,Zoya Das,Pune,Office Supplies,Printer Paper,1,338,91
ORD02115,17-06-2025,June,Amit Verma,Coimbatore,Electronics,Laptop,2,86497,11142
ORD02116,11-05-2022,May,Shreya Ghosh,Nagpur,Furniture,Office Chair,1,12048,1128
ORD02117,07-06-2024,June,Arjun Mehta,Delhi,Office Supplies,Pen Pack,1,244,45
ORD02118,25-10-2023,October,Riya Kapoor,Hyderabad,Electronics,Smartphone,2,102949,7015
ORD02119,22-02-2022,February,Sana Khan,Kochi,Electronics,Monitor,3,54465,8749
ORD02120,05-06-2023,June,Manish Yadav,Kolkata,Furniture,Desk,1,11415,1556
ORD02121,14-10-2023,October,Ananya Iyer,Nagpur,Clothing,Jacket,2,4625,1127
ORD02122,17-06-2024,June,Aditya Desai,Indore,Electronics,Keyboard,1,2335,494
ORD02123,20-08-2025,August,Simran Kaur,Bengaluru,Home & Kitchen,Table Lamp,1,2155,152
ORD02124,19-05-2024,May,Priya Menon,Surat,Home & Kitchen,Storage Container Set,5,8167,1372
ORD02125,12-08-2024,August,Pooja Sethi,Mumbai,Furniture,Office Chair,1,7852,1211
ORD02126,20-12-2022,December,Vikram Rao,Lucknow,Electronics,Keyboard,1,828,174
ORD02127,16-03-2024,March,Aarav Sharma,Bengaluru,Office Supplies,Desk Organizer,1,398,97
ORD02128,07-04-2022,April,Karan Malhotra,Coimbatore,Home & Kitchen,Table Lamp,2,5257,1414
ORD02129,11-01-2025,January,Varun Chawla,Kolkata,Office Supplies,Desk Organizer,1,787,77
ORD02130,15-09-2025,September,Diya Singh,Hyderabad,Clothing,T-Shirt,1,1028,229
ORD02131,20-08-2023,August,Kavya Nair,Mumbai,Electronics,Monitor,4,52095,3136
ORD02132,26-06-2023,June,Simran Kaur,Ahmedabad,Office Supplies,Notebook Set,1,136,35
ORD02133,28-04-2025,April,Diya Singh,Hyderabad,Furniture,Coffee Table,1,9859,776
ORD02134,07-02-2023,February,Vikram Rao,Lucknow,Electronics,Tablet,2,55556,15553
ORD02135,06-04-2024,April,Ishaan Gupta,Nagpur,Home & Kitchen,Water Bottle,1,293,38
ORD02136,01-04-2022,April,Karan Malhotra,Ahmedabad,Home & Kitchen,Cookware Set,3,16548,2577
ORD02137,04-04-2023,April,Neha Reddy,Lucknow,Home & Kitchen,Mixer Grinder,6,29600,8231
ORD02138,13-03-2023,March,Simran Kaur,Coimbatore,Furniture,Coffee Table,4,30332,4653
ORD02139,14-05-2022,May,Neha Reddy,Delhi,Electronics,Tablet,2,47647,11017
ORD02140,31-05-2024,May,Aarav Sharma,Kolkata,Furniture,Coffee Table,4,25061,2032
ORD02141,22-04-2023,April,Sana Khan,Kolkata,Clothing,Backpack,1,2341,541
ORD02142,03-04-2024,April,Rohan Kulkarni,Chennai,Home & Kitchen,Cookware Set,3,24309,5995
ORD02143,02-03-2022,March,Priya Menon,Coimbatore,Office Supplies,Notebook Set,2,442,62
ORD02144,20-04-2022,April,Meera Shah,Chennai,Furniture,Office Chair,3,20753,1311
ORD02145,17-04-2024,April,Ishaan Gupta,Bengaluru,Electronics,Laptop,1,44962,11056
ORD02146,23-01-2025,January,Ira Mukherjee,Pune,Electronics,Smartphone,2,70521,11031
ORD02147,24-05-2025,May,Ananya Iyer,Mumbai,Furniture,Sofa,2,44261,6499
ORD02148,10-05-2024,May,Devika Pillai,Kolkata,Furniture,Dining Table,2,19741,4155
ORD02149,19-03-2023,March,Ananya Iyer,Mumbai,Home & Kitchen,Cookware Set,3,13811,1192
ORD02150,18-05-2024,May,Shreya Ghosh,Delhi,Electronics,Speaker,2,3794,805
ORD02151,28-07-2023,July,Karan Malhotra,Lucknow,Office Supplies,File Folder Set,1,181,18
ORD02152,31-07-2025,July,Riya Kapoor,Nagpur,Electronics,Headphones,1,4807,1006
ORD02153,01-04-2025,April,Varun Chawla,Ahmedabad,Home & Kitchen,Air Fryer,6,56521,11674
ORD02154,29-09-2024,September,Arjun Mehta,Kochi,Electronics,Speaker,2,7532,1674
ORD02155,29-01-2025,January,Ira Mukherjee,Jaipur,Home & Kitchen,Cookware Set,2,6872,1176
ORD02156,21-09-2022,September,Sneha Bose,Delhi,Electronics,Speaker,2,11371,2179
ORD02157,29-02-2024,February,Rahul Joshi,Bengaluru,Clothing,Formal Shirt,5,5492,601
ORD02158,09-11-2022,November,Manish Yadav,Ahmedabad,Electronics,Mouse,1,586,98
ORD02159,02-12-2023,December,Ananya Iyer,Surat,Electronics,Laptop,1,54148,4655
ORD02160,26-10-2024,October,Priya Menon,Hyderabad,Electronics,Keyboard,4,15127,4072
ORD02161,28-12-2023,December,Sneha Bose,Ahmedabad,Electronics,Smartphone,2,112154,22489
ORD02162,22-11-2025,November,Ira Mukherjee,Mumbai,Electronics,Keyboard,3,6630,1229
ORD02163,03-11-2023,November,Ishaan Gupta,Lucknow,Electronics,Tablet,2,38910,4695
ORD02164,27-10-2025,October,Diya Singh,Coimbatore,Office Supplies,File Folder Set,1,294,72
ORD02165,25-08-2022,August,Manish Yadav,Hyderabad,Office Supplies,Pen Pack,1,110,11
ORD02166,25-12-2023,December,Amit Verma,Chennai,Home & Kitchen,Mixer Grinder,2,9150,1534
ORD02167,23-07-2024,July,Riya Kapoor,Indore,Electronics,Smartphone,4,135751,19340
ORD02168,29-09-2024,September,Riya Kapoor,Hyderabad,Office Supplies,Pen Pack,1,119,28
ORD02169,08-09-2022,September,Manish Yadav,Pune,Home & Kitchen,Air Fryer,2,15646,3295
ORD02170,11-05-2022,May,Devika Pillai,Kolkata,Home & Kitchen,Air Fryer,3,28000,5489
ORD02171,15-03-2022,March,Zoya Das,Surat,Furniture,Bookshelf,1,3511,799
ORD02172,20-11-2023,November,Nikhil Bansal,Kochi,Furniture,Dining Table,5,72942,11608
ORD02173,30-07-2023,July,Vikram Rao,Ahmedabad,Home & Kitchen,Table Lamp,3,6151,1386
ORD02174,31-03-2022,March,Pooja Sethi,Pune,Electronics,Smartphone,2,104021,21420
ORD02175,22-04-2024,April,Kabir Jain,Kochi,Furniture,Desk,1,14703,887
ORD02176,21-05-2023,May,Diya Singh,Lucknow,Clothing,Formal Shirt,3,6948,1539
ORD02177,07-08-2025,August,Diya Singh,Lucknow,Electronics,Monitor,3,68336,8021
ORD02178,07-08-2024,August,Shreya Ghosh,Hyderabad,Office Supplies,Desk Organizer,1,451,33
ORD02179,08-05-2024,May,Priya Menon,Mumbai,Home & Kitchen,Cookware Set,2,10908,1647
ORD02180,04-11-2022,November,Nikhil Bansal,Kochi,Clothing,Jeans,1,3319,795
ORD02181,30-11-2023,November,Ananya Iyer,Jaipur,Furniture,Bookshelf,3,13103,1604
ORD02182,29-09-2023,September,Aditya Desai,Coimbatore,Electronics,Mouse,2,865,101
ORD02183,07-01-2023,January,Ishaan Gupta,Pune,Clothing,Formal Shirt,2,5455,1125
ORD02184,08-07-2024,July,Ishaan Gupta,Lucknow,Home & Kitchen,Table Lamp,2,4537,761
ORD02185,02-06-2024,June,Rohan Kulkarni,Coimbatore,Furniture,Dining Table,1,23206,3051
ORD02186,14-08-2024,August,Amit Verma,Kochi,Electronics,Keyboard,1,999,92
ORD02187,08-06-2025,June,Shreya Ghosh,Pune,Home & Kitchen,Table Lamp,5,3000,357
ORD02188,03-10-2025,October,Sneha Bose,Kochi,Electronics,Smartphone,4,240092,38398
ORD02189,06-01-2022,January,Aditya Desai,Hyderabad,Home & Kitchen,Storage Container Set,5,6405,542
ORD02190,02-11-2025,November,Amit Verma,Indore,Electronics,Headphones,1,5318,1327
ORD02191,12-08-2022,August,Kabir Jain,Nagpur,Electronics,Laptop,3,220432,50867
ORD02192,26-04-2022,April,Diya Singh,Lucknow,Home & Kitchen,Storage Container Set,1,1620,295
ORD02193,09-02-2022,February,Neha Reddy,Hyderabad,Electronics,Speaker,1,3570,514
ORD02194,20-05-2025,May,Kabir Jain,Mumbai,Furniture,Office Chair,1,11607,1655
ORD02195,22-07-2022,July,Kavya Nair,Surat,Furniture,Desk,3,14995,1061
ORD02196,25-08-2023,August,Zoya Das,Lucknow,Furniture,Coffee Table,1,6030,676
ORD02197,25-06-2022,June,Karan Malhotra,Jaipur,Office Supplies,Notebook Set,2,963,151
ORD02198,01-09-2023,September,Ira Mukherjee,Surat,Furniture,Coffee Table,1,4733,801
ORD02199,30-12-2023,December,Diya Singh,Jaipur,Electronics,Mouse,1,590,60
ORD02200,01-07-2022,July,Nikhil Bansal,Jaipur,Home & Kitchen,Cookware Set,2,12094,1099
ORD02201,20-05-2025,May,Arjun Mehta,Indore,Electronics,Monitor,5,52457,11900
ORD02202,07-12-2024,December,Diya Singh,Kochi,Furniture,Desk,2,10178,905
ORD02203,28-03-2022,March,Manish Yadav,Jaipur,Clothing,Backpack,3,4735,989
ORD02204,01-09-2023,September,Karan Malhotra,Coimbatore,Home & Kitchen,Air Fryer,1,11764,3201
ORD02205,11-06-2025,June,Pooja Sethi,Hyderabad,Furniture,Dining Table,3,82507,5437
ORD02206,21-06-2025,June,Nikhil Bansal,Bengaluru,Office Supplies,File Folder Set,1,140,13
ORD02207,16-03-2023,March,Manish Yadav,Indore,Electronics,Speaker,1,4297,1153
ORD02208,18-05-2025,May,Aditi Patel,Indore,Electronics,Laptop,1,59970,12285
ORD02209,19-09-2025,September,Riya Kapoor,Delhi,Electronics,Smartphone,3,171329,25441
ORD02210,06-01-2023,January,Zoya Das,Chennai,Clothing,Jacket,2,11434,1351
ORD02211,08-07-2022,July,Sneha Bose,Nagpur,Home & Kitchen,Storage Container Set,1,729,98
ORD02212,07-08-2022,August,Meera Shah,Indore,Clothing,Jeans,5,17358,3601
ORD02213,04-06-2023,June,Simran Kaur,Indore,Clothing,T-Shirt,2,960,248
ORD02214,16-05-2022,May,Kabir Jain,Kolkata,Office Supplies,Desk Organizer,1,1111,152
ORD02215,09-05-2024,May,Diya Singh,Chennai,Home & Kitchen,Air Fryer,1,7956,1047
ORD02216,02-05-2025,May,Rahul Joshi,Coimbatore,Clothing,T-Shirt,6,1669,217
ORD02217,02-02-2023,February,Manish Yadav,Chennai,Office Supplies,File Folder Set,1,500,61
ORD02218,10-01-2023,January,Rahul Joshi,Nagpur,Clothing,T-Shirt,3,1690,135
ORD02219,06-06-2023,June,Priya Menon,Kolkata,Home & Kitchen,Air Fryer,1,10868,2256
ORD02220,04-04-2022,April,Amit Verma,Indore,Clothing,Jacket,2,3284,872
ORD02221,06-12-2022,December,Neha Reddy,Kolkata,Furniture,Office Chair,2,16922,2494
ORD02222,06-04-2022,April,Devika Pillai,Ahmedabad,Electronics,Mouse,2,2222,295
ORD02223,17-11-2023,November,Riya Kapoor,Indore,Electronics,Headphones,2,14691,2030
ORD02224,05-05-2022,May,Priya Menon,Pune,Home & Kitchen,Mixer Grinder,1,6467,1781
ORD02225,24-02-2023,February,Nikhil Bansal,Kochi,Furniture,Coffee Table,1,9831,2314
ORD02226,05-03-2022,March,Meera Shah,Ahmedabad,Office Supplies,Stapler,1,306,85
ORD02227,09-03-2025,March,Shreya Ghosh,Surat,Office Supplies,Notebook Set,3,1147,159
ORD02228,13-09-2024,September,Shreya Ghosh,Nagpur,Electronics,Monitor,1,9028,1766
ORD02229,07-06-2023,June,Pooja Sethi,Delhi,Home & Kitchen,Storage Container Set,2,3023,225
ORD02230,04-07-2024,July,Kabir Jain,Nagpur,Home & Kitchen,Storage Container Set,4,2133,581
ORD02231,22-06-2023,June,Rahul Joshi,Ahmedabad,Furniture,Bookshelf,1,8030,1494
ORD02232,27-08-2025,August,Tanvi Kulkarni,Lucknow,Electronics,Laptop,1,52143,8259
ORD02233,22-11-2025,November,Karan Malhotra,Surat,Electronics,Tablet,1,17987,3680
ORD02234,06-11-2022,November,Arjun Mehta,Coimbatore,Office Supplies,Stapler,2,818,78
ORD02235,14-11-2023,November,Zoya Das,Chennai,Office Supplies,Printer Paper,1,772,114
ORD02236,24-08-2025,August,Aarav Sharma,Lucknow,Furniture,Bookshelf,1,11521,851
ORD02237,26-08-2023,August,Ishaan Gupta,Nagpur,Home & Kitchen,Air Fryer,2,15788,4094
ORD02238,28-12-2022,December,Kabir Jain,Indore,Home & Kitchen,Cookware Set,1,5223,727
ORD02239,30-01-2022,January,Varun Chawla,Kochi,Furniture,Sofa,3,62275,6009
ORD02240,23-09-2025,September,Rahul Joshi,Ahmedabad,Office Supplies,Printer Paper,1,776,210
ORD02241,29-05-2024,May,Ananya Iyer,Coimbatore,Electronics,Keyboard,2,3532,776
ORD02242,28-06-2024,June,Kavya Nair,Indore,Electronics,Laptop,2,155773,37993
ORD02243,01-04-2024,April,Aarav Sharma,Kochi,Electronics,Tablet,2,59362,5017
ORD02244,02-04-2022,April,Aditya Desai,Surat,Office Supplies,Pen Pack,1,188,11
ORD02245,20-06-2025,June,Sana Khan,Hyderabad,Electronics,Headphones,2,13865,1477
ORD02246,07-06-2023,June,Rahul Joshi,Lucknow,Electronics,Monitor,2,37080,7969
ORD02247,30-06-2024,June,Rohan Kulkarni,Chennai,Office Supplies,Pen Pack,2,171,26
ORD02248,24-10-2022,October,Tanvi Kulkarni,Kolkata,Clothing,Backpack,1,1700,416
ORD02249,24-11-2022,November,Meera Shah,Kolkata,Electronics,Keyboard,1,1336,253
ORD02250,24-05-2022,May,Diya Singh,Lucknow,Clothing,Backpack,2,1205,222
ORD02251,12-03-2023,March,Pooja Sethi,Coimbatore,Electronics,Tablet,3,106362,15565
ORD02252,10-02-2025,February,Nikhil Bansal,Surat,Office Supplies,Pen Pack,1,203,52
ORD02253,31-12-2023,December,Riya Kapoor,Jaipur,Home & Kitchen,Air Fryer,4,35283,6504
ORD02254,06-07-2022,July,Priya Menon,Lucknow,Office Supplies,Desk Organizer,3,1114,102
ORD02255,14-09-2025,September,Sana Khan,Pune,Furniture,Coffee Table,4,20788,2045
ORD02256,21-09-2022,September,Rohan Kulkarni,Nagpur,Office Supplies,Printer Paper,1,858,199
ORD02257,09-06-2025,June,Nikhil Bansal,Chennai,Clothing,Sneakers,2,5845,917
ORD02258,02-07-2025,July,Rahul Joshi,Indore,Electronics,Laptop,4,169092,38192
ORD02259,07-12-2024,December,Sana Khan,Chennai,Home & Kitchen,Cookware Set,1,7891,1407
ORD02260,23-07-2025,July,Tanvi Kulkarni,Jaipur,Clothing,Formal Shirt,1,2126,354
ORD02261,05-10-2022,October,Aditya Desai,Surat,Furniture,Dining Table,1,33448,4934
ORD02262,25-11-2024,November,Ananya Iyer,Lucknow,Home & Kitchen,Mixer Grinder,1,6454,1717
ORD02263,10-12-2022,December,Devika Pillai,Hyderabad,Office Supplies,Notebook Set,3,457,58
ORD02264,28-03-2022,March,Varun Chawla,Jaipur,Furniture,Office Chair,1,7776,1013
ORD02265,05-12-2023,December,Karan Malhotra,Chennai,Furniture,Dining Table,5,69591,15537
ORD02266,11-02-2025,February,Aditya Desai,Kochi,Furniture,Sofa,2,71453,18482
ORD02267,10-07-2024,July,Sana Khan,Mumbai,Clothing,Formal Shirt,1,1320,300
ORD02268,23-04-2022,April,Kabir Jain,Hyderabad,Electronics,Keyboard,1,2934,181
ORD02269,23-08-2023,August,Devika Pillai,Nagpur,Home & Kitchen,Water Bottle,2,1622,274
ORD02270,05-10-2022,October,Nikhil Bansal,Indore,Office Supplies,Desk Organizer,2,2211,249
ORD02271,01-02-2024,February,Neha Reddy,Ahmedabad,Electronics,Laptop,4,301781,75409
ORD02272,19-06-2024,June,Karan Malhotra,Delhi,Clothing,Jacket,3,11807,1732
ORD02273,04-08-2024,August,Arjun Mehta,Indore,Home & Kitchen,Water Bottle,5,2234,577
ORD02274,13-07-2025,July,Sana Khan,Surat,Home & Kitchen,Cookware Set,3,10090,709
ORD02275,20-09-2022,September,Aditi Patel,Delhi,Clothing,Jeans,2,4344,522
ORD02276,03-04-2023,April,Manish Yadav,Kochi,Furniture,Bookshelf,1,10105,1043
ORD02277,20-03-2024,March,Kavya Nair,Bengaluru,Office Supplies,Printer Paper,2,1723,130
ORD02278,10-09-2022,September,Karan Malhotra,Pune,Furniture,Dining Table,1,12190,3079
ORD02279,06-03-2023,March,Amit Verma,Jaipur,Office Supplies,File Folder Set,1,273,43
ORD02280,14-05-2025,May,Amit Verma,Kolkata,Home & Kitchen,Storage Container Set,1,913,114
ORD02281,25-05-2023,May,Kavya Nair,Kochi,Office Supplies,Desk Organizer,3,624,151
ORD02282,13-07-2025,July,Sana Khan,Jaipur,Furniture,Office Chair,1,13361,2561
ORD02283,09-01-2024,January,Vikram Rao,Surat,Office Supplies,Notebook Set,2,626,63
ORD02284,10-08-2025,August,Aditi Patel,Hyderabad,Home & Kitchen,Mixer Grinder,2,13789,1908
ORD02285,20-11-2025,November,Simran Kaur,Chennai,Clothing,Jacket,1,4448,329
ORD02286,02-09-2023,September,Nikhil Bansal,Nagpur,Electronics,Speaker,1,7895,2103
ORD02287,09-12-2023,December,Ananya Iyer,Coimbatore,Electronics,Smartphone,2,122391,14835
ORD02288,26-09-2022,September,Manish Yadav,Kolkata,Electronics,Speaker,3,19753,4059
ORD02289,29-03-2024,March,Nikhil Bansal,Indore,Furniture,Sofa,5,303964,20003
ORD02290,11-08-2022,August,Kabir Jain,Bengaluru,Home & Kitchen,Storage Container Set,1,1565,168
ORD02291,30-08-2022,August,Vikram Rao,Pune,Electronics,Headphones,3,7246,1057
ORD02292,22-10-2023,October,Kavya Nair,Lucknow,Furniture,Coffee Table,3,9156,1010
ORD02293,08-03-2024,March,Aditi Patel,Indore,Electronics,Monitor,3,63167,11187
ORD02294,15-03-2025,March,Tanvi Kulkarni,Coimbatore,Furniture,Sofa,1,43398,7189
ORD02295,08-12-2025,December,Shreya Ghosh,Surat,Electronics,Smartphone,2,76675,7088
ORD02296,07-04-2025,April,Priya Menon,Mumbai,Home & Kitchen,Table Lamp,2,2265,258
ORD02297,06-04-2022,April,Priya Menon,Delhi,Electronics,Laptop,4,265814,61428
ORD02298,30-03-2023,March,Shreya Ghosh,Kochi,Office Supplies,File Folder Set,1,121,29
ORD02299,01-02-2022,February,Sneha Bose,Pune,Electronics,Speaker,2,17228,4094
ORD02300,26-07-2025,July,Neha Reddy,Delhi,Furniture,Sofa,3,51933,10819
ORD02301,04-09-2024,September,Rohan Kulkarni,Indore,Clothing,Jeans,1,2834,391
ORD02302,16-10-2022,October,Zoya Das,Nagpur,Electronics,Speaker,1,3127,612
ORD02303,13-03-2025,March,Ira Mukherjee,Chennai,Furniture,Sofa,1,58841,12396
ORD02304,23-10-2025,October,Neha Reddy,Jaipur,Home & Kitchen,Storage Container Set,5,2460,655
ORD02305,22-08-2023,August,Varun Chawla,Kochi,Office Supplies,Desk Organizer,2,1657,462
ORD02306,27-06-2025,June,Rohan Kulkarni,Surat,Home & Kitchen,Storage Container Set,4,1430,340
ORD02307,13-10-2022,October,Sneha Bose,Surat,Furniture,Bookshelf,1,2836,199
ORD02308,28-10-2022,October,Diya Singh,Coimbatore,Electronics,Laptop,1,91127,9468
ORD02309,23-11-2022,November,Sneha Bose,Delhi,Electronics,Headphones,1,3957,476
ORD02310,11-03-2024,March,Aditi Patel,Kochi,Office Supplies,Desk Organizer,1,475,112
ORD02311,05-11-2024,November,Kavya Nair,Chennai,Clothing,Jacket,2,5745,875
ORD02312,23-04-2023,April,Diya Singh,Lucknow,Furniture,Desk,1,9028,1063
ORD02313,09-01-2023,January,Aditya Desai,Surat,Furniture,Coffee Table,4,27412,5646
ORD02314,08-10-2025,October,Ira Mukherjee,Jaipur,Electronics,Keyboard,1,3907,307
ORD02315,20-01-2023,January,Nikhil Bansal,Mumbai,Clothing,Backpack,1,1542,317
ORD02316,14-01-2022,January,Aditi Patel,Kochi,Furniture,Desk,1,6309,1198
ORD02317,01-01-2024,January,Rahul Joshi,Hyderabad,Electronics,Mouse,2,2263,268
ORD02318,18-06-2025,June,Aditya Desai,Lucknow,Furniture,Coffee Table,4,25339,5879
ORD02319,04-01-2024,January,Vikram Rao,Lucknow,Electronics,Smartphone,3,114068,31510
ORD02320,23-04-2024,April,Meera Shah,Indore,Electronics,Monitor,1,8844,2144
ORD02321,14-01-2023,January,Kavya Nair,Kochi,Clothing,Jacket,5,8254,2214
ORD02322,19-05-2025,May,Kabir Jain,Delhi,Home & Kitchen,Air Fryer,3,24912,3848
ORD02323,03-12-2024,December,Ananya Iyer,Coimbatore,Electronics,Tablet,1,34383,7734
ORD02324,28-10-2022,October,Amit Verma,Chennai,Office Supplies,Desk Organizer,1,1186,324
ORD02325,27-01-2023,January,Simran Kaur,Kochi,Electronics,Speaker,2,17840,3882
ORD02326,23-03-2022,March,Arjun Mehta,Chennai,Clothing,Sneakers,2,5221,1235
ORD02327,23-04-2023,April,Riya Kapoor,Coimbatore,Home & Kitchen,Water Bottle,2,402,31
ORD02328,18-11-2025,November,Meera Shah,Kolkata,Furniture,Coffee Table,2,6992,1738
ORD02329,21-10-2025,October,Neha Reddy,Delhi,Clothing,Backpack,1,1405,130
ORD02330,29-12-2024,December,Aarav Sharma,Ahmedabad,Electronics,Keyboard,1,1815,464
ORD02331,26-09-2024,September,Ishaan Gupta,Pune,Office Supplies,Stapler,5,1084,86
ORD02332,02-04-2022,April,Aditi Patel,Pune,Home & Kitchen,Cookware Set,1,9230,1836
ORD02333,26-02-2023,February,Ishaan Gupta,Mumbai,Office Supplies,Desk Organizer,2,711,170
ORD02334,27-10-2022,October,Aditi Patel,Pune,Clothing,Jeans,4,9575,1403
ORD02335,25-08-2024,August,Neha Reddy,Kolkata,Clothing,Formal Shirt,2,4205,899
ORD02336,13-10-2023,October,Amit Verma,Kolkata,Electronics,Smartphone,1,31854,3252
ORD02337,22-09-2024,September,Nikhil Bansal,Delhi,Electronics,Headphones,5,10611,2416
ORD02338,20-01-2024,January,Shreya Ghosh,Chennai,Office Supplies,Desk Organizer,1,583,57
ORD02339,29-07-2025,July,Kabir Jain,Ahmedabad,Clothing,Backpack,1,782,148
ORD02340,26-05-2022,May,Karan Malhotra,Pune,Electronics,Tablet,6,219858,33253
ORD02341,30-10-2023,October,Kabir Jain,Lucknow,Furniture,Dining Table,2,57887,15930
ORD02342,09-06-2025,June,Zoya Das,Indore,Clothing,T-Shirt,3,1430,326
ORD02343,28-03-2023,March,Kavya Nair,Pune,Electronics,Keyboard,1,3197,759
ORD02344,22-03-2025,March,Vikram Rao,Bengaluru,Furniture,Bookshelf,2,20272,3247
ORD02345,25-03-2023,March,Priya Menon,Ahmedabad,Clothing,Sneakers,2,2328,162
ORD02346,03-02-2022,February,Diya Singh,Coimbatore,Furniture,Desk,5,43065,7218
ORD02347,29-08-2025,August,Ananya Iyer,Jaipur,Electronics,Smartphone,1,53146,6505
ORD02348,05-12-2024,December,Manish Yadav,Kochi,Electronics,Laptop,1,66304,14033
ORD02349,14-03-2022,March,Diya Singh,Chennai,Electronics,Speaker,5,26197,6513
ORD02350,11-05-2024,May,Riya Kapoor,Bengaluru,Electronics,Smartphone,2,101016,11132
ORD02351,03-09-2024,September,Aditi Patel,Ahmedabad,Office Supplies,Printer Paper,2,687,161
ORD02352,09-12-2025,December,Rahul Joshi,Delhi,Office Supplies,Desk Organizer,1,801,158
ORD02353,14-09-2023,September,Simran Kaur,Indore,Electronics,Speaker,2,7139,1000
ORD02354,05-12-2022,December,Arjun Mehta,Surat,Office Supplies,File Folder Set,1,111,20
ORD02355,12-02-2024,February,Rahul Joshi,Bengaluru,Electronics,Laptop,4,245741,40248
ORD02356,29-09-2022,September,Simran Kaur,Delhi,Home & Kitchen,Mixer Grinder,2,4465,1125
ORD02357,07-07-2024,July,Aditya Desai,Pune,Electronics,Mouse,3,2598,476
ORD02358,06-06-2022,June,Diya Singh,Coimbatore,Office Supplies,Pen Pack,1,105,21
ORD02359,07-09-2023,September,Sana Khan,Kolkata,Home & Kitchen,Cookware Set,2,17931,2387
ORD02360,27-06-2024,June,Ishaan Gupta,Pune,Electronics,Mouse,5,5321,899
ORD02361,13-03-2023,March,Kabir Jain,Indore,Furniture,Coffee Table,2,15038,1207
ORD02362,01-02-2024,February,Ananya Iyer,Chennai,Home & Kitchen,Table Lamp,1,798,125
ORD02363,01-11-2025,November,Karan Malhotra,Lucknow,Electronics,Smartphone,1,34046,7597
ORD02364,25-01-2022,January,Ishaan Gupta,Hyderabad,Electronics,Laptop,2,172751,44761
ORD02365,14-10-2025,October,Shreya Ghosh,Ahmedabad,Furniture,Dining Table,5,128917,27630
ORD02366,02-10-2024,October,Nikhil Bansal,Jaipur,Furniture,Coffee Table,3,12779,2386
ORD02367,15-12-2024,December,Kabir Jain,Pune,Electronics,Monitor,4,86864,19005
ORD02368,16-03-2024,March,Simran Kaur,Bengaluru,Electronics,Monitor,1,16135,3607
ORD02369,09-05-2022,May,Amit Verma,Hyderabad,Home & Kitchen,Water Bottle,2,1400,208
ORD02370,31-03-2023,March,Devika Pillai,Bengaluru,Furniture,Dining Table,1,29821,7089
ORD02371,14-04-2023,April,Manish Yadav,Mumbai,Home & Kitchen,Air Fryer,1,7638,600
ORD02372,11-06-2023,June,Amit Verma,Kolkata,Clothing,Jeans,1,902,98
ORD02373,03-07-2022,July,Karan Malhotra,Indore,Electronics,Mouse,3,6073,784
ORD02374,06-01-2023,January,Amit Verma,Kochi,Office Supplies,Notebook Set,3,1662,463
ORD02375,28-06-2022,June,Ananya Iyer,Jaipur,Furniture,Office Chair,2,25113,3284
ORD02376,02-10-2025,October,Karan Malhotra,Kolkata,Furniture,Office Chair,3,25425,6238
ORD02377,09-11-2023,November,Kavya Nair,Indore,Office Supplies,File Folder Set,2,1307,181
ORD02378,22-08-2024,August,Devika Pillai,Kochi,Furniture,Office Chair,3,26172,6302
ORD02379,04-03-2024,March,Aditya Desai,Coimbatore,Electronics,Laptop,1,87559,20137
ORD02380,14-09-2022,September,Diya Singh,Kolkata,Home & Kitchen,Water Bottle,1,728,87
ORD02381,24-11-2025,November,Riya Kapoor,Chennai,Electronics,Keyboard,5,15807,1692
ORD02382,09-01-2022,January,Meera Shah,Bengaluru,Clothing,Jacket,4,24732,1691
ORD02383,12-05-2023,May,Shreya Ghosh,Pune,Electronics,Monitor,3,54530,6930
ORD02384,29-09-2025,September,Diya Singh,Ahmedabad,Home & Kitchen,Storage Container Set,2,2315,178
ORD02385,17-12-2022,December,Meera Shah,Lucknow,Furniture,Desk,2,13112,822
ORD02386,02-11-2023,November,Vikram Rao,Mumbai,Home & Kitchen,Table Lamp,1,2606,374
ORD02387,03-12-2025,December,Karan Malhotra,Coimbatore,Home & Kitchen,Air Fryer,1,4974,939
ORD02388,08-04-2023,April,Rohan Kulkarni,Surat,Electronics,Keyboard,5,21931,5489
ORD02389,02-09-2025,September,Sana Khan,Coimbatore,Office Supplies,Stapler,4,860,74
ORD02390,10-06-2022,June,Kabir Jain,Pune,Electronics,Speaker,1,5523,1351
ORD02391,01-08-2022,August,Varun Chawla,Nagpur,Office Supplies,Stapler,1,215,32
ORD02392,25-08-2022,August,Rohan Kulkarni,Jaipur,Electronics,Mouse,4,1989,499
ORD02393,13-07-2022,July,Karan Malhotra,Chennai,Furniture,Coffee Table,1,9142,679
ORD02394,14-02-2025,February,Arjun Mehta,Jaipur,Furniture,Coffee Table,1,6001,1348
ORD02395,05-08-2022,August,Aditya Desai,Surat,Clothing,Formal Shirt,1,1559,346
ORD02396,22-06-2022,June,Aditya Desai,Ahmedabad,Electronics,Smartphone,1,30731,3930
ORD02397,24-06-2022,June,Rahul Joshi,Kochi,Office Supplies,Pen Pack,3,151,33
ORD02398,10-07-2024,July,Shreya Ghosh,Lucknow,Furniture,Desk,4,59583,13995
ORD02399,14-02-2023,February,Devika Pillai,Coimbatore,Clothing,Backpack,1,1745,329
ORD02400,13-08-2025,August,Aditi Patel,Coimbatore,Electronics,Speaker,1,5274,577
ORD02401,22-11-2024,November,Priya Menon,Jaipur,Clothing,T-Shirt,3,2673,420
ORD02402,26-09-2022,September,Manish Yadav,Chennai,Furniture,Dining Table,3,48835,5578
ORD02403,21-01-2023,January,Kabir Jain,Pune,Furniture,Desk,2,22693,4007
ORD02404,14-05-2023,May,Ananya Iyer,Hyderabad,Home & Kitchen,Cookware Set,2,8551,1695
ORD02405,04-11-2024,November,Tanvi Kulkarni,Bengaluru,Furniture,Dining Table,1,18745,5166
ORD02406,23-01-2022,January,Neha Reddy,Mumbai,Furniture,Dining Table,3,63846,15502
ORD02407,29-04-2022,April,Aarav Sharma,Chennai,Furniture,Dining Table,2,48407,10283
ORD02408,20-01-2024,January,Riya Kapoor,Lucknow,Office Supplies,Printer Paper,3,2308,624
ORD02409,07-08-2025,August,Diya Singh,Hyderabad,Office Supplies,Stapler,4,1868,231
ORD02410,28-06-2023,June,Simran Kaur,Hyderabad,Office Supplies,Pen Pack,2,416,92
ORD02411,13-08-2022,August,Vikram Rao,Ahmedabad,Electronics,Mouse,1,784,74
ORD02412,28-12-2023,December,Sana Khan,Chennai,Home & Kitchen,Table Lamp,2,2358,206
ORD02413,28-02-2023,February,Rohan Kulkarni,Lucknow,Electronics,Keyboard,2,7814,1806
ORD02414,20-08-2025,August,Aditya Desai,Jaipur,Home & Kitchen,Water Bottle,2,1277,138
ORD02415,30-10-2024,October,Kavya Nair,Ahmedabad,Electronics,Keyboard,2,8218,577
ORD02416,09-02-2022,February,Arjun Mehta,Pune,Electronics,Tablet,4,122255,14918
ORD02417,02-12-2024,December,Aarav Sharma,Coimbatore,Clothing,Jacket,1,2173,260
ORD02418,02-01-2023,January,Aarav Sharma,Jaipur,Office Supplies,Stapler,2,504,33
ORD02419,17-05-2022,May,Ira Mukherjee,Mumbai,Home & Kitchen,Water Bottle,4,1123,158
ORD02420,14-12-2022,December,Kabir Jain,Ahmedabad,Home & Kitchen,Cookware Set,6,50450,9549
ORD02421,06-12-2023,December,Manish Yadav,Kochi,Office Supplies,Pen Pack,4,926,254
ORD02422,03-09-2025,September,Rahul Joshi,Hyderabad,Electronics,Mouse,1,1180,255
ORD02423,30-10-2024,October,Arjun Mehta,Kochi,Electronics,Keyboard,1,2925,595
ORD02424,24-03-2022,March,Diya Singh,Mumbai,Electronics,Laptop,1,59100,8327
ORD02425,25-03-2024,March,Amit Verma,Nagpur,Clothing,Formal Shirt,3,2217,553
ORD02426,29-04-2023,April,Aditya Desai,Kochi,Furniture,Dining Table,3,91684,13497
ORD02427,23-05-2023,May,Devika Pillai,Ahmedabad,Furniture,Bookshelf,1,10815,1120
ORD02428,29-01-2025,January,Arjun Mehta,Chennai,Home & Kitchen,Mixer Grinder,1,7799,1389
ORD02429,02-02-2025,February,Ira Mukherjee,Indore,Furniture,Sofa,5,314638,83888
ORD02430,08-02-2023,February,Ishaan Gupta,Hyderabad,Clothing,Jacket,2,12791,2027
ORD02431,07-08-2024,August,Ishaan Gupta,Jaipur,Home & Kitchen,Water Bottle,1,825,214
ORD02432,27-11-2022,November,Sneha Bose,Mumbai,Furniture,Office Chair,2,26159,5823
ORD02433,08-12-2024,December,Kabir Jain,Jaipur,Electronics,Tablet,4,112935,10914
ORD02434,05-11-2022,November,Devika Pillai,Nagpur,Electronics,Monitor,2,28892,4974
ORD02435,13-02-2025,February,Zoya Das,Ahmedabad,Home & Kitchen,Cookware Set,2,17281,1589
ORD02436,18-09-2025,September,Rahul Joshi,Indore,Office Supplies,Printer Paper,1,878,88
ORD02437,15-05-2025,May,Zoya Das,Ahmedabad,Home & Kitchen,Air Fryer,1,8221,1074
ORD02438,27-06-2024,June,Ananya Iyer,Jaipur,Office Supplies,Pen Pack,5,1484,262
ORD02439,01-05-2024,May,Karan Malhotra,Lucknow,Office Supplies,Notebook Set,3,1083,269
ORD02440,02-01-2024,January,Manish Yadav,Chennai,Clothing,Formal Shirt,1,2036,439
ORD02441,17-02-2022,February,Diya Singh,Indore,Electronics,Smartphone,2,33743,4281
ORD02442,10-01-2025,January,Rahul Joshi,Pune,Office Supplies,Printer Paper,2,1247,174
ORD02443,29-04-2025,April,Manish Yadav,Delhi,Home & Kitchen,Mixer Grinder,6,37722,9604
ORD02444,11-01-2024,January,Rahul Joshi,Pune,Clothing,Formal Shirt,2,5724,1382
ORD02445,08-09-2024,September,Sana Khan,Nagpur,Electronics,Smartphone,3,63243,5610
ORD02446,13-04-2025,April,Aditya Desai,Indore,Clothing,Formal Shirt,4,4116,1025
ORD02447,14-04-2023,April,Rohan Kulkarni,Delhi,Electronics,Laptop,3,225035,26511
ORD02448,29-03-2022,March,Ishaan Gupta,Bengaluru,Office Supplies,File Folder Set,1,463,62
ORD02449,06-02-2023,February,Aditi Patel,Chennai,Electronics,Keyboard,4,7935,2010
ORD02450,08-06-2022,June,Aarav Sharma,Ahmedabad,Electronics,Smartphone,3,154141,24604
ORD02451,25-03-2024,March,Arjun Mehta,Delhi,Home & Kitchen,Storage Container Set,1,940,262
ORD02452,14-06-2025,June,Diya Singh,Surat,Furniture,Bookshelf,2,10109,1411
ORD02453,25-05-2023,May,Neha Reddy,Bengaluru,Home & Kitchen,Mixer Grinder,3,8499,2117
ORD02454,24-12-2025,December,Manish Yadav,Kochi,Furniture,Coffee Table,6,53726,10036
ORD02455,31-03-2022,March,Zoya Das,Chennai,Home & Kitchen,Water Bottle,2,1270,304
ORD02456,25-10-2022,October,Kabir Jain,Pune,Home & Kitchen,Storage Container Set,2,3402,390
ORD02457,27-06-2024,June,Aarav Sharma,Bengaluru,Office Supplies,Pen Pack,4,450,81
ORD02458,29-12-2025,December,Ira Mukherjee,Kolkata,Furniture,Dining Table,2,68212,17957
ORD02459,30-06-2023,June,Ira Mukherjee,Nagpur,Furniture,Dining Table,1,27370,2205
ORD02460,19-11-2022,November,Ishaan Gupta,Ahmedabad,Office Supplies,Desk Organizer,1,576,41
ORD02461,24-12-2025,December,Rohan Kulkarni,Chennai,Clothing,T-Shirt,2,2033,269
ORD02462,15-08-2025,August,Varun Chawla,Indore,Electronics,Laptop,4,302408,62161
ORD02463,25-04-2023,April,Pooja Sethi,Kolkata,Home & Kitchen,Table Lamp,1,2318,389
ORD02464,17-02-2023,February,Meera Shah,Kolkata,Furniture,Dining Table,1,11360,837
ORD02465,30-01-2025,January,Vikram Rao,Coimbatore,Office Supplies,Desk Organizer,2,1760,462
ORD02466,13-07-2023,July,Ira Mukherjee,Pune,Electronics,Tablet,1,21875,1879
ORD02467,21-04-2024,April,Devika Pillai,Delhi,Electronics,Laptop,1,59565,8849
ORD02468,24-09-2024,September,Diya Singh,Kochi,Furniture,Desk,2,30990,5089
ORD02469,11-03-2025,March,Vikram Rao,Nagpur,Office Supplies,Printer Paper,2,1825,124
ORD02470,05-03-2024,March,Meera Shah,Lucknow,Office Supplies,Pen Pack,1,72,20
ORD02471,12-11-2023,November,Varun Chawla,Kolkata,Furniture,Sofa,3,54910,8842
ORD02472,02-08-2025,August,Riya Kapoor,Ahmedabad,Clothing,Formal Shirt,1,2504,316
ORD02473,11-12-2022,December,Zoya Das,Delhi,Clothing,Jacket,5,11295,2123
ORD02474,25-05-2024,May,Devika Pillai,Hyderabad,Home & Kitchen,Water Bottle,2,1775,442
ORD02475,25-01-2022,January,Shreya Ghosh,Kolkata,Furniture,Desk,1,16466,3683
ORD02476,25-12-2025,December,Aditya Desai,Surat,Furniture,Dining Table,2,39361,3788
ORD02477,09-12-2022,December,Zoya Das,Indore,Office Supplies,Pen Pack,1,94,21
ORD02478,28-08-2023,August,Sana Khan,Indore,Electronics,Headphones,2,7459,1926
ORD02479,03-07-2023,July,Ira Mukherjee,Ahmedabad,Clothing,Formal Shirt,2,1518,345
ORD02480,13-05-2025,May,Karan Malhotra,Delhi,Furniture,Bookshelf,3,26962,1948
ORD02481,26-03-2025,March,Diya Singh,Lucknow,Home & Kitchen,Mixer Grinder,4,17581,3351
ORD02482,12-10-2023,October,Devika Pillai,Kolkata,Furniture,Desk,2,39489,8129
ORD02483,17-11-2025,November,Sana Khan,Chennai,Office Supplies,Pen Pack,1,291,36
ORD02484,30-10-2025,October,Zoya Das,Lucknow,Clothing,T-Shirt,1,850,194
ORD02485,07-04-2024,April,Ananya Iyer,Indore,Furniture,Dining Table,1,26231,6287
ORD02486,18-03-2025,March,Nikhil Bansal,Ahmedabad,Electronics,Tablet,2,46255,10766
ORD02487,13-04-2022,April,Meera Shah,Delhi,Furniture,Bookshelf,3,25549,2599
ORD02488,31-05-2024,May,Aditi Patel,Lucknow,Clothing,T-Shirt,1,430,83
ORD02489,11-01-2024,January,Riya Kapoor,Coimbatore,Home & Kitchen,Storage Container Set,3,2942,381
ORD02490,02-06-2024,June,Kabir Jain,Kolkata,Electronics,Tablet,5,84190,7457
ORD02491,27-09-2023,September,Zoya Das,Delhi,Clothing,Sneakers,2,5646,1242
ORD02492,08-06-2023,June,Pooja Sethi,Kochi,Clothing,Formal Shirt,1,1216,123
ORD02493,18-09-2022,September,Aditya Desai,Kolkata,Electronics,Speaker,3,18258,1761
ORD02494,10-07-2023,July,Rohan Kulkarni,Kochi,Office Supplies,Printer Paper,1,341,77
ORD02495,13-07-2024,July,Meera Shah,Lucknow,Home & Kitchen,Mixer Grinder,3,21850,3008
ORD02496,24-09-2024,September,Vikram Rao,Coimbatore,Home & Kitchen,Cookware Set,1,2611,490
ORD02497,08-08-2024,August,Ira Mukherjee,Kolkata,Electronics,Laptop,1,73862,18156
ORD02498,08-10-2025,October,Manish Yadav,Kochi,Electronics,Laptop,2,167193,44483
ORD02499,03-01-2022,January,Ananya Iyer,Kochi,Furniture,Coffee Table,1,6680,882
ORD02500,04-03-2023,March,Diya Singh,Coimbatore,Furniture,Sofa,3,125730,34684
ORD02501,06-02-2023,February,Rohan Kulkarni,Bengaluru,Electronics,Smartphone,6,244257,68077
ORD02502,01-08-2023,August,Zoya Das,Jaipur,Home & Kitchen,Cookware Set,1,7955,579
ORD02503,23-03-2025,March,Rahul Joshi,Surat,Electronics,Smartphone,1,65986,8341
ORD02504,13-08-2022,August,Kabir Jain,Coimbatore,Home & Kitchen,Table Lamp,2,4252,982
ORD02505,30-07-2024,July,Ananya Iyer,Bengaluru,Home & Kitchen,Storage Container Set,3,4734,1138
ORD02506,13-08-2025,August,Nikhil Bansal,Bengaluru,Home & Kitchen,Water Bottle,1,635,147
ORD02507,18-10-2023,October,Zoya Das,Jaipur,Furniture,Coffee Table,1,8178,1082
ORD02508,05-04-2024,April,Ira Mukherjee,Bengaluru,Electronics,Smartphone,3,73045,18439
ORD02509,04-11-2024,November,Ira Mukherjee,Kochi,Office Supplies,Desk Organizer,2,1250,210
ORD02510,28-09-2024,September,Ananya Iyer,Chennai,Electronics,Laptop,5,342541,95613
ORD02511,16-08-2025,August,Rahul Joshi,Nagpur,Electronics,Laptop,4,247697,53376
ORD02512,29-12-2024,December,Vikram Rao,Chennai,Furniture,Coffee Table,4,24703,4170
ORD02513,30-11-2023,November,Aditya Desai,Delhi,Clothing,Backpack,1,1580,362
ORD02514,13-05-2023,May,Karan Malhotra,Coimbatore,Furniture,Sofa,1,28410,7768
ORD02515,09-02-2023,February,Devika Pillai,Pune,Electronics,Monitor,3,22837,2944
ORD02516,13-07-2022,July,Aditya Desai,Kolkata,Home & Kitchen,Air Fryer,4,17640,4722
ORD02517,01-06-2022,June,Aditi Patel,Jaipur,Electronics,Headphones,1,6413,591
ORD02518,20-09-2024,September,Priya Menon,Surat,Electronics,Speaker,3,9237,2046
ORD02519,05-09-2025,September,Zoya Das,Hyderabad,Electronics,Keyboard,1,4202,529
ORD02520,03-12-2023,December,Aditi Patel,Chennai,Clothing,Jeans,3,7502,688
ORD02521,29-09-2022,September,Kavya Nair,Delhi,Electronics,Headphones,2,7535,1777
ORD02522,03-10-2022,October,Zoya Das,Lucknow,Office Supplies,Notebook Set,1,309,38
ORD02523,29-12-2024,December,Varun Chawla,Nagpur,Electronics,Laptop,1,87510,11915
ORD02524,15-04-2022,April,Amit Verma,Bengaluru,Home & Kitchen,Table Lamp,2,3289,512
ORD02525,26-05-2024,May,Kabir Jain,Pune,Office Supplies,Pen Pack,1,299,35
ORD02526,06-08-2024,August,Arjun Mehta,Kolkata,Electronics,Laptop,2,117858,12751
ORD02527,13-09-2024,September,Sana Khan,Delhi,Furniture,Coffee Table,2,5368,584
ORD02528,10-11-2024,November,Vikram Rao,Surat,Clothing,T-Shirt,1,496,136
ORD02529,16-08-2024,August,Manish Yadav,Pune,Electronics,Headphones,1,6786,648
ORD02530,22-12-2025,December,Nikhil Bansal,Bengaluru,Clothing,Sneakers,1,3490,300
ORD02531,28-11-2022,November,Karan Malhotra,Mumbai,Clothing,Jacket,2,7693,1255
ORD02532,10-08-2023,August,Amit Verma,Bengaluru,Furniture,Sofa,1,45527,11984
ORD02533,15-03-2023,March,Kabir Jain,Nagpur,Electronics,Headphones,6,23036,3625
ORD02534,05-09-2022,September,Vikram Rao,Pune,Electronics,Mouse,5,9067,858
ORD02535,23-12-2025,December,Nikhil Bansal,Nagpur,Furniture,Bookshelf,1,5384,359
ORD02536,18-12-2023,December,Kavya Nair,Mumbai,Electronics,Mouse,3,2544,444
ORD02537,20-11-2025,November,Priya Menon,Delhi,Clothing,Formal Shirt,1,1396,162
ORD02538,03-01-2024,January,Ishaan Gupta,Chennai,Electronics,Headphones,3,18089,1555
ORD02539,12-08-2025,August,Pooja Sethi,Indore,Electronics,Keyboard,2,4594,750
ORD02540,12-02-2024,February,Aditya Desai,Delhi,Electronics,Monitor,2,24650,4730
ORD02541,06-01-2023,January,Varun Chawla,Pune,Home & Kitchen,Cookware Set,4,27653,4276
ORD02542,11-07-2025,July,Rohan Kulkarni,Chennai,Clothing,Jeans,1,806,103
ORD02543,08-11-2022,November,Neha Reddy,Coimbatore,Electronics,Speaker,2,8312,1327
ORD02544,25-05-2025,May,Riya Kapoor,Jaipur,Furniture,Desk,3,53400,9210
ORD02545,23-06-2023,June,Kavya Nair,Hyderabad,Furniture,Sofa,5,117507,21411
ORD02546,06-04-2025,April,Rahul Joshi,Kochi,Furniture,Bookshelf,2,17029,1803
ORD02547,02-10-2022,October,Aditi Patel,Chennai,Home & Kitchen,Storage Container Set,6,6887,484
ORD02548,27-12-2023,December,Tanvi Kulkarni,Hyderabad,Home & Kitchen,Mixer Grinder,2,8285,864
ORD02549,16-12-2023,December,Diya Singh,Surat,Office Supplies,Printer Paper,4,2491,478
ORD02550,16-08-2025,August,Varun Chawla,Indore,Home & Kitchen,Air Fryer,1,14540,3548
ORD02551,30-09-2025,September,Karan Malhotra,Chennai,Clothing,Formal Shirt,1,863,105
ORD02552,19-03-2022,March,Neha Reddy,Chennai,Electronics,Laptop,1,75940,10333
ORD02553,02-03-2025,March,Pooja Sethi,Ahmedabad,Office Supplies,Stapler,3,904,177
ORD02554,27-01-2022,January,Sana Khan,Kochi,Clothing,Jacket,2,8067,1772
ORD02555,10-01-2023,January,Neha Reddy,Lucknow,Clothing,T-Shirt,1,550,122
ORD02556,03-03-2022,March,Aditya Desai,Kochi,Home & Kitchen,Cookware Set,1,6708,1577
ORD02557,24-04-2022,April,Priya Menon,Indore,Electronics,Mouse,1,312,32
ORD02558,26-02-2022,February,Kavya Nair,Indore,Furniture,Bookshelf,1,6881,1414
ORD02559,24-03-2025,March,Nikhil Bansal,Coimbatore,Clothing,T-Shirt,1,311,28
ORD02560,21-12-2022,December,Kabir Jain,Surat,Electronics,Tablet,4,36368,9706
ORD02561,15-11-2023,November,Diya Singh,Pune,Office Supplies,Desk Organizer,2,437,73
ORD02562,20-06-2023,June,Amit Verma,Mumbai,Office Supplies,Printer Paper,2,1502,385
ORD02563,16-05-2022,May,Devika Pillai,Ahmedabad,Electronics,Speaker,1,5740,1195
ORD02564,23-05-2022,May,Ananya Iyer,Nagpur,Home & Kitchen,Table Lamp,3,7112,545
ORD02565,21-05-2023,May,Sneha Bose,Jaipur,Furniture,Bookshelf,2,13226,1180
ORD02566,29-12-2024,December,Neha Reddy,Indore,Clothing,Sneakers,1,4361,945
ORD02567,15-09-2024,September,Karan Malhotra,Kolkata,Office Supplies,Pen Pack,3,208,21
ORD02568,19-03-2024,March,Kabir Jain,Mumbai,Office Supplies,File Folder Set,1,100,17
ORD02569,04-04-2024,April,Aarav Sharma,Bengaluru,Electronics,Laptop,1,59236,15914
ORD02570,27-10-2024,October,Zoya Das,Jaipur,Clothing,T-Shirt,2,1788,447
ORD02571,13-11-2023,November,Kavya Nair,Ahmedabad,Furniture,Desk,4,61497,15196
ORD02572,21-06-2024,June,Amit Verma,Indore,Clothing,Jacket,2,12853,2564
ORD02573,16-05-2022,May,Sana Khan,Jaipur,Clothing,Jeans,2,6158,382
ORD02574,25-02-2025,February,Ira Mukherjee,Jaipur,Home & Kitchen,Water Bottle,1,547,152
ORD02575,25-09-2023,September,Priya Menon,Hyderabad,Electronics,Monitor,1,7618,1697
ORD02576,14-09-2022,September,Rahul Joshi,Indore,Home & Kitchen,Water Bottle,2,1145,216
ORD02577,01-04-2023,April,Aditi Patel,Mumbai,Clothing,Backpack,6,7052,1971
ORD02578,25-07-2023,July,Ira Mukherjee,Mumbai,Home & Kitchen,Storage Container Set,3,2990,763
ORD02579,15-09-2023,September,Pooja Sethi,Nagpur,Electronics,Speaker,2,3103,577
ORD02580,05-09-2025,September,Meera Shah,Coimbatore,Office Supplies,Desk Organizer,1,583,143
ORD02581,31-01-2023,January,Priya Menon,Mumbai,Electronics,Monitor,1,23102,1785
ORD02582,24-05-2024,May,Varun Chawla,Delhi,Clothing,Jacket,2,10312,2686
ORD02583,09-03-2025,March,Neha Reddy,Jaipur,Home & Kitchen,Mixer Grinder,1,4098,1141
ORD02584,23-12-2024,December,Kavya Nair,Kochi,Home & Kitchen,Water Bottle,1,647,137
ORD02585,22-11-2024,November,Riya Kapoor,Pune,Electronics,Monitor,3,34558,4254
ORD02586,05-05-2024,May,Aditya Desai,Delhi,Office Supplies,Stapler,4,1489,232
ORD02587,03-06-2024,June,Vikram Rao,Jaipur,Home & Kitchen,Storage Container Set,4,1440,109
ORD02588,04-08-2025,August,Ishaan Gupta,Coimbatore,Clothing,Formal Shirt,1,1561,221
ORD02589,13-06-2022,June,Kabir Jain,Indore,Electronics,Monitor,1,24436,2891
ORD02590,25-10-2022,October,Manish Yadav,Delhi,Home & Kitchen,Water Bottle,2,1804,165
ORD02591,28-10-2024,October,Aditya Desai,Kochi,Electronics,Headphones,2,8657,1428
ORD02592,20-07-2025,July,Shreya Ghosh,Kolkata,Home & Kitchen,Cookware Set,4,36570,9551
ORD02593,27-02-2025,February,Priya Menon,Delhi,Electronics,Speaker,2,12458,3247
ORD02594,13-07-2023,July,Varun Chawla,Hyderabad,Clothing,Jeans,5,11518,1604
ORD02595,01-11-2025,November,Aarav Sharma,Hyderabad,Office Supplies,Pen Pack,4,921,195
ORD02596,02-10-2025,October,Ananya Iyer,Jaipur,Office Supplies,Pen Pack,2,101,8
ORD02597,25-10-2022,October,Nikhil Bansal,Ahmedabad,Furniture,Office Chair,4,35075,2764
ORD02598,10-04-2024,April,Sneha Bose,Bengaluru,Electronics,Keyboard,2,3424,244
ORD02599,12-09-2022,September,Simran Kaur,Coimbatore,Office Supplies,Notebook Set,1,418,65
ORD02600,26-07-2025,July,Kabir Jain,Mumbai,Home & Kitchen,Air Fryer,1,12166,1626
ORD02601,21-07-2024,July,Simran Kaur,Kochi,Office Supplies,Printer Paper,5,2154,351
ORD02602,05-08-2022,August,Rohan Kulkarni,Delhi,Furniture,Desk,1,20662,2910
ORD02603,31-12-2022,December,Aditya Desai,Lucknow,Electronics,Smartphone,3,54381,10306
ORD02604,10-08-2024,August,Neha Reddy,Jaipur,Furniture,Dining Table,1,22644,1639
ORD02605,26-06-2024,June,Aditi Patel,Delhi,Clothing,Sneakers,2,6804,1409
ORD02606,03-07-2024,July,Neha Reddy,Jaipur,Electronics,Keyboard,2,8040,1418
ORD02607,27-11-2024,November,Rohan Kulkarni,Coimbatore,Electronics,Headphones,1,4755,1015
ORD02608,25-11-2023,November,Aditi Patel,Lucknow,Electronics,Tablet,1,15373,2359
ORD02609,05-01-2025,January,Simran Kaur,Kochi,Furniture,Sofa,1,55126,7442
ORD02610,28-11-2024,November,Aditya Desai,Mumbai,Office Supplies,Stapler,4,911,68
ORD02611,01-08-2023,August,Sana Khan,Mumbai,Furniture,Bookshelf,1,10340,1973
ORD02612,26-10-2024,October,Amit Verma,Kochi,Electronics,Laptop,2,177788,40058
ORD02613,14-08-2024,August,Aarav Sharma,Lucknow,Furniture,Office Chair,1,7314,1457
ORD02614,12-12-2025,December,Kavya Nair,Delhi,Clothing,Sneakers,2,7372,1440
ORD02615,05-06-2025,June,Nikhil Bansal,Chennai,Home & Kitchen,Cookware Set,1,7097,1471
ORD02616,14-10-2024,October,Pooja Sethi,Mumbai,Electronics,Headphones,2,9369,2000
ORD02617,11-02-2022,February,Sana Khan,Coimbatore,Electronics,Monitor,5,62457,3985
ORD02618,07-11-2023,November,Nikhil Bansal,Kolkata,Furniture,Bookshelf,1,11217,2225
ORD02619,13-10-2023,October,Simran Kaur,Pune,Furniture,Bookshelf,5,34479,5297
ORD02620,10-05-2022,May,Sana Khan,Lucknow,Home & Kitchen,Table Lamp,1,664,133
ORD02621,03-04-2024,April,Zoya Das,Delhi,Office Supplies,File Folder Set,4,2571,160
ORD02622,11-09-2024,September,Ananya Iyer,Chennai,Office Supplies,Desk Organizer,3,840,127
ORD02623,27-02-2024,February,Rahul Joshi,Bengaluru,Furniture,Bookshelf,2,20921,3444
ORD02624,09-02-2025,February,Aarav Sharma,Kochi,Electronics,Mouse,1,1109,221
ORD02625,18-02-2024,February,Karan Malhotra,Coimbatore,Office Supplies,Notebook Set,2,972,124
ORD02626,06-09-2024,September,Vikram Rao,Bengaluru,Furniture,Dining Table,2,32536,2084
ORD02627,24-02-2022,February,Tanvi Kulkarni,Ahmedabad,Electronics,Tablet,2,46167,8877
ORD02628,18-12-2023,December,Karan Malhotra,Jaipur,Furniture,Sofa,1,19956,3657
ORD02629,16-05-2024,May,Tanvi Kulkarni,Bengaluru,Electronics,Tablet,3,40441,3276
ORD02630,31-07-2024,July,Aditya Desai,Kolkata,Furniture,Bookshelf,2,18324,4575
ORD02631,26-03-2023,March,Riya Kapoor,Hyderabad,Home & Kitchen,Table Lamp,2,4882,1131
ORD02632,13-06-2024,June,Devika Pillai,Indore,Office Supplies,Pen Pack,2,531,116
ORD02633,01-06-2025,June,Rahul Joshi,Mumbai,Home & Kitchen,Air Fryer,1,5545,475
ORD02634,09-06-2024,June,Zoya Das,Kolkata,Home & Kitchen,Water Bottle,3,1054,108
ORD02635,31-05-2025,May,Rohan Kulkarni,Lucknow,Home & Kitchen,Water Bottle,2,853,196
ORD02636,08-02-2024,February,Karan Malhotra,Mumbai,Home & Kitchen,Mixer Grinder,1,10448,682
ORD02637,27-12-2022,December,Tanvi Kulkarni,Delhi,Home & Kitchen,Table Lamp,1,750,185
ORD02638,08-05-2024,May,Rohan Kulkarni,Indore,Home & Kitchen,Storage Container Set,1,883,117
ORD02639,02-06-2025,June,Manish Yadav,Mumbai,Electronics,Keyboard,1,2878,375
ORD02640,13-08-2022,August,Varun Chawla,Chennai,Clothing,Backpack,1,1432,128
ORD02641,17-08-2023,August,Kabir Jain,Mumbai,Office Supplies,Stapler,1,378,46
ORD02642,17-03-2024,March,Arjun Mehta,Coimbatore,Office Supplies,Notebook Set,5,3100,424
ORD02643,20-08-2023,August,Tanvi Kulkarni,Hyderabad,Home & Kitchen,Mixer Grinder,1,5342,843
ORD02644,01-12-2022,December,Aarav Sharma,Surat,Office Supplies,Notebook Set,3,789,165
ORD02645,06-09-2023,September,Aditi Patel,Delhi,Clothing,T-Shirt,2,1041,158
ORD02646,17-09-2025,September,Ishaan Gupta,Delhi,Furniture,Sofa,2,124463,13047
ORD02647,09-03-2025,March,Tanvi Kulkarni,Mumbai,Electronics,Tablet,4,135228,31153
ORD02648,26-04-2022,April,Pooja Sethi,Coimbatore,Clothing,Sneakers,1,3722,328
ORD02649,07-05-2023,May,Amit Verma,Kolkata,Office Supplies,Notebook Set,1,592,61
ORD02650,19-08-2023,August,Devika Pillai,Bengaluru,Electronics,Speaker,3,6326,788
ORD02651,10-10-2023,October,Ishaan Gupta,Kochi,Electronics,Mouse,1,672,186
ORD02652,16-10-2024,October,Sana Khan,Coimbatore,Electronics,Smartphone,4,176122,32933
ORD02653,03-03-2024,March,Rohan Kulkarni,Pune,Home & Kitchen,Storage Container Set,5,8504,1514
ORD02654,07-02-2025,February,Zoya Das,Hyderabad,Office Supplies,Notebook Set,1,422,73
ORD02655,06-02-2024,February,Pooja Sethi,Kolkata,Home & Kitchen,Cookware Set,1,6793,1162
ORD02656,20-08-2024,August,Amit Verma,Jaipur,Office Supplies,Pen Pack,1,271,60
ORD02657,08-05-2024,May,Neha Reddy,Kochi,Electronics,Monitor,5,66037,7682
ORD02658,05-02-2022,February,Pooja Sethi,Jaipur,Clothing,Jacket,1,5311,642
ORD02659,06-01-2022,January,Priya Menon,Coimbatore,Furniture,Desk,1,15774,1211
ORD02660,04-02-2023,February,Sana Khan,Ahmedabad,Furniture,Sofa,3,112686,19208
ORD02661,03-08-2022,August,Kabir Jain,Pune,Office Supplies,Printer Paper,6,2349,227
ORD02662,11-09-2022,September,Nikhil Bansal,Mumbai,Clothing,Sneakers,1,1363,119
ORD02663,08-09-2023,September,Ananya Iyer,Kochi,Furniture,Sofa,3,160439,29557
ORD02664,06-06-2023,June,Riya Kapoor,Nagpur,Office Supplies,Notebook Set,1,624,43
ORD02665,16-09-2022,September,Zoya Das,Ahmedabad,Home & Kitchen,Mixer Grinder,1,10808,2642
ORD02666,29-06-2022,June,Ananya Iyer,Kochi,Clothing,Jacket,3,9224,1357
ORD02667,28-10-2023,October,Devika Pillai,Jaipur,Furniture,Office Chair,3,41834,5220
ORD02668,12-04-2025,April,Kavya Nair,Mumbai,Furniture,Dining Table,1,28589,2547
ORD02669,12-05-2024,May,Neha Reddy,Bengaluru,Office Supplies,Pen Pack,3,750,142
ORD02670,14-10-2024,October,Priya Menon,Nagpur,Home & Kitchen,Water Bottle,1,743,88
ORD02671,12-01-2022,January,Diya Singh,Mumbai,Furniture,Sofa,4,221900,40359
ORD02672,19-01-2024,January,Pooja Sethi,Hyderabad,Furniture,Desk,3,57688,7060
ORD02673,27-08-2024,August,Rahul Joshi,Indore,Furniture,Desk,1,12166,834
ORD02674,13-05-2024,May,Sneha Bose,Mumbai,Electronics,Mouse,2,2734,457
ORD02675,29-04-2025,April,Rahul Joshi,Jaipur,Electronics,Speaker,1,7454,1891
ORD02676,24-12-2022,December,Kabir Jain,Bengaluru,Furniture,Dining Table,3,59658,4318
ORD02677,21-03-2024,March,Kabir Jain,Hyderabad,Furniture,Office Chair,1,5657,1229
ORD02678,16-06-2023,June,Arjun Mehta,Surat,Furniture,Office Chair,4,22666,2533
ORD02679,29-09-2023,September,Ishaan Gupta,Surat,Electronics,Smartphone,2,43455,2860
ORD02680,17-03-2025,March,Nikhil Bansal,Surat,Electronics,Speaker,2,15968,2651
ORD02681,02-01-2023,January,Ananya Iyer,Chennai,Office Supplies,Pen Pack,4,1067,201
ORD02682,23-04-2025,April,Manish Yadav,Coimbatore,Clothing,Backpack,3,7477,1844
ORD02683,13-01-2023,January,Sneha Bose,Kochi,Furniture,Bookshelf,4,44556,8971
ORD02684,07-08-2025,August,Riya Kapoor,Mumbai,Electronics,Tablet,1,33588,3979
ORD02685,08-07-2022,July,Aditi Patel,Coimbatore,Electronics,Keyboard,1,3024,610
ORD02686,19-08-2022,August,Sana Khan,Kochi,Electronics,Laptop,1,81913,7368
ORD02687,22-04-2024,April,Nikhil Bansal,Mumbai,Electronics,Mouse,1,662,133
ORD02688,19-05-2022,May,Varun Chawla,Mumbai,Home & Kitchen,Air Fryer,4,42599,3653
ORD02689,22-09-2022,September,Arjun Mehta,Bengaluru,Electronics,Monitor,1,15671,3186
ORD02690,05-06-2024,June,Simran Kaur,Delhi,Office Supplies,Notebook Set,4,908,86
ORD02691,15-08-2023,August,Varun Chawla,Hyderabad,Clothing,Jeans,1,892,186
ORD02692,04-01-2022,January,Diya Singh,Kochi,Home & Kitchen,Air Fryer,1,12459,1094
ORD02693,11-08-2024,August,Tanvi Kulkarni,Jaipur,Clothing,Jacket,6,14134,2886
ORD02694,14-01-2024,January,Aarav Sharma,Jaipur,Home & Kitchen,Air Fryer,4,51644,6936
ORD02695,26-05-2023,May,Nikhil Bansal,Ahmedabad,Electronics,Smartphone,1,25542,2990
ORD02696,18-03-2024,March,Aditi Patel,Indore,Furniture,Office Chair,2,23117,2647
ORD02697,01-05-2022,May,Kavya Nair,Delhi,Home & Kitchen,Mixer Grinder,2,6723,1873
ORD02698,23-04-2023,April,Amit Verma,Delhi,Office Supplies,Pen Pack,5,1448,312
ORD02699,02-01-2023,January,Simran Kaur,Jaipur,Electronics,Smartphone,3,56045,9082
ORD02700,18-03-2024,March,Priya Menon,Indore,Office Supplies,Notebook Set,3,430,45
ORD02701,11-09-2023,September,Shreya Ghosh,Jaipur,Electronics,Tablet,2,31877,5437
ORD02702,18-01-2023,January,Ananya Iyer,Jaipur,Clothing,Jeans,2,5039,1341
ORD02703,06-01-2022,January,Aditya Desai,Jaipur,Furniture,Office Chair,2,26662,3570
ORD02704,04-04-2024,April,Shreya Ghosh,Kochi,Electronics,Mouse,1,776,80
ORD02705,05-09-2024,September,Pooja Sethi,Bengaluru,Electronics,Keyboard,2,8142,1998
ORD02706,05-03-2023,March,Vikram Rao,Indore,Electronics,Mouse,3,6420,916
ORD02707,31-07-2022,July,Nikhil Bansal,Lucknow,Furniture,Bookshelf,4,31317,4341
ORD02708,20-08-2022,August,Aditi Patel,Hyderabad,Clothing,T-Shirt,2,1842,169
ORD02709,02-04-2023,April,Zoya Das,Indore,Electronics,Headphones,5,41889,4446
ORD02710,02-02-2025,February,Ishaan Gupta,Mumbai,Office Supplies,File Folder Set,1,299,42
ORD02711,25-10-2024,October,Aditi Patel,Mumbai,Home & Kitchen,Water Bottle,2,1399,252
ORD02712,02-06-2025,June,Sana Khan,Hyderabad,Electronics,Keyboard,1,1180,215
ORD02713,06-02-2023,February,Manish Yadav,Kolkata,Furniture,Coffee Table,1,9225,2190
ORD02714,15-11-2025,November,Simran Kaur,Bengaluru,Office Supplies,File Folder Set,5,1180,255
ORD02715,29-08-2024,August,Sneha Bose,Jaipur,Office Supplies,Notebook Set,3,874,140
ORD02716,17-08-2023,August,Vikram Rao,Kolkata,Furniture,Dining Table,1,10423,1429
ORD02717,15-06-2024,June,Aditi Patel,Jaipur,Clothing,Jeans,2,5661,836
ORD02718,05-06-2023,June,Vikram Rao,Jaipur,Furniture,Bookshelf,1,3374,448
ORD02719,08-12-2023,December,Priya Menon,Pune,Home & Kitchen,Storage Container Set,6,9662,1316
ORD02720,01-07-2024,July,Sana Khan,Indore,Clothing,Formal Shirt,4,5427,1150
ORD02721,14-05-2024,May,Aarav Sharma,Surat,Furniture,Bookshelf,1,8719,1708
ORD02722,11-04-2022,April,Ishaan Gupta,Nagpur,Office Supplies,Pen Pack,1,70,10
ORD02723,27-04-2024,April,Priya Menon,Lucknow,Electronics,Monitor,3,77882,14991
ORD02724,30-07-2023,July,Kabir Jain,Lucknow,Home & Kitchen,Water Bottle,3,1130,202
ORD02725,02-05-2025,May,Priya Menon,Pune,Electronics,Tablet,1,34849,8426
ORD02726,13-07-2023,July,Sneha Bose,Nagpur,Home & Kitchen,Table Lamp,3,4305,741
ORD02727,07-05-2023,May,Aditya Desai,Delhi,Office Supplies,Notebook Set,1,551,37
ORD02728,01-12-2025,December,Riya Kapoor,Nagpur,Office Supplies,Printer Paper,1,474,105
ORD02729,06-11-2025,November,Ira Mukherjee,Pune,Electronics,Speaker,2,10939,2456
ORD02730,22-08-2025,August,Shreya Ghosh,Hyderabad,Furniture,Dining Table,1,20790,3343
ORD02731,20-01-2022,January,Neha Reddy,Nagpur,Home & Kitchen,Water Bottle,3,965,151
ORD02732,31-07-2025,July,Aditya Desai,Bengaluru,Electronics,Speaker,4,25976,5669
ORD02733,07-07-2025,July,Aditi Patel,Chennai,Clothing,Backpack,1,616,122
ORD02734,19-08-2023,August,Diya Singh,Coimbatore,Electronics,Mouse,1,1467,371
ORD02735,26-02-2024,February,Nikhil Bansal,Chennai,Electronics,Speaker,1,7806,843
ORD02736,04-04-2025,April,Sana Khan,Jaipur,Clothing,T-Shirt,4,3250,377
ORD02737,17-05-2025,May,Simran Kaur,Nagpur,Home & Kitchen,Cookware Set,1,2683,206
ORD02738,02-11-2025,November,Rohan Kulkarni,Nagpur,Furniture,Office Chair,1,7334,1548
ORD02739,07-05-2022,May,Pooja Sethi,Mumbai,Furniture,Coffee Table,1,4251,1156
ORD02740,10-11-2025,November,Diya Singh,Jaipur,Electronics,Monitor,1,14527,1669
ORD02741,20-05-2024,May,Diya Singh,Bengaluru,Electronics,Mouse,6,3547,906
ORD02742,16-07-2025,July,Riya Kapoor,Kochi,Clothing,Sneakers,2,3127,405
ORD02743,05-01-2022,January,Manish Yadav,Coimbatore,Furniture,Sofa,1,58164,8434
ORD02744,09-06-2024,June,Simran Kaur,Surat,Furniture,Desk,1,17439,2362
ORD02745,13-04-2024,April,Karan Malhotra,Nagpur,Electronics,Mouse,1,782,172
ORD02746,29-01-2022,January,Sneha Bose,Indore,Clothing,Jacket,3,5436,873
ORD02747,11-03-2025,March,Kabir Jain,Kochi,Electronics,Monitor,1,21055,2976
ORD02748,15-05-2024,May,Rohan Kulkarni,Hyderabad,Office Supplies,Pen Pack,1,63,4
ORD02749,26-10-2025,October,Aditya Desai,Hyderabad,Furniture,Office Chair,5,22320,4629
ORD02750,10-11-2023,November,Manish Yadav,Surat,Clothing,Formal Shirt,1,2422,478
ORD02751,03-04-2025,April,Neha Reddy,Indore,Office Supplies,Stapler,2,780,52
ORD02752,07-12-2025,December,Aditi Patel,Bengaluru,Electronics,Laptop,1,57216,13818
ORD02753,22-08-2023,August,Amit Verma,Indore,Electronics,Headphones,2,16614,2136
ORD02754,11-05-2022,May,Vikram Rao,Hyderabad,Office Supplies,Notebook Set,2,637,166
ORD02755,16-03-2024,March,Arjun Mehta,Nagpur,Clothing,Backpack,1,1375,236
ORD02756,15-02-2022,February,Ananya Iyer,Kochi,Clothing,Backpack,4,10289,1943
ORD02757,05-01-2023,January,Aditya Desai,Delhi,Electronics,Laptop,3,163900,22848
ORD02758,30-03-2024,March,Diya Singh,Delhi,Clothing,Jeans,1,3186,577
ORD02759,25-10-2023,October,Simran Kaur,Coimbatore,Furniture,Dining Table,2,58126,13267
ORD02760,13-04-2023,April,Arjun Mehta,Bengaluru,Electronics,Smartphone,2,36564,5576
ORD02761,03-08-2024,August,Neha Reddy,Kolkata,Electronics,Headphones,1,2535,327
ORD02762,30-06-2025,June,Shreya Ghosh,Hyderabad,Electronics,Speaker,1,5871,1059
ORD02763,16-03-2024,March,Aarav Sharma,Chennai,Clothing,Formal Shirt,2,5245,924
ORD02764,03-04-2024,April,Ishaan Gupta,Surat,Electronics,Mouse,1,1473,244
ORD02765,30-08-2022,August,Riya Kapoor,Surat,Clothing,Formal Shirt,2,3398,908
ORD02766,14-06-2022,June,Simran Kaur,Kolkata,Furniture,Desk,1,9249,721
ORD02767,15-05-2023,May,Varun Chawla,Indore,Home & Kitchen,Table Lamp,2,1343,171
ORD02768,25-12-2024,December,Amit Verma,Kolkata,Clothing,Formal Shirt,1,1811,319
ORD02769,18-07-2022,July,Aditya Desai,Indore,Electronics,Keyboard,2,2529,206
ORD02770,04-05-2023,May,Sneha Bose,Ahmedabad,Electronics,Speaker,1,4441,870
ORD02771,26-11-2023,November,Diya Singh,Lucknow,Electronics,Laptop,3,213062,44158
ORD02772,24-12-2024,December,Simran Kaur,Nagpur,Electronics,Tablet,2,41052,4125
ORD02773,13-05-2024,May,Shreya Ghosh,Ahmedabad,Electronics,Tablet,2,37516,2632
ORD02774,28-07-2022,July,Devika Pillai,Hyderabad,Clothing,Formal Shirt,1,2555,171
ORD02775,21-12-2025,December,Ira Mukherjee,Lucknow,Furniture,Sofa,3,126588,17855
ORD02776,13-06-2024,June,Ishaan Gupta,Chennai,Clothing,Jeans,2,1765,340
ORD02777,26-06-2023,June,Simran Kaur,Surat,Office Supplies,Stapler,2,887,166
ORD02778,15-05-2024,May,Ishaan Gupta,Surat,Home & Kitchen,Air Fryer,2,25904,7236
ORD02779,22-06-2023,June,Varun Chawla,Kochi,Clothing,Jeans,1,1434,357
ORD02780,31-05-2024,May,Devika Pillai,Hyderabad,Electronics,Monitor,2,18751,1983
ORD02781,10-02-2023,February,Shreya Ghosh,Coimbatore,Electronics,Laptop,1,79282,13768
ORD02782,19-07-2022,July,Devika Pillai,Pune,Home & Kitchen,Mixer Grinder,1,9044,1292
ORD02783,23-01-2025,January,Ira Mukherjee,Hyderabad,Electronics,Keyboard,5,5436,358
ORD02784,19-02-2023,February,Kavya Nair,Mumbai,Clothing,T-Shirt,1,1168,300
ORD02785,28-12-2022,December,Ishaan Gupta,Pune,Office Supplies,Pen Pack,4,785,56
ORD02786,12-09-2022,September,Meera Shah,Lucknow,Electronics,Monitor,4,82853,16636
ORD02787,23-05-2022,May,Sneha Bose,Hyderabad,Electronics,Speaker,1,6688,1271
ORD02788,28-12-2025,December,Rahul Joshi,Chennai,Clothing,Backpack,1,2005,406
ORD02789,23-08-2022,August,Manish Yadav,Surat,Electronics,Smartphone,1,65238,15517
ORD02790,04-08-2022,August,Kavya Nair,Pune,Electronics,Laptop,1,88069,6833
ORD02791,05-05-2022,May,Ananya Iyer,Coimbatore,Clothing,Formal Shirt,3,4811,710
ORD02792,23-06-2025,June,Aditi Patel,Jaipur,Clothing,Sneakers,1,4438,410
ORD02793,25-11-2025,November,Sneha Bose,Kochi,Clothing,Formal Shirt,1,855,221
ORD02794,30-05-2024,May,Priya Menon,Mumbai,Home & Kitchen,Air Fryer,3,36078,4001
ORD02795,07-11-2024,November,Pooja Sethi,Jaipur,Electronics,Keyboard,1,2481,165
ORD02796,27-09-2025,September,Kavya Nair,Nagpur,Electronics,Smartphone,2,83651,11663
ORD02797,13-03-2024,March,Shreya Ghosh,Hyderabad,Home & Kitchen,Table Lamp,5,10837,747
ORD02798,02-04-2023,April,Meera Shah,Jaipur,Electronics,Laptop,1,89389,9821
ORD02799,11-02-2025,February,Neha Reddy,Pune,Electronics,Laptop,3,249931,56648
ORD02800,31-01-2024,January,Kabir Jain,Coimbatore,Home & Kitchen,Mixer Grinder,2,8572,1632
ORD02801,09-08-2025,August,Pooja Sethi,Bengaluru,Electronics,Mouse,6,2965,392
ORD02802,25-08-2025,August,Rohan Kulkarni,Lucknow,Electronics,Smartphone,3,180312,14230
ORD02803,05-03-2024,March,Karan Malhotra,Delhi,Clothing,Jacket,2,6639,1203
ORD02804,15-10-2025,October,Rahul Joshi,Pune,Clothing,Formal Shirt,1,1087,211
ORD02805,18-05-2022,May,Karan Malhotra,Jaipur,Furniture,Dining Table,2,31617,3351
ORD02806,17-11-2024,November,Vikram Rao,Mumbai,Home & Kitchen,Storage Container Set,3,4703,797
ORD02807,21-10-2024,October,Zoya Das,Nagpur,Office Supplies,Notebook Set,4,2054,256
ORD02808,11-09-2024,September,Simran Kaur,Indore,Home & Kitchen,Water Bottle,1,230,27
ORD02809,26-12-2022,December,Rohan Kulkarni,Ahmedabad,Furniture,Dining Table,1,9861,2191
ORD02810,10-09-2024,September,Amit Verma,Ahmedabad,Office Supplies,Pen Pack,2,432,29
ORD02811,29-10-2022,October,Aarav Sharma,Kolkata,Electronics,Smartphone,1,59743,10423
ORD02812,04-05-2024,May,Zoya Das,Jaipur,Electronics,Speaker,3,26561,4334
ORD02813,04-11-2023,November,Pooja Sethi,Lucknow,Clothing,Jacket,5,22934,4656
ORD02814,06-09-2022,September,Devika Pillai,Coimbatore,Electronics,Laptop,3,266479,50727
ORD02815,04-08-2024,August,Aditi Patel,Kochi,Furniture,Office Chair,1,3684,375
ORD02816,19-07-2025,July,Aarav Sharma,Mumbai,Home & Kitchen,Air Fryer,4,39650,2742
ORD02817,24-03-2024,March,Aarav Sharma,Indore,Clothing,Sneakers,1,4287,829
ORD02818,05-11-2023,November,Aditya Desai,Nagpur,Electronics,Laptop,1,82944,12946
ORD02819,18-06-2023,June,Ira Mukherjee,Kochi,Electronics,Headphones,1,5570,561
ORD02820,10-07-2022,July,Kabir Jain,Bengaluru,Electronics,Speaker,3,14755,1347
ORD02821,10-06-2025,June,Aditya Desai,Chennai,Clothing,T-Shirt,3,2639,356
ORD02822,28-05-2022,May,Meera Shah,Kochi,Electronics,Speaker,2,15153,3495
ORD02823,18-03-2022,March,Sneha Bose,Bengaluru,Office Supplies,Pen Pack,4,288,70
ORD02824,13-10-2025,October,Rahul Joshi,Chennai,Office Supplies,File Folder Set,1,650,152
ORD02825,01-03-2024,March,Diya Singh,Ahmedabad,Home & Kitchen,Storage Container Set,2,2570,198
ORD02826,01-02-2022,February,Priya Menon,Bengaluru,Furniture,Bookshelf,1,10311,1606
ORD02827,15-07-2025,July,Zoya Das,Pune,Furniture,Bookshelf,1,8430,1152
ORD02828,19-05-2022,May,Ira Mukherjee,Jaipur,Office Supplies,File Folder Set,1,524,76
ORD02829,22-08-2024,August,Vikram Rao,Coimbatore,Electronics,Tablet,1,16715,4354
ORD02830,16-07-2023,July,Ananya Iyer,Jaipur,Electronics,Headphones,2,10147,1760
ORD02831,20-03-2022,March,Aarav Sharma,Delhi,Electronics,Tablet,2,19629,4300
ORD02832,16-06-2023,June,Simran Kaur,Mumbai,Furniture,Desk,1,14652,1281
ORD02833,27-02-2024,February,Manish Yadav,Ahmedabad,Office Supplies,Printer Paper,5,1452,143
ORD02834,19-01-2023,January,Devika Pillai,Delhi,Office Supplies,Pen Pack,1,85,12
ORD02835,23-11-2025,November,Aditya Desai,Kolkata,Office Supplies,Notebook Set,2,439,62
ORD02836,06-10-2022,October,Simran Kaur,Indore,Office Supplies,Stapler,2,977,206
ORD02837,13-04-2023,April,Aditi Patel,Hyderabad,Office Supplies,Stapler,1,399,78
ORD02838,28-07-2024,July,Vikram Rao,Indore,Office Supplies,Stapler,1,193,41
ORD02839,27-12-2025,December,Rohan Kulkarni,Delhi,Clothing,Backpack,2,3047,375
ORD02840,27-05-2023,May,Karan Malhotra,Hyderabad,Furniture,Desk,1,17405,1928
ORD02841,11-08-2023,August,Sneha Bose,Mumbai,Electronics,Headphones,1,6371,957
ORD02842,17-05-2022,May,Ishaan Gupta,Delhi,Office Supplies,Desk Organizer,1,461,33
ORD02843,23-11-2023,November,Sneha Bose,Indore,Furniture,Desk,1,15808,2786
ORD02844,30-04-2025,April,Devika Pillai,Kolkata,Home & Kitchen,Water Bottle,4,2453,685
ORD02845,11-07-2025,July,Sneha Bose,Hyderabad,Furniture,Sofa,1,24732,2542
ORD02846,31-10-2024,October,Ira Mukherjee,Hyderabad,Home & Kitchen,Mixer Grinder,1,11189,2105
ORD02847,20-07-2023,July,Zoya Das,Ahmedabad,Furniture,Coffee Table,5,18600,3840
ORD02848,22-06-2022,June,Tanvi Kulkarni,Lucknow,Electronics,Mouse,1,1496,281
ORD02849,14-12-2022,December,Varun Chawla,Hyderabad,Office Supplies,Printer Paper,3,2132,469
ORD02850,15-06-2024,June,Karan Malhotra,Jaipur,Electronics,Tablet,3,76489,12981
ORD02851,14-08-2022,August,Aditya Desai,Surat,Office Supplies,Pen Pack,2,262,41
ORD02852,13-06-2022,June,Nikhil Bansal,Jaipur,Electronics,Tablet,2,70740,5022
ORD02853,12-03-2023,March,Zoya Das,Surat,Office Supplies,Printer Paper,4,1636,372
ORD02854,15-04-2024,April,Shreya Ghosh,Kochi,Clothing,Formal Shirt,3,5786,1031
ORD02855,17-08-2024,August,Diya Singh,Nagpur,Office Supplies,Stapler,2,519,40
ORD02856,10-02-2025,February,Ishaan Gupta,Mumbai,Home & Kitchen,Storage Container Set,1,1791,466
ORD02857,12-07-2023,July,Sana Khan,Jaipur,Furniture,Desk,3,48323,12160
ORD02858,01-09-2023,September,Sneha Bose,Lucknow,Electronics,Speaker,1,4481,570
ORD02859,13-09-2025,September,Sneha Bose,Nagpur,Clothing,T-Shirt,4,3482,613
ORD02860,10-12-2022,December,Pooja Sethi,Kochi,Electronics,Keyboard,5,8706,1028
ORD02861,21-06-2022,June,Ishaan Gupta,Nagpur,Office Supplies,Printer Paper,3,813,156
ORD02862,16-10-2025,October,Sana Khan,Kochi,Electronics,Mouse,3,1332,293
ORD02863,22-12-2025,December,Zoya Das,Kochi,Office Supplies,Desk Organizer,2,1167,249
ORD02864,01-05-2025,May,Amit Verma,Pune,Furniture,Sofa,2,53448,12470
ORD02865,25-06-2025,June,Priya Menon,Nagpur,Clothing,Backpack,4,4942,1257
ORD02866,26-04-2025,April,Aditi Patel,Coimbatore,Electronics,Mouse,4,2492,267
ORD02867,12-06-2023,June,Karan Malhotra,Surat,Clothing,Jeans,5,16696,3277
ORD02868,08-09-2022,September,Riya Kapoor,Lucknow,Furniture,Desk,4,72640,5911
ORD02869,19-08-2024,August,Diya Singh,Hyderabad,Home & Kitchen,Mixer Grinder,2,20386,3855
ORD02870,01-09-2022,September,Neha Reddy,Kochi,Electronics,Laptop,2,127006,18252
ORD02871,17-01-2023,January,Sneha Bose,Delhi,Office Supplies,Printer Paper,2,1016,75
ORD02872,13-12-2025,December,Ishaan Gupta,Nagpur,Electronics,Headphones,3,21262,5354
ORD02873,08-04-2024,April,Diya Singh,Nagpur,Electronics,Keyboard,4,4112,459
ORD02874,27-01-2022,January,Riya Kapoor,Kochi,Clothing,Sneakers,1,4540,318
ORD02875,14-05-2025,May,Sana Khan,Surat,Office Supplies,File Folder Set,2,469,105
ORD02876,15-01-2024,January,Ishaan Gupta,Chennai,Office Supplies,Pen Pack,1,177,39
ORD02877,06-02-2024,February,Neha Reddy,Ahmedabad,Electronics,Laptop,1,69852,17488
ORD02878,31-01-2025,January,Karan Malhotra,Mumbai,Home & Kitchen,Cookware Set,3,23221,4055
ORD02879,20-11-2022,November,Ishaan Gupta,Chennai,Clothing,Jeans,3,2771,706
ORD02880,06-10-2022,October,Priya Menon,Kochi,Electronics,Headphones,1,4637,1276
ORD02881,20-04-2022,April,Kavya Nair,Delhi,Clothing,Jeans,2,6705,708
ORD02882,14-09-2022,September,Aditya Desai,Kochi,Home & Kitchen,Air Fryer,3,22590,2720
ORD02883,23-07-2022,July,Ishaan Gupta,Chennai,Furniture,Sofa,4,142345,39038
ORD02884,14-06-2024,June,Vikram Rao,Chennai,Office Supplies,Printer Paper,3,888,105
ORD02885,15-06-2025,June,Pooja Sethi,Delhi,Clothing,Formal Shirt,1,944,260
ORD02886,07-12-2024,December,Priya Menon,Indore,Furniture,Bookshelf,1,5594,1300
ORD02887,03-07-2022,July,Meera Shah,Nagpur,Office Supplies,Pen Pack,6,1465,206
ORD02888,31-12-2022,December,Simran Kaur,Chennai,Clothing,Sneakers,3,7862,638
ORD02889,15-09-2023,September,Aditya Desai,Ahmedabad,Electronics,Headphones,2,16795,2541
ORD02890,28-12-2025,December,Diya Singh,Coimbatore,Electronics,Speaker,2,12712,2385
ORD02891,05-01-2023,January,Karan Malhotra,Kolkata,Home & Kitchen,Water Bottle,3,2281,182
ORD02892,01-11-2023,November,Rahul Joshi,Nagpur,Clothing,Formal Shirt,2,3330,776
ORD02893,13-11-2022,November,Simran Kaur,Hyderabad,Clothing,T-Shirt,3,3160,275
ORD02894,10-03-2024,March,Kabir Jain,Surat,Furniture,Desk,1,14905,2067
ORD02895,19-12-2022,December,Meera Shah,Nagpur,Electronics,Mouse,1,507,114
ORD02896,14-07-2024,July,Shreya Ghosh,Kolkata,Furniture,Office Chair,1,9984,1188
ORD02897,25-01-2023,January,Diya Singh,Chennai,Electronics,Keyboard,1,2214,260
ORD02898,11-07-2022,July,Nikhil Bansal,Lucknow,Home & Kitchen,Water Bottle,1,509,51
ORD02899,22-12-2022,December,Shreya Ghosh,Bengaluru,Office Supplies,Desk Organizer,2,1696,169
ORD02900,09-11-2022,November,Neha Reddy,Jaipur,Electronics,Speaker,1,5067,606
ORD02901,29-12-2022,December,Aditi Patel,Jaipur,Electronics,Laptop,1,45298,3198
ORD02902,28-04-2024,April,Simran Kaur,Indore,Home & Kitchen,Cookware Set,3,20889,1839
ORD02903,06-01-2022,January,Zoya Das,Surat,Furniture,Dining Table,4,65965,7912
ORD02904,21-11-2025,November,Ananya Iyer,Chennai,Office Supplies,Desk Organizer,1,450,76
ORD02905,29-06-2023,June,Neha Reddy,Chennai,Furniture,Office Chair,1,13277,896
ORD02906,13-07-2024,July,Riya Kapoor,Coimbatore,Electronics,Laptop,2,123117,26938
ORD02907,01-10-2025,October,Meera Shah,Surat,Electronics,Mouse,1,2048,505
ORD02908,14-01-2022,January,Devika Pillai,Mumbai,Home & Kitchen,Mixer Grinder,2,19033,2457
ORD02909,17-02-2023,February,Riya Kapoor,Lucknow,Electronics,Headphones,1,4254,629
ORD02910,27-08-2023,August,Pooja Sethi,Kochi,Electronics,Smartphone,3,201843,29929
ORD02911,31-03-2025,March,Diya Singh,Coimbatore,Electronics,Laptop,4,245863,57854
ORD02912,15-04-2022,April,Nikhil Bansal,Jaipur,Furniture,Office Chair,1,4343,592
ORD02913,27-11-2024,November,Neha Reddy,Bengaluru,Home & Kitchen,Air Fryer,3,23079,6095
ORD02914,15-11-2022,November,Rohan Kulkarni,Ahmedabad,Home & Kitchen,Storage Container Set,3,1759,360
ORD02915,14-03-2024,March,Devika Pillai,Surat,Electronics,Mouse,3,6271,442
ORD02916,06-01-2023,January,Simran Kaur,Ahmedabad,Electronics,Tablet,1,26032,2617
ORD02917,06-05-2022,May,Sneha Bose,Kochi,Home & Kitchen,Storage Container Set,2,1128,295
ORD02918,13-12-2024,December,Neha Reddy,Chennai,Clothing,T-Shirt,1,904,197
ORD02919,08-11-2023,November,Ananya Iyer,Lucknow,Electronics,Headphones,1,5253,1333
ORD02920,09-09-2025,September,Kavya Nair,Pune,Electronics,Monitor,1,19550,3127
ORD02921,26-05-2023,May,Kabir Jain,Indore,Electronics,Laptop,2,176965,31048
ORD02922,31-07-2025,July,Zoya Das,Ahmedabad,Electronics,Speaker,1,1831,130
ORD02923,23-05-2025,May,Sneha Bose,Delhi,Furniture,Coffee Table,1,3608,436
ORD02924,03-04-2022,April,Rohan Kulkarni,Pune,Office Supplies,Stapler,1,450,74
ORD02925,18-06-2023,June,Manish Yadav,Kolkata,Home & Kitchen,Water Bottle,1,300,74
ORD02926,02-02-2025,February,Vikram Rao,Bengaluru,Home & Kitchen,Cookware Set,1,4935,496
ORD02927,13-01-2022,January,Kabir Jain,Hyderabad,Furniture,Sofa,2,34292,8046
ORD02928,11-10-2022,October,Kavya Nair,Ahmedabad,Electronics,Speaker,1,3803,835
ORD02929,27-07-2024,July,Ira Mukherjee,Bengaluru,Electronics,Tablet,1,15059,951
ORD02930,30-10-2025,October,Priya Menon,Jaipur,Clothing,Jeans,1,3165,441
ORD02931,04-09-2023,September,Nikhil Bansal,Kolkata,Office Supplies,File Folder Set,1,126,15
ORD02932,22-06-2024,June,Rohan Kulkarni,Hyderabad,Clothing,Formal Shirt,1,2441,523
ORD02933,25-10-2025,October,Vikram Rao,Nagpur,Clothing,T-Shirt,3,2782,285
ORD02934,24-11-2022,November,Rahul Joshi,Nagpur,Furniture,Coffee Table,1,8367,1220
ORD02935,19-09-2023,September,Ananya Iyer,Kochi,Clothing,Backpack,2,2820,673
ORD02936,21-03-2022,March,Rahul Joshi,Kolkata,Electronics,Tablet,3,97184,12770
ORD02937,28-10-2022,October,Sana Khan,Bengaluru,Clothing,Sneakers,1,3677,733
ORD02938,05-05-2023,May,Zoya Das,Indore,Home & Kitchen,Mixer Grinder,2,22945,1585
ORD02939,28-01-2024,January,Aarav Sharma,Mumbai,Clothing,Jacket,1,4080,690
ORD02940,22-12-2022,December,Kavya Nair,Ahmedabad,Home & Kitchen,Table Lamp,2,2209,422
ORD02941,13-05-2025,May,Karan Malhotra,Bengaluru,Home & Kitchen,Mixer Grinder,1,7064,531
ORD02942,13-08-2024,August,Zoya Das,Hyderabad,Office Supplies,Desk Organizer,2,2048,535
ORD02943,28-09-2023,September,Arjun Mehta,Kochi,Electronics,Keyboard,1,1590,268
ORD02944,08-02-2022,February,Neha Reddy,Ahmedabad,Electronics,Keyboard,1,4095,754
ORD02945,31-07-2023,July,Kabir Jain,Bengaluru,Clothing,Formal Shirt,3,2196,206
ORD02946,31-12-2022,December,Nikhil Bansal,Coimbatore,Electronics,Monitor,4,101698,27652
ORD02947,06-12-2022,December,Rahul Joshi,Mumbai,Electronics,Smartphone,2,127639,12442
ORD02948,16-04-2024,April,Sana Khan,Pune,Home & Kitchen,Mixer Grinder,1,11352,3068
ORD02949,11-08-2023,August,Nikhil Bansal,Coimbatore,Home & Kitchen,Storage Container Set,1,646,125
ORD02950,02-09-2025,September,Riya Kapoor,Delhi,Office Supplies,File Folder Set,1,459,112
ORD02951,18-04-2025,April,Aditya Desai,Hyderabad,Furniture,Dining Table,1,31424,8660
ORD02952,16-11-2023,November,Arjun Mehta,Surat,Office Supplies,File Folder Set,2,523,124
ORD02953,28-02-2023,February,Ira Mukherjee,Surat,Electronics,Monitor,2,17237,1891
ORD02954,21-11-2025,November,Rohan Kulkarni,Kochi,Electronics,Tablet,2,54696,14379
ORD02955,17-03-2023,March,Vikram Rao,Indore,Furniture,Coffee Table,1,10183,1428
ORD02956,12-10-2023,October,Ishaan Gupta,Surat,Home & Kitchen,Water Bottle,1,804,51
ORD02957,09-06-2022,June,Zoya Das,Nagpur,Office Supplies,Desk Organizer,1,680,65
ORD02958,12-06-2025,June,Neha Reddy,Bengaluru,Office Supplies,Printer Paper,3,949,231
ORD02959,09-05-2022,May,Amit Verma,Surat,Electronics,Tablet,1,28835,5117
ORD02960,12-10-2022,October,Arjun Mehta,Pune,Furniture,Desk,2,13593,1028
ORD02961,16-12-2023,December,Sneha Bose,Jaipur,Clothing,Jacket,2,10890,2893
ORD02962,20-09-2025,September,Zoya Das,Jaipur,Clothing,Formal Shirt,4,5808,988
ORD02963,31-12-2022,December,Arjun Mehta,Pune,Electronics,Monitor,2,23393,2155
ORD02964,12-09-2025,September,Kavya Nair,Kolkata,Electronics,Monitor,1,10416,2407
ORD02965,27-11-2025,November,Meera Shah,Coimbatore,Home & Kitchen,Table Lamp,2,1694,189
ORD02966,29-08-2025,August,Sneha Bose,Kolkata,Electronics,Keyboard,1,832,166
ORD02967,30-08-2023,August,Ira Mukherjee,Jaipur,Electronics,Speaker,1,7067,437
ORD02968,28-06-2025,June,Amit Verma,Nagpur,Office Supplies,Pen Pack,2,545,117
ORD02969,30-01-2023,January,Riya Kapoor,Indore,Electronics,Speaker,3,21844,3946
ORD02970,06-02-2022,February,Diya Singh,Jaipur,Electronics,Laptop,3,153848,14501
ORD02971,18-05-2024,May,Meera Shah,Delhi,Electronics,Monitor,2,20952,2079
ORD02972,15-12-2024,December,Shreya Ghosh,Pune,Home & Kitchen,Mixer Grinder,1,6876,1630
ORD02973,26-01-2022,January,Aditya Desai,Mumbai,Office Supplies,Desk Organizer,1,694,129
ORD02974,16-01-2024,January,Manish Yadav,Lucknow,Office Supplies,Notebook Set,3,511,75
ORD02975,02-09-2023,September,Shreya Ghosh,Hyderabad,Electronics,Monitor,2,26488,7002
ORD02976,24-04-2022,April,Nikhil Bansal,Indore,Office Supplies,Notebook Set,4,1741,269
ORD02977,26-07-2022,July,Nikhil Bansal,Indore,Electronics,Tablet,1,29940,6498
ORD02978,31-07-2022,July,Tanvi Kulkarni,Jaipur,Electronics,Keyboard,3,12947,1044
ORD02979,25-12-2023,December,Ananya Iyer,Chennai,Office Supplies,Pen Pack,5,1131,119
ORD02980,14-07-2024,July,Arjun Mehta,Jaipur,Home & Kitchen,Cookware Set,1,5241,962
ORD02981,01-04-2022,April,Manish Yadav,Kochi,Electronics,Tablet,2,23596,6006
ORD02982,25-06-2024,June,Manish Yadav,Kochi,Office Supplies,Pen Pack,4,1184,194
ORD02983,11-01-2025,January,Manish Yadav,Hyderabad,Clothing,Backpack,1,2231,598
ORD02984,01-10-2023,October,Varun Chawla,Kolkata,Office Supplies,Stapler,2,407,85
ORD02985,11-04-2022,April,Rahul Joshi,Kolkata,Clothing,Formal Shirt,3,8383,1612
ORD02986,03-02-2025,February,Devika Pillai,Hyderabad,Office Supplies,Pen Pack,1,209,16
ORD02987,11-05-2025,May,Aditya Desai,Hyderabad,Office Supplies,Printer Paper,2,1766,194
ORD02988,04-09-2025,September,Ira Mukherjee,Nagpur,Office Supplies,Stapler,2,648,42
ORD02989,16-04-2025,April,Amit Verma,Delhi,Furniture,Dining Table,3,77925,12758
ORD02990,03-12-2024,December,Neha Reddy,Delhi,Furniture,Desk,1,13759,1002
ORD02991,22-12-2022,December,Rohan Kulkarni,Ahmedabad,Home & Kitchen,Cookware Set,2,6717,1799
ORD02992,02-09-2023,September,Neha Reddy,Coimbatore,Home & Kitchen,Air Fryer,2,26401,5984
ORD02993,15-01-2025,January,Rahul Joshi,Chennai,Electronics,Smartphone,4,211553,53243
ORD02994,08-02-2022,February,Simran Kaur,Nagpur,Clothing,Jeans,4,8522,1687
ORD02995,09-10-2023,October,Karan Malhotra,Delhi,Furniture,Dining Table,4,143342,37042
ORD02996,07-05-2025,May,Karan Malhotra,Kochi,Electronics,Headphones,4,6864,846
ORD02997,09-03-2023,March,Tanvi Kulkarni,Ahmedabad,Clothing,Formal Shirt,2,2242,258
ORD02998,08-07-2023,July,Aditi Patel,Ahmedabad,Home & Kitchen,Table Lamp,6,7532,2049
ORD02999,06-12-2022,December,Diya Singh,Chennai,Clothing,Sneakers,1,2802,563
ORD03000,16-07-2022,July,Riya Kapoor,Chennai,Office Supplies,Desk Organizer,1,1139,92
ORD03001,28-02-2025,February,Pooja Sethi,Bengaluru,Office Supplies,Stapler,1,391,69
ORD03002,31-12-2023,December,Karan Malhotra,Coimbatore,Electronics,Keyboard,1,1466,343
ORD03003,06-02-2025,February,Vikram Rao,Bengaluru,Office Supplies,File Folder Set,1,496,75
ORD03004,02-02-2024,February,Manish Yadav,Kolkata,Home & Kitchen,Air Fryer,2,19769,3084
ORD03005,06-12-2024,December,Ira Mukherjee,Surat,Office Supplies,Stapler,2,725,108
ORD03006,06-08-2024,August,Karan Malhotra,Kochi,Electronics,Mouse,1,572,57
ORD03007,13-06-2022,June,Diya Singh,Coimbatore,Clothing,Formal Shirt,3,5887,1614
ORD03008,03-12-2023,December,Shreya Ghosh,Nagpur,Home & Kitchen,Cookware Set,2,16736,1520
ORD03009,08-11-2025,November,Manish Yadav,Nagpur,Office Supplies,Stapler,1,187,14
ORD03010,18-02-2023,February,Pooja Sethi,Chennai,Furniture,Coffee Table,1,9874,2748
ORD03011,30-08-2023,August,Devika Pillai,Ahmedabad,Office Supplies,Notebook Set,1,412,87
ORD03012,01-06-2022,June,Vikram Rao,Nagpur,Furniture,Sofa,3,102072,13347
ORD03013,05-03-2023,March,Rahul Joshi,Nagpur,Furniture,Desk,2,19923,3779
ORD03014,07-08-2022,August,Ira Mukherjee,Delhi,Electronics,Keyboard,2,8600,565
ORD03015,12-08-2025,August,Ananya Iyer,Ahmedabad,Electronics,Keyboard,1,4292,1173
ORD03016,12-05-2025,May,Arjun Mehta,Surat,Furniture,Sofa,1,25959,3419
ORD03017,05-02-2024,February,Rohan Kulkarni,Pune,Home & Kitchen,Cookware Set,1,8731,2356
ORD03018,24-11-2022,November,Zoya Das,Lucknow,Home & Kitchen,Storage Container Set,1,746,177
ORD03019,29-12-2023,December,Rahul Joshi,Mumbai,Home & Kitchen,Storage Container Set,2,744,104
ORD03020,02-01-2025,January,Amit Verma,Kochi,Electronics,Monitor,6,142252,10336
ORD03021,04-02-2024,February,Karan Malhotra,Pune,Electronics,Monitor,2,17247,2019
ORD03022,08-11-2023,November,Vikram Rao,Delhi,Office Supplies,Printer Paper,6,4854,711
ORD03023,27-02-2025,February,Ira Mukherjee,Ahmedabad,Office Supplies,File Folder Set,1,584,125
ORD03024,25-08-2022,August,Shreya Ghosh,Kochi,Office Supplies,Desk Organizer,4,1835,421
ORD03025,26-10-2024,October,Zoya Das,Surat,Office Supplies,Stapler,3,659,142
ORD03026,01-03-2022,March,Simran Kaur,Indore,Furniture,Coffee Table,1,10250,1562
ORD03027,19-01-2024,January,Manish Yadav,Coimbatore,Clothing,Jeans,2,5798,906
ORD03028,14-02-2025,February,Amit Verma,Lucknow,Electronics,Tablet,4,91770,11724
ORD03029,25-05-2025,May,Sneha Bose,Nagpur,Electronics,Tablet,1,24514,2718
ORD03030,14-07-2022,July,Vikram Rao,Surat,Furniture,Bookshelf,1,6552,1262
ORD03031,29-06-2023,June,Sneha Bose,Indore,Home & Kitchen,Cookware Set,1,3222,263
ORD03032,18-12-2023,December,Ira Mukherjee,Delhi,Electronics,Tablet,1,11699,2316
ORD03033,01-08-2023,August,Zoya Das,Lucknow,Office Supplies,Pen Pack,3,396,30
ORD03034,05-07-2022,July,Tanvi Kulkarni,Surat,Office Supplies,Stapler,1,400,26
ORD03035,04-07-2023,July,Pooja Sethi,Ahmedabad,Home & Kitchen,Air Fryer,2,12337,1322
ORD03036,17-06-2024,June,Manish Yadav,Surat,Furniture,Bookshelf,3,10683,1646
ORD03037,19-10-2024,October,Neha Reddy,Kochi,Office Supplies,Notebook Set,1,556,48
ORD03038,24-03-2023,March,Sneha Bose,Indore,Furniture,Sofa,2,40366,11205
ORD03039,27-04-2023,April,Arjun Mehta,Coimbatore,Furniture,Dining Table,2,32877,4402
ORD03040,25-04-2023,April,Pooja Sethi,Indore,Office Supplies,Printer Paper,1,799,203
ORD03041,24-10-2024,October,Karan Malhotra,Mumbai,Office Supplies,Pen Pack,2,412,80
ORD03042,01-02-2022,February,Aditya Desai,Delhi,Electronics,Speaker,1,4775,559
ORD03043,18-06-2025,June,Priya Menon,Surat,Electronics,Keyboard,2,4366,1046
ORD03044,19-08-2022,August,Simran Kaur,Chennai,Home & Kitchen,Cookware Set,1,7657,1133
ORD03045,08-01-2025,January,Ishaan Gupta,Jaipur,Electronics,Mouse,1,1855,508
ORD03046,11-06-2022,June,Zoya Das,Pune,Electronics,Monitor,4,64615,8446
ORD03047,08-01-2022,January,Neha Reddy,Nagpur,Home & Kitchen,Storage Container Set,2,1734,291
ORD03048,12-07-2022,July,Kabir Jain,Jaipur,Electronics,Monitor,3,27360,5367
ORD03049,31-01-2022,January,Aditya Desai,Lucknow,Furniture,Dining Table,1,13739,2936
ORD03050,26-05-2025,May,Varun Chawla,Lucknow,Furniture,Bookshelf,1,11761,3173
ORD03051,30-07-2025,July,Meera Shah,Chennai,Office Supplies,File Folder Set,1,398,84
ORD03052,09-11-2022,November,Shreya Ghosh,Lucknow,Electronics,Mouse,3,5366,1142
ORD03053,21-06-2025,June,Meera Shah,Lucknow,Electronics,Laptop,2,98153,22978
ORD03054,03-02-2022,February,Arjun Mehta,Nagpur,Home & Kitchen,Table Lamp,1,849,178
ORD03055,24-09-2022,September,Kavya Nair,Lucknow,Electronics,Monitor,4,78243,10793
ORD03056,05-11-2022,November,Aditi Patel,Coimbatore,Electronics,Mouse,5,2994,182
ORD03057,19-10-2023,October,Amit Verma,Ahmedabad,Electronics,Smartphone,1,34724,3518
ORD03058,28-10-2025,October,Vikram Rao,Chennai,Electronics,Headphones,5,32631,7768
ORD03059,25-07-2022,July,Rohan Kulkarni,Nagpur,Home & Kitchen,Storage Container Set,2,1047,248
ORD03060,22-05-2023,May,Riya Kapoor,Hyderabad,Furniture,Desk,1,9382,1406
ORD03061,27-09-2025,September,Sneha Bose,Mumbai,Electronics,Mouse,1,1296,175
ORD03062,31-12-2022,December,Tanvi Kulkarni,Coimbatore,Office Supplies,Notebook Set,2,1240,181
ORD03063,06-01-2024,January,Ananya Iyer,Hyderabad,Furniture,Sofa,4,93064,13323
ORD03064,07-01-2025,January,Aditi Patel,Nagpur,Furniture,Sofa,1,55755,11940
ORD03065,05-10-2024,October,Ishaan Gupta,Hyderabad,Office Supplies,Pen Pack,2,260,23
ORD03066,15-04-2022,April,Ananya Iyer,Chennai,Office Supplies,Stapler,2,527,92
ORD03067,09-02-2022,February,Simran Kaur,Kolkata,Electronics,Headphones,5,36401,3557
ORD03068,30-03-2022,March,Sneha Bose,Pune,Clothing,Jeans,2,3144,512
ORD03069,22-10-2025,October,Sneha Bose,Nagpur,Clothing,T-Shirt,2,1054,228
ORD03070,13-11-2023,November,Pooja Sethi,Nagpur,Clothing,T-Shirt,3,1053,90
ORD03071,21-12-2022,December,Simran Kaur,Ahmedabad,Clothing,Jeans,2,4921,810
ORD03072,13-11-2022,November,Amit Verma,Pune,Office Supplies,Notebook Set,5,2470,599
ORD03073,02-04-2024,April,Kabir Jain,Surat,Office Supplies,File Folder Set,6,2998,252
ORD03074,25-11-2023,November,Manish Yadav,Nagpur,Home & Kitchen,Air Fryer,1,6674,746
ORD03075,01-01-2025,January,Riya Kapoor,Pune,Electronics,Speaker,3,23108,3844
ORD03076,01-05-2024,May,Manish Yadav,Bengaluru,Electronics,Keyboard,1,2919,336
ORD03077,29-08-2025,August,Simran Kaur,Surat,Office Supplies,Pen Pack,1,244,50
ORD03078,27-11-2022,November,Vikram Rao,Mumbai,Furniture,Dining Table,5,130156,32289
ORD03079,04-08-2025,August,Sana Khan,Kochi,Furniture,Coffee Table,3,18692,4657
ORD03080,20-05-2025,May,Ira Mukherjee,Indore,Home & Kitchen,Water Bottle,2,633,72
ORD03081,06-05-2022,May,Kavya Nair,Nagpur,Furniture,Office Chair,1,6066,1405
ORD03082,06-12-2024,December,Arjun Mehta,Nagpur,Electronics,Laptop,1,43830,8582
ORD03083,06-05-2022,May,Neha Reddy,Pune,Home & Kitchen,Water Bottle,1,673,53
ORD03084,20-07-2025,July,Kabir Jain,Coimbatore,Electronics,Speaker,2,16320,1930
ORD03085,17-02-2024,February,Arjun Mehta,Nagpur,Electronics,Mouse,2,767,130
ORD03086,15-10-2025,October,Ishaan Gupta,Kolkata,Home & Kitchen,Water Bottle,3,2038,380
ORD03087,17-01-2023,January,Meera Shah,Indore,Electronics,Keyboard,1,2218,409
ORD03088,15-05-2024,May,Riya Kapoor,Kochi,Office Supplies,Pen Pack,1,172,22
ORD03089,19-10-2022,October,Tanvi Kulkarni,Pune,Home & Kitchen,Air Fryer,4,33985,7368
ORD03090,20-03-2024,March,Aditi Patel,Nagpur,Office Supplies,Stapler,1,199,48
ORD03091,16-06-2024,June,Manish Yadav,Kochi,Electronics,Mouse,3,6184,540
ORD03092,15-12-2024,December,Zoya Das,Kolkata,Clothing,Formal Shirt,5,12381,1970
ORD03093,29-09-2025,September,Rahul Joshi,Indore,Electronics,Mouse,4,1964,407
ORD03094,28-04-2025,April,Diya Singh,Ahmedabad,Office Supplies,Notebook Set,1,358,48
ORD03095,30-01-2022,January,Shreya Ghosh,Indore,Electronics,Speaker,3,23780,5077
ORD03096,14-11-2023,November,Meera Shah,Kochi,Electronics,Laptop,2,103481,19754
ORD03097,08-09-2022,September,Aditya Desai,Mumbai,Home & Kitchen,Cookware Set,1,7685,1912
ORD03098,19-10-2023,October,Aditi Patel,Bengaluru,Clothing,Sneakers,1,2205,588
ORD03099,04-04-2025,April,Kabir Jain,Indore,Electronics,Smartphone,1,35271,5612
ORD03100,05-08-2023,August,Sneha Bose,Hyderabad,Furniture,Coffee Table,3,28771,5054
ORD03101,22-11-2025,November,Nikhil Bansal,Jaipur,Clothing,T-Shirt,1,287,65
ORD03102,22-06-2024,June,Shreya Ghosh,Surat,Electronics,Tablet,2,48589,3765
ORD03103,14-06-2023,June,Aditi Patel,Pune,Office Supplies,Notebook Set,4,1448,243
ORD03104,08-02-2025,February,Amit Verma,Delhi,Electronics,Laptop,4,300284,78476
ORD03105,19-04-2022,April,Kavya Nair,Chennai,Electronics,Tablet,1,37160,7193
ORD03106,28-10-2023,October,Sneha Bose,Nagpur,Home & Kitchen,Table Lamp,1,1358,88
ORD03107,24-05-2025,May,Aarav Sharma,Bengaluru,Clothing,Jeans,6,5436,852
ORD03108,21-11-2025,November,Ananya Iyer,Surat,Electronics,Smartphone,2,105821,29523
ORD03109,12-02-2025,February,Shreya Ghosh,Jaipur,Clothing,Sneakers,2,9365,2245
ORD03110,15-09-2024,September,Zoya Das,Jaipur,Home & Kitchen,Water Bottle,2,424,54
ORD03111,09-08-2025,August,Simran Kaur,Kochi,Electronics,Smartphone,4,177251,39899
ORD03112,13-02-2025,February,Amit Verma,Coimbatore,Electronics,Mouse,1,1300,313
ORD03113,14-08-2022,August,Vikram Rao,Chennai,Furniture,Office Chair,2,10491,2789
ORD03114,27-01-2025,January,Shreya Ghosh,Bengaluru,Office Supplies,Pen Pack,6,986,186
ORD03115,03-11-2022,November,Manish Yadav,Jaipur,Office Supplies,Pen Pack,4,473,97
ORD03116,30-09-2023,September,Aarav Sharma,Indore,Home & Kitchen,Air Fryer,1,4226,952
ORD03117,31-07-2025,July,Manish Yadav,Ahmedabad,Electronics,Laptop,2,119572,9591
ORD03118,04-09-2024,September,Amit Verma,Chennai,Office Supplies,Printer Paper,3,1240,148
ORD03119,05-04-2023,April,Nikhil Bansal,Kolkata,Office Supplies,File Folder Set,2,227,34
ORD03120,11-02-2025,February,Priya Menon,Kochi,Furniture,Dining Table,1,35126,5658
ORD03121,30-10-2022,October,Sneha Bose,Bengaluru,Electronics,Monitor,5,119311,9407
ORD03122,29-05-2022,May,Sana Khan,Kolkata,Electronics,Mouse,1,1223,110
ORD03123,11-03-2022,March,Meera Shah,Jaipur,Home & Kitchen,Table Lamp,3,1558,293
ORD03124,08-06-2022,June,Riya Kapoor,Bengaluru,Furniture,Sofa,5,201775,35395
ORD03125,07-09-2023,September,Kavya Nair,Ahmedabad,Clothing,Jacket,4,15099,2126
ORD03126,04-04-2025,April,Ananya Iyer,Surat,Clothing,Jeans,4,3717,336
ORD03127,12-06-2022,June,Tanvi Kulkarni,Delhi,Electronics,Mouse,2,3590,1002
ORD03128,23-10-2022,October,Riya Kapoor,Coimbatore,Electronics,Tablet,2,48062,7781
ORD03129,20-06-2022,June,Vikram Rao,Indore,Electronics,Keyboard,1,3964,1077
ORD03130,18-01-2022,January,Amit Verma,Indore,Electronics,Monitor,3,67498,14163
ORD03131,25-01-2025,January,Kabir Jain,Bengaluru,Office Supplies,Pen Pack,2,157,10
ORD03132,10-11-2023,November,Pooja Sethi,Chennai,Electronics,Speaker,1,8602,1362
ORD03133,23-08-2023,August,Ira Mukherjee,Ahmedabad,Furniture,Desk,1,17124,2584
ORD03134,24-12-2023,December,Diya Singh,Kolkata,Home & Kitchen,Cookware Set,2,15770,1783
ORD03135,18-09-2025,September,Tanvi Kulkarni,Ahmedabad,Office Supplies,Pen Pack,1,138,31
ORD03136,14-12-2025,December,Neha Reddy,Indore,Electronics,Keyboard,1,4188,414
ORD03137,24-01-2025,January,Aditi Patel,Mumbai,Home & Kitchen,Water Bottle,3,542,66
ORD03138,12-08-2023,August,Rohan Kulkarni,Bengaluru,Clothing,Jeans,1,1456,301
ORD03139,26-11-2025,November,Shreya Ghosh,Chennai,Electronics,Smartphone,1,53906,14965
ORD03140,16-12-2022,December,Varun Chawla,Delhi,Electronics,Keyboard,3,6092,1301
ORD03141,20-02-2023,February,Simran Kaur,Kochi,Office Supplies,Printer Paper,1,669,173
ORD03142,17-07-2022,July,Manish Yadav,Mumbai,Clothing,Backpack,3,4323,536
ORD03143,30-04-2022,April,Varun Chawla,Ahmedabad,Clothing,Jacket,2,2775,314
ORD03144,08-10-2023,October,Sneha Bose,Chennai,Home & Kitchen,Cookware Set,2,12836,2902
ORD03145,11-08-2024,August,Arjun Mehta,Indore,Electronics,Mouse,4,2496,465
ORD03146,14-02-2022,February,Nikhil Bansal,Mumbai,Clothing,Sneakers,3,3338,225
ORD03147,06-05-2024,May,Vikram Rao,Chennai,Clothing,T-Shirt,2,2192,300
ORD03148,22-10-2024,October,Kabir Jain,Kochi,Electronics,Keyboard,1,1613,210
ORD03149,10-09-2024,September,Vikram Rao,Lucknow,Clothing,Formal Shirt,6,5212,1108
ORD03150,29-03-2023,March,Aarav Sharma,Indore,Office Supplies,Notebook Set,1,494,81
ORD03151,01-01-2025,January,Pooja Sethi,Ahmedabad,Electronics,Tablet,3,80342,19567
ORD03152,17-02-2023,February,Nikhil Bansal,Nagpur,Electronics,Smartphone,1,64211,4593
ORD03153,20-09-2025,September,Varun Chawla,Jaipur,Furniture,Desk,1,9057,1789
ORD03154,18-12-2022,December,Ishaan Gupta,Pune,Clothing,Formal Shirt,1,1289,188
ORD03155,04-11-2025,November,Rohan Kulkarni,Delhi,Furniture,Coffee Table,4,29356,4415
ORD03156,10-05-2022,May,Ananya Iyer,Chennai,Office Supplies,Printer Paper,6,4756,321
ORD03157,05-12-2022,December,Rohan Kulkarni,Jaipur,Home & Kitchen,Storage Container Set,2,3426,418
ORD03158,31-07-2024,July,Tanvi Kulkarni,Kolkata,Furniture,Coffee Table,2,17578,2061
ORD03159,28-03-2023,March,Diya Singh,Ahmedabad,Home & Kitchen,Mixer Grinder,2,11407,2513
ORD03160,20-04-2025,April,Rohan Kulkarni,Delhi,Electronics,Speaker,4,27966,2238
ORD03161,14-09-2025,September,Ira Mukherjee,Nagpur,Electronics,Keyboard,3,7755,1691
ORD03162,30-06-2024,June,Shreya Ghosh,Chennai,Office Supplies,Stapler,1,130,31
ORD03163,08-06-2022,June,Karan Malhotra,Jaipur,Electronics,Monitor,3,31070,7159
ORD03164,12-02-2022,February,Rohan Kulkarni,Ahmedabad,Office Supplies,Pen Pack,3,247,45
ORD03165,12-08-2023,August,Shreya Ghosh,Delhi,Office Supplies,Stapler,1,493,117
ORD03166,11-07-2022,July,Sana Khan,Kochi,Electronics,Keyboard,2,3847,956
ORD03167,08-11-2024,November,Devika Pillai,Kolkata,Electronics,Tablet,2,39550,4831
ORD03168,29-10-2024,October,Arjun Mehta,Delhi,Office Supplies,Printer Paper,4,1483,252
ORD03169,11-03-2024,March,Meera Shah,Lucknow,Furniture,Dining Table,1,18116,2679
ORD03170,11-02-2024,February,Pooja Sethi,Coimbatore,Furniture,Coffee Table,3,23310,2852
ORD03171,09-05-2024,May,Zoya Das,Kolkata,Clothing,T-Shirt,2,1547,110
ORD03172,15-09-2022,September,Priya Menon,Jaipur,Home & Kitchen,Storage Container Set,2,2367,487
ORD03173,25-04-2024,April,Vikram Rao,Hyderabad,Electronics,Smartphone,1,37262,10389
ORD03174,16-11-2024,November,Diya Singh,Bengaluru,Electronics,Keyboard,2,6952,510
ORD03175,17-12-2025,December,Meera Shah,Pune,Electronics,Headphones,2,8083,1740
ORD03176,26-01-2022,January,Diya Singh,Delhi,Electronics,Tablet,1,22500,2759
ORD03177,26-05-2023,May,Zoya Das,Pune,Electronics,Laptop,1,47456,4804
ORD03178,14-08-2023,August,Rohan Kulkarni,Lucknow,Clothing,Sneakers,2,7473,1109
ORD03179,19-05-2025,May,Diya Singh,Lucknow,Office Supplies,Pen Pack,1,100,14
ORD03180,16-05-2024,May,Aditya Desai,Coimbatore,Office Supplies,Pen Pack,4,1191,294
ORD03181,02-03-2024,March,Karan Malhotra,Indore,Office Supplies,Pen Pack,1,209,25
ORD03182,14-10-2022,October,Karan Malhotra,Bengaluru,Furniture,Bookshelf,2,18536,4437
ORD03183,10-08-2023,August,Aditi Patel,Pune,Electronics,Speaker,3,16093,1497
ORD03184,10-02-2025,February,Vikram Rao,Ahmedabad,Furniture,Office Chair,4,44220,4513
ORD03185,02-05-2023,May,Neha Reddy,Nagpur,Office Supplies,Pen Pack,3,629,41
ORD03186,21-08-2024,August,Simran Kaur,Pune,Electronics,Headphones,4,25533,6356
ORD03187,07-04-2022,April,Manish Yadav,Indore,Electronics,Keyboard,2,8944,1347
ORD03188,28-05-2022,May,Varun Chawla,Kochi,Electronics,Smartphone,1,64790,4340
ORD03189,01-07-2024,July,Ishaan Gupta,Chennai,Furniture,Office Chair,5,53752,11161
ORD03190,24-11-2025,November,Sneha Bose,Jaipur,Furniture,Bookshelf,2,13141,1747
ORD03191,08-12-2024,December,Devika Pillai,Surat,Electronics,Mouse,2,3967,906
ORD03192,19-06-2023,June,Karan Malhotra,Nagpur,Office Supplies,Pen Pack,1,208,55
ORD03193,10-03-2023,March,Neha Reddy,Kolkata,Clothing,Backpack,1,1269,213
ORD03194,20-08-2025,August,Vikram Rao,Indore,Electronics,Tablet,2,63852,7125
ORD03195,12-09-2023,September,Riya Kapoor,Chennai,Home & Kitchen,Water Bottle,2,1572,230
ORD03196,21-02-2024,February,Tanvi Kulkarni,Hyderabad,Electronics,Monitor,1,21925,3967
ORD03197,31-03-2025,March,Arjun Mehta,Kochi,Office Supplies,Desk Organizer,1,516,90
ORD03198,13-06-2024,June,Devika Pillai,Delhi,Electronics,Mouse,2,782,74
ORD03199,01-12-2025,December,Nikhil Bansal,Kolkata,Home & Kitchen,Storage Container Set,1,928,235
ORD03200,05-04-2023,April,Ira Mukherjee,Surat,Furniture,Bookshelf,1,10991,910
ORD03201,22-09-2022,September,Priya Menon,Delhi,Office Supplies,Desk Organizer,4,4534,1083
ORD03202,07-01-2023,January,Vikram Rao,Nagpur,Electronics,Laptop,5,419982,82769
ORD03203,08-06-2022,June,Aditya Desai,Coimbatore,Home & Kitchen,Storage Container Set,1,1127,259
ORD03204,25-04-2024,April,Meera Shah,Mumbai,Home & Kitchen,Storage Container Set,1,560,103
ORD03205,02-08-2022,August,Pooja Sethi,Indore,Electronics,Monitor,2,50340,8662
ORD03206,21-01-2022,January,Manish Yadav,Kolkata,Home & Kitchen,Air Fryer,2,28869,5039
ORD03207,25-08-2024,August,Sana Khan,Kolkata,Clothing,Jeans,2,6446,1196
ORD03208,20-05-2023,May,Rohan Kulkarni,Chennai,Furniture,Dining Table,2,19943,5239
ORD03209,16-08-2024,August,Sneha Bose,Delhi,Home & Kitchen,Mixer Grinder,1,5387,1393
ORD03210,27-02-2024,February,Aditya Desai,Kochi,Clothing,Jeans,1,2771,339
ORD03211,11-10-2024,October,Simran Kaur,Bengaluru,Office Supplies,Stapler,1,465,64
ORD03212,10-09-2022,September,Devika Pillai,Pune,Clothing,Jacket,4,22665,1880
ORD03213,08-05-2022,May,Aditya Desai,Indore,Home & Kitchen,Table Lamp,1,2744,217
ORD03214,19-12-2025,December,Kabir Jain,Delhi,Electronics,Laptop,1,67997,15680
ORD03215,20-03-2025,March,Kabir Jain,Surat,Clothing,Jacket,2,10286,2602
ORD03216,17-08-2023,August,Aditi Patel,Bengaluru,Furniture,Sofa,1,38480,7755
ORD03217,29-03-2024,March,Vikram Rao,Mumbai,Furniture,Bookshelf,2,17130,3407
ORD03218,17-03-2023,March,Zoya Das,Coimbatore,Office Supplies,Notebook Set,3,1404,182
ORD03219,03-02-2022,February,Simran Kaur,Lucknow,Clothing,T-Shirt,3,1134,234
ORD03220,09-03-2023,March,Kavya Nair,Mumbai,Clothing,Backpack,3,7539,524
ORD03221,29-03-2023,March,Nikhil Bansal,Jaipur,Furniture,Sofa,5,301667,55439
ORD03222,04-12-2025,December,Tanvi Kulkarni,Chennai,Office Supplies,Pen Pack,1,234,45
ORD03223,18-05-2022,May,Zoya Das,Lucknow,Home & Kitchen,Air Fryer,1,9836,1590
ORD03224,17-10-2023,October,Ishaan Gupta,Delhi,Furniture,Coffee Table,4,35938,3533
ORD03225,26-05-2024,May,Kavya Nair,Coimbatore,Furniture,Office Chair,2,13500,2577
ORD03226,18-02-2025,February,Vikram Rao,Lucknow,Electronics,Headphones,1,3568,868
ORD03227,12-11-2025,November,Ananya Iyer,Hyderabad,Furniture,Coffee Table,4,39884,5644
ORD03228,02-03-2025,March,Sneha Bose,Kolkata,Furniture,Office Chair,3,31934,6903
ORD03229,30-07-2023,July,Tanvi Kulkarni,Kochi,Electronics,Mouse,1,1527,234
ORD03230,03-05-2023,May,Ira Mukherjee,Coimbatore,Electronics,Smartphone,5,168295,10462
ORD03231,26-04-2022,April,Simran Kaur,Hyderabad,Furniture,Dining Table,2,33412,2237
ORD03232,27-05-2024,May,Kavya Nair,Kolkata,Home & Kitchen,Air Fryer,2,17763,1663
ORD03233,14-12-2025,December,Manish Yadav,Bengaluru,Home & Kitchen,Air Fryer,1,14525,3149
ORD03234,14-10-2023,October,Manish Yadav,Nagpur,Electronics,Keyboard,2,4828,1277
ORD03235,05-04-2024,April,Ishaan Gupta,Lucknow,Home & Kitchen,Mixer Grinder,3,33636,6634
ORD03236,14-08-2023,August,Riya Kapoor,Ahmedabad,Clothing,Jacket,2,4652,1070
ORD03237,16-07-2023,July,Arjun Mehta,Pune,Electronics,Mouse,1,1458,346
ORD03238,18-05-2024,May,Aditya Desai,Chennai,Home & Kitchen,Table Lamp,1,1670,248
ORD03239,08-08-2025,August,Arjun Mehta,Coimbatore,Electronics,Tablet,2,24736,2593
ORD03240,01-11-2024,November,Aditya Desai,Kochi,Electronics,Mouse,1,488,111
ORD03241,23-10-2025,October,Kabir Jain,Coimbatore,Electronics,Monitor,1,23026,1723
ORD03242,05-12-2025,December,Karan Malhotra,Hyderabad,Electronics,Speaker,1,3055,254
ORD03243,15-08-2024,August,Priya Menon,Chennai,Furniture,Coffee Table,4,11823,2780
ORD03244,26-03-2024,March,Aditya Desai,Jaipur,Furniture,Bookshelf,2,21442,4289
ORD03245,30-01-2023,January,Karan Malhotra,Coimbatore,Office Supplies,Stapler,1,461,99
ORD03246,22-04-2024,April,Priya Menon,Coimbatore,Office Supplies,Pen Pack,1,127,34
ORD03247,28-12-2022,December,Aditi Patel,Ahmedabad,Electronics,Tablet,1,18232,4856
ORD03248,07-11-2022,November,Rahul Joshi,Lucknow,Electronics,Monitor,1,20887,1414
ORD03249,02-06-2024,June,Arjun Mehta,Coimbatore,Clothing,Sneakers,1,3662,444
ORD03250,06-02-2024,February,Sana Khan,Lucknow,Office Supplies,Pen Pack,1,257,60
ORD03251,17-05-2025,May,Diya Singh,Nagpur,Home & Kitchen,Mixer Grinder,2,6105,1645
ORD03252,14-09-2024,September,Shreya Ghosh,Jaipur,Home & Kitchen,Storage Container Set,2,1182,250
ORD03253,17-08-2025,August,Rahul Joshi,Pune,Office Supplies,Notebook Set,1,642,43
ORD03254,01-12-2025,December,Karan Malhotra,Bengaluru,Furniture,Sofa,1,52588,8442
ORD03255,27-07-2024,July,Varun Chawla,Delhi,Electronics,Monitor,5,122198,27051
ORD03256,13-06-2023,June,Karan Malhotra,Indore,Electronics,Tablet,2,67013,17517
ORD03257,24-04-2022,April,Rohan Kulkarni,Kochi,Clothing,Formal Shirt,4,10724,988
ORD03258,18-07-2023,July,Diya Singh,Kolkata,Office Supplies,File Folder Set,2,1085,293
ORD03259,16-01-2023,January,Shreya Ghosh,Hyderabad,Electronics,Headphones,2,9124,1840
ORD03260,19-11-2024,November,Ira Mukherjee,Nagpur,Furniture,Coffee Table,3,21730,4552
ORD03261,21-06-2024,June,Karan Malhotra,Delhi,Clothing,Sneakers,1,4908,1282
ORD03262,13-03-2025,March,Priya Menon,Lucknow,Furniture,Dining Table,1,33936,3202
ORD03263,17-11-2025,November,Kabir Jain,Hyderabad,Electronics,Monitor,1,15604,3431
ORD03264,22-06-2024,June,Nikhil Bansal,Kolkata,Furniture,Desk,1,17845,3875
ORD03265,04-11-2025,November,Ishaan Gupta,Hyderabad,Home & Kitchen,Table Lamp,1,1566,370
ORD03266,05-11-2022,November,Karan Malhotra,Chennai,Furniture,Office Chair,1,12600,2294
ORD03267,10-07-2022,July,Karan Malhotra,Lucknow,Furniture,Office Chair,1,7381,1048
ORD03268,11-01-2024,January,Amit Verma,Lucknow,Electronics,Tablet,5,63141,16919
ORD03269,14-09-2022,September,Karan Malhotra,Nagpur,Electronics,Speaker,1,4750,991
ORD03270,07-04-2022,April,Meera Shah,Nagpur,Office Supplies,Stapler,2,204,53
ORD03271,08-11-2023,November,Devika Pillai,Jaipur,Electronics,Keyboard,2,6198,1390
ORD03272,05-05-2024,May,Kabir Jain,Surat,Clothing,T-Shirt,5,3321,282
ORD03273,19-10-2023,October,Priya Menon,Chennai,Clothing,T-Shirt,2,1471,255
ORD03274,05-03-2023,March,Ira Mukherjee,Delhi,Home & Kitchen,Cookware Set,2,13297,1192
ORD03275,04-07-2025,July,Ishaan Gupta,Nagpur,Furniture,Coffee Table,4,13485,835
ORD03276,17-02-2023,February,Rahul Joshi,Lucknow,Electronics,Tablet,1,18325,3089
ORD03277,19-02-2023,February,Riya Kapoor,Bengaluru,Clothing,Sneakers,3,6597,906
ORD03278,11-02-2025,February,Varun Chawla,Bengaluru,Clothing,Sneakers,1,2013,560
ORD03279,22-12-2023,December,Rahul Joshi,Surat,Electronics,Speaker,2,12788,1019
ORD03280,03-12-2025,December,Ananya Iyer,Jaipur,Electronics,Smartphone,1,18178,2580
ORD03281,01-04-2025,April,Meera Shah,Hyderabad,Furniture,Office Chair,1,7628,835
ORD03282,07-02-2024,February,Priya Menon,Mumbai,Home & Kitchen,Water Bottle,6,5089,416
ORD03283,12-03-2024,March,Shreya Ghosh,Mumbai,Home & Kitchen,Air Fryer,2,25655,5640
ORD03284,01-02-2025,February,Ira Mukherjee,Bengaluru,Electronics,Mouse,1,1180,245
ORD03285,31-08-2025,August,Amit Verma,Coimbatore,Home & Kitchen,Air Fryer,2,8930,2083
ORD03286,21-04-2023,April,Neha Reddy,Bengaluru,Electronics,Tablet,1,11055,1431
ORD03287,02-01-2024,January,Zoya Das,Nagpur,Electronics,Smartphone,2,86088,21480
ORD03288,17-09-2025,September,Pooja Sethi,Pune,Electronics,Smartphone,2,43082,9277
ORD03289,26-10-2022,October,Devika Pillai,Kolkata,Electronics,Keyboard,2,1688,158
ORD03290,23-11-2023,November,Aarav Sharma,Nagpur,Electronics,Speaker,1,5982,1647
ORD03291,17-06-2024,June,Manish Yadav,Kolkata,Electronics,Tablet,1,9172,1017
ORD03292,01-04-2025,April,Aditi Patel,Nagpur,Office Supplies,File Folder Set,1,581,42
ORD03293,19-03-2025,March,Kabir Jain,Mumbai,Furniture,Office Chair,3,23478,3046
ORD03294,19-11-2023,November,Rohan Kulkarni,Kolkata,Office Supplies,Stapler,5,1294,228
ORD03295,16-10-2024,October,Zoya Das,Chennai,Clothing,Jeans,2,5896,871
ORD03296,20-05-2025,May,Kavya Nair,Lucknow,Clothing,Formal Shirt,1,1909,463
ORD03297,06-04-2025,April,Sana Khan,Delhi,Office Supplies,Desk Organizer,3,2145,150
ORD03298,10-01-2025,January,Neha Reddy,Indore,Clothing,T-Shirt,1,370,37
ORD03299,17-02-2025,February,Sana Khan,Coimbatore,Furniture,Bookshelf,2,14697,3114
ORD03300,21-05-2023,May,Nikhil Bansal,Coimbatore,Clothing,T-Shirt,2,1191,314
ORD03301,16-10-2023,October,Rohan Kulkarni,Mumbai,Furniture,Dining Table,1,25580,7109
ORD03302,25-08-2024,August,Tanvi Kulkarni,Bengaluru,Furniture,Dining Table,2,23381,6342
ORD03303,22-12-2024,December,Vikram Rao,Pune,Home & Kitchen,Mixer Grinder,2,20432,1282
ORD03304,09-01-2024,January,Sneha Bose,Indore,Clothing,Jacket,2,2549,677
ORD03305,06-01-2025,January,Shreya Ghosh,Indore,Home & Kitchen,Table Lamp,2,5881,1418
ORD03306,18-03-2022,March,Simran Kaur,Nagpur,Home & Kitchen,Mixer Grinder,2,19795,2544
ORD03307,08-04-2022,April,Shreya Ghosh,Coimbatore,Electronics,Laptop,2,111325,16361
ORD03308,19-03-2023,March,Aditi Patel,Ahmedabad,Furniture,Sofa,1,40785,4293
ORD03309,13-03-2022,March,Neha Reddy,Lucknow,Furniture,Coffee Table,1,10660,2016
ORD03310,11-01-2022,January,Kabir Jain,Bengaluru,Home & Kitchen,Mixer Grinder,5,26557,2814
ORD03311,14-12-2024,December,Vikram Rao,Nagpur,Furniture,Desk,2,16690,3297
ORD03312,21-08-2024,August,Rohan Kulkarni,Lucknow,Furniture,Dining Table,1,23439,3750
ORD03313,28-03-2022,March,Varun Chawla,Jaipur,Furniture,Bookshelf,2,16986,2871
ORD03314,05-11-2025,November,Vikram Rao,Lucknow,Clothing,Jeans,1,1537,180
ORD03315,27-10-2025,October,Aarav Sharma,Delhi,Clothing,Backpack,1,1302,301
ORD03316,24-06-2025,June,Meera Shah,Jaipur,Home & Kitchen,Water Bottle,2,1434,87
ORD03317,22-01-2024,January,Ira Mukherjee,Nagpur,Furniture,Desk,2,27984,6419
ORD03318,08-06-2023,June,Manish Yadav,Surat,Electronics,Headphones,3,10113,1665
ORD03319,04-08-2023,August,Aditya Desai,Coimbatore,Furniture,Office Chair,2,20671,3878
ORD03320,26-04-2025,April,Ananya Iyer,Chennai,Furniture,Office Chair,2,28722,4913
ORD03321,26-05-2022,May,Varun Chawla,Lucknow,Office Supplies,Stapler,3,508,42
ORD03322,20-09-2024,September,Priya Menon,Chennai,Clothing,Sneakers,1,3983,949
ORD03323,01-02-2022,February,Vikram Rao,Bengaluru,Clothing,Jeans,1,3448,734
ORD03324,16-11-2022,November,Priya Menon,Surat,Clothing,Jeans,1,1146,257
ORD03325,11-10-2022,October,Aarav Sharma,Ahmedabad,Electronics,Speaker,1,1906,439
ORD03326,13-11-2025,November,Amit Verma,Delhi,Office Supplies,Notebook Set,1,366,69
ORD03327,07-09-2025,September,Varun Chawla,Mumbai,Clothing,T-Shirt,2,2153,595
ORD03328,11-07-2022,July,Rohan Kulkarni,Coimbatore,Furniture,Coffee Table,2,20154,5155
ORD03329,10-07-2025,July,Manish Yadav,Chennai,Home & Kitchen,Water Bottle,4,3203,709
ORD03330,28-10-2022,October,Aditi Patel,Chennai,Electronics,Monitor,4,38626,5198
ORD03331,04-03-2024,March,Amit Verma,Hyderabad,Office Supplies,Notebook Set,1,416,46
ORD03332,03-12-2022,December,Sana Khan,Mumbai,Furniture,Desk,1,16044,4277
ORD03333,18-03-2022,March,Pooja Sethi,Pune,Home & Kitchen,Table Lamp,1,1890,299
ORD03334,24-12-2025,December,Amit Verma,Coimbatore,Electronics,Smartphone,1,64556,6109
ORD03335,07-02-2022,February,Sana Khan,Indore,Clothing,Formal Shirt,1,903,85
ORD03336,29-08-2025,August,Aditi Patel,Delhi,Electronics,Speaker,1,5702,1386
ORD03337,22-01-2024,January,Ananya Iyer,Kolkata,Office Supplies,Stapler,1,322,85
ORD03338,19-06-2023,June,Arjun Mehta,Hyderabad,Home & Kitchen,Air Fryer,3,24449,4529
ORD03339,26-03-2022,March,Aditi Patel,Nagpur,Clothing,Formal Shirt,3,3934,924
ORD03340,09-06-2024,June,Ishaan Gupta,Coimbatore,Furniture,Sofa,1,31573,2583
ORD03341,30-04-2025,April,Manish Yadav,Hyderabad,Office Supplies,Pen Pack,4,1082,212
ORD03342,16-03-2025,March,Manish Yadav,Ahmedabad,Home & Kitchen,Cookware Set,1,4453,1180
ORD03343,29-06-2023,June,Rahul Joshi,Bengaluru,Electronics,Speaker,1,4352,459
ORD03344,01-09-2023,September,Aditya Desai,Lucknow,Home & Kitchen,Table Lamp,2,5085,562
ORD03345,12-04-2024,April,Zoya Das,Kochi,Electronics,Laptop,1,49348,5014
ORD03346,28-12-2022,December,Diya Singh,Bengaluru,Furniture,Sofa,1,38445,2602
ORD03347,31-05-2023,May,Kavya Nair,Chennai,Home & Kitchen,Mixer Grinder,1,2642,549
ORD03348,07-07-2025,July,Priya Menon,Bengaluru,Electronics,Speaker,2,13751,3293
ORD03349,04-07-2024,July,Amit Verma,Mumbai,Home & Kitchen,Air Fryer,1,6054,1212
ORD03350,17-06-2022,June,Amit Verma,Lucknow,Furniture,Coffee Table,2,16331,3837
ORD03351,02-10-2024,October,Zoya Das,Jaipur,Home & Kitchen,Storage Container Set,2,2159,497
ORD03352,05-06-2024,June,Kabir Jain,Nagpur,Furniture,Dining Table,2,18069,1341
ORD03353,28-04-2022,April,Kavya Nair,Hyderabad,Home & Kitchen,Water Bottle,1,913,79
ORD03354,02-01-2025,January,Karan Malhotra,Lucknow,Electronics,Headphones,2,4954,1074
ORD03355,31-12-2025,December,Rohan Kulkarni,Lucknow,Home & Kitchen,Mixer Grinder,1,5628,575
ORD03356,22-07-2022,July,Rahul Joshi,Coimbatore,Office Supplies,Pen Pack,1,183,18
ORD03357,19-06-2022,June,Simran Kaur,Kochi,Office Supplies,Notebook Set,2,967,189
ORD03358,19-06-2025,June,Vikram Rao,Delhi,Office Supplies,Desk Organizer,2,2187,233
ORD03359,03-10-2023,October,Shreya Ghosh,Bengaluru,Furniture,Office Chair,2,26051,3917
ORD03360,16-09-2024,September,Sana Khan,Surat,Office Supplies,Pen Pack,3,319,41
ORD03361,18-05-2022,May,Vikram Rao,Chennai,Electronics,Mouse,3,4869,818
ORD03362,02-04-2022,April,Tanvi Kulkarni,Chennai,Electronics,Mouse,2,2848,310
ORD03363,13-07-2024,July,Vikram Rao,Kolkata,Electronics,Tablet,1,15684,945
ORD03364,09-06-2023,June,Amit Verma,Nagpur,Electronics,Keyboard,2,7718,1762
ORD03365,05-10-2025,October,Zoya Das,Pune,Furniture,Dining Table,1,13660,3248
ORD03366,02-01-2025,January,Ira Mukherjee,Jaipur,Office Supplies,Stapler,1,281,19
ORD03367,01-07-2025,July,Neha Reddy,Jaipur,Electronics,Monitor,1,10469,1762
ORD03368,30-01-2024,January,Priya Menon,Kolkata,Office Supplies,Printer Paper,1,702,56
ORD03369,24-05-2025,May,Amit Verma,Mumbai,Electronics,Keyboard,3,9572,953
ORD03370,04-01-2023,January,Ishaan Gupta,Lucknow,Electronics,Smartphone,1,49631,3240
ORD03371,16-06-2023,June,Kavya Nair,Mumbai,Electronics,Laptop,1,45647,5779
ORD03372,14-12-2022,December,Kavya Nair,Mumbai,Electronics,Speaker,3,16894,2083
ORD03373,15-10-2025,October,Aditi Patel,Indore,Furniture,Office Chair,3,17912,1467
ORD03374,25-01-2024,January,Priya Menon,Indore,Home & Kitchen,Mixer Grinder,4,10725,2523
ORD03375,26-07-2022,July,Shreya Ghosh,Kolkata,Clothing,Jacket,1,4738,354
ORD03376,21-07-2025,July,Neha Reddy,Delhi,Electronics,Laptop,3,191797,23761
ORD03377,25-03-2024,March,Arjun Mehta,Hyderabad,Electronics,Smartphone,1,30298,7303
ORD03378,07-04-2025,April,Pooja Sethi,Coimbatore,Furniture,Desk,3,17871,1124
ORD03379,10-03-2022,March,Kavya Nair,Coimbatore,Electronics,Speaker,1,5882,488
ORD03380,03-10-2023,October,Aditya Desai,Kolkata,Office Supplies,Desk Organizer,2,1506,276
ORD03381,24-07-2025,July,Zoya Das,Kochi,Electronics,Mouse,1,925,170
ORD03382,14-11-2025,November,Sana Khan,Coimbatore,Office Supplies,Pen Pack,2,437,92
ORD03383,30-05-2024,May,Neha Reddy,Delhi,Office Supplies,Printer Paper,1,626,172
ORD03384,06-01-2022,January,Arjun Mehta,Bengaluru,Furniture,Dining Table,2,37970,3714
ORD03385,29-12-2022,December,Karan Malhotra,Chennai,Home & Kitchen,Mixer Grinder,1,2628,547
ORD03386,12-05-2024,May,Ishaan Gupta,Coimbatore,Electronics,Laptop,1,86684,7325
ORD03387,28-09-2022,September,Devika Pillai,Kolkata,Clothing,Formal Shirt,2,4224,436
ORD03388,11-08-2024,August,Kavya Nair,Ahmedabad,Electronics,Keyboard,2,4603,1220
ORD03389,29-12-2024,December,Arjun Mehta,Chennai,Electronics,Keyboard,1,661,83
ORD03390,25-03-2022,March,Aditya Desai,Indore,Home & Kitchen,Water Bottle,1,703,118
ORD03391,04-12-2024,December,Manish Yadav,Coimbatore,Electronics,Monitor,1,7505,928
ORD03392,29-09-2022,September,Tanvi Kulkarni,Delhi,Home & Kitchen,Table Lamp,3,5225,551
ORD03393,23-12-2022,December,Sneha Bose,Kochi,Office Supplies,Notebook Set,1,408,46
ORD03394,25-07-2022,July,Zoya Das,Mumbai,Electronics,Monitor,1,11033,2756
ORD03395,05-11-2022,November,Riya Kapoor,Indore,Clothing,Backpack,2,4026,784
ORD03396,10-01-2023,January,Karan Malhotra,Surat,Furniture,Sofa,1,64673,16265
ORD03397,24-02-2024,February,Priya Menon,Jaipur,Electronics,Speaker,2,11527,3081
ORD03398,01-01-2024,January,Aditya Desai,Ahmedabad,Clothing,T-Shirt,2,1038,91
ORD03399,21-02-2022,February,Zoya Das,Surat,Home & Kitchen,Mixer Grinder,2,7222,1553
ORD03400,09-12-2023,December,Rohan Kulkarni,Hyderabad,Office Supplies,Stapler,1,145,23
ORD03401,09-03-2022,March,Ananya Iyer,Delhi,Electronics,Laptop,4,237834,57546
ORD03402,02-06-2025,June,Priya Menon,Pune,Electronics,Smartphone,1,53560,7686
ORD03403,19-05-2022,May,Simran Kaur,Kochi,Electronics,Mouse,1,830,162
ORD03404,26-01-2023,January,Ishaan Gupta,Ahmedabad,Clothing,Sneakers,1,2704,726
ORD03405,06-08-2025,August,Aditya Desai,Mumbai,Home & Kitchen,Storage Container Set,1,386,98
ORD03406,04-08-2025,August,Nikhil Bansal,Pune,Home & Kitchen,Table Lamp,3,8163,1299
ORD03407,28-08-2025,August,Meera Shah,Surat,Electronics,Monitor,3,57691,7871
ORD03408,24-03-2025,March,Ananya Iyer,Bengaluru,Office Supplies,Stapler,3,1384,202
ORD03409,30-09-2023,September,Ishaan Gupta,Pune,Office Supplies,Printer Paper,4,1321,209
ORD03410,16-09-2023,September,Kavya Nair,Lucknow,Home & Kitchen,Cookware Set,1,2961,476
ORD03411,16-05-2022,May,Ananya Iyer,Chennai,Electronics,Laptop,1,48572,7613
ORD03412,02-08-2025,August,Kabir Jain,Jaipur,Furniture,Desk,3,39784,7066
ORD03413,06-05-2023,May,Arjun Mehta,Pune,Office Supplies,Pen Pack,2,374,37
ORD03414,04-06-2025,June,Shreya Ghosh,Coimbatore,Office Supplies,Notebook Set,2,434,116
ORD03415,26-01-2025,January,Zoya Das,Indore,Electronics,Keyboard,1,1621,451
ORD03416,29-01-2025,January,Priya Menon,Delhi,Clothing,Sneakers,4,14096,1036
ORD03417,19-10-2022,October,Devika Pillai,Coimbatore,Furniture,Desk,1,8463,954
ORD03418,04-02-2023,February,Amit Verma,Surat,Electronics,Tablet,4,87236,11413
ORD03419,30-03-2023,March,Amit Verma,Pune,Home & Kitchen,Storage Container Set,2,3268,307
ORD03420,15-11-2023,November,Pooja Sethi,Coimbatore,Furniture,Office Chair,5,66073,8363
ORD03421,23-06-2023,June,Meera Shah,Pune,Clothing,Jeans,2,4998,430
ORD03422,10-09-2022,September,Karan Malhotra,Surat,Home & Kitchen,Water Bottle,4,1457,270
ORD03423,25-04-2022,April,Rahul Joshi,Hyderabad,Clothing,T-Shirt,3,3550,309
ORD03424,07-12-2024,December,Aarav Sharma,Kolkata,Electronics,Speaker,2,6428,1284
ORD03425,02-02-2025,February,Rohan Kulkarni,Lucknow,Electronics,Keyboard,3,10707,2424
ORD03426,07-04-2023,April,Arjun Mehta,Bengaluru,Home & Kitchen,Air Fryer,1,14743,3867
ORD03427,27-10-2023,October,Meera Shah,Indore,Electronics,Mouse,2,1855,414
ORD03428,24-06-2025,June,Rohan Kulkarni,Delhi,Home & Kitchen,Cookware Set,2,6222,834
ORD03429,06-12-2023,December,Priya Menon,Kochi,Electronics,Laptop,1,75864,20464
ORD03430,01-07-2025,July,Varun Chawla,Chennai,Clothing,Sneakers,2,5392,550
ORD03431,17-10-2024,October,Manish Yadav,Kochi,Electronics,Laptop,1,87486,19800
ORD03432,29-02-2024,February,Varun Chawla,Hyderabad,Home & Kitchen,Water Bottle,2,729,86
ORD03433,21-07-2023,July,Nikhil Bansal,Chennai,Electronics,Speaker,4,13939,3095
ORD03434,01-10-2025,October,Sneha Bose,Delhi,Office Supplies,File Folder Set,1,680,42
ORD03435,04-10-2022,October,Priya Menon,Lucknow,Electronics,Mouse,1,862,233
ORD03436,21-05-2022,May,Devika Pillai,Pune,Electronics,Smartphone,2,87111,17344
ORD03437,04-07-2024,July,Varun Chawla,Delhi,Electronics,Smartphone,4,57261,8004
ORD03438,01-08-2025,August,Aarav Sharma,Hyderabad,Electronics,Mouse,4,5820,1177
ORD03439,30-08-2025,August,Kabir Jain,Pune,Electronics,Smartphone,4,184124,50879
ORD03440,23-08-2023,August,Aditya Desai,Kochi,Furniture,Dining Table,1,13973,2405
ORD03441,09-07-2025,July,Ananya Iyer,Chennai,Home & Kitchen,Mixer Grinder,2,11061,1691
ORD03442,30-11-2022,November,Ananya Iyer,Coimbatore,Clothing,Formal Shirt,1,1436,356
ORD03443,03-04-2022,April,Kabir Jain,Surat,Office Supplies,Desk Organizer,1,338,81
ORD03444,02-10-2022,October,Nikhil Bansal,Ahmedabad,Furniture,Coffee Table,2,13336,1578
ORD03445,06-02-2024,February,Simran Kaur,Hyderabad,Clothing,T-Shirt,5,2468,270
ORD03446,13-12-2025,December,Varun Chawla,Delhi,Electronics,Tablet,4,41373,11149
ORD03447,22-05-2023,May,Riya Kapoor,Hyderabad,Electronics,Smartphone,1,32134,3981
ORD03448,11-11-2023,November,Vikram Rao,Chennai,Home & Kitchen,Mixer Grinder,1,5092,1339
ORD03449,06-05-2022,May,Zoya Das,Chennai,Electronics,Speaker,3,6736,933
ORD03450,18-05-2024,May,Simran Kaur,Chennai,Home & Kitchen,Storage Container Set,1,431,87
ORD03451,02-08-2023,August,Ira Mukherjee,Indore,Office Supplies,Stapler,4,858,137
ORD03452,20-06-2022,June,Rohan Kulkarni,Lucknow,Home & Kitchen,Water Bottle,1,365,26
ORD03453,23-04-2024,April,Sneha Bose,Nagpur,Furniture,Coffee Table,1,8548,1824
ORD03454,13-12-2025,December,Aditi Patel,Surat,Electronics,Monitor,1,13811,2821
ORD03455,25-12-2024,December,Devika Pillai,Coimbatore,Electronics,Smartphone,4,149922,35436
ORD03456,06-04-2024,April,Tanvi Kulkarni,Ahmedabad,Home & Kitchen,Storage Container Set,1,525,54
ORD03457,03-09-2024,September,Karan Malhotra,Nagpur,Furniture,Dining Table,2,51132,12080
ORD03458,24-01-2024,January,Ishaan Gupta,Bengaluru,Office Supplies,File Folder Set,3,1265,244
ORD03459,07-10-2025,October,Sana Khan,Nagpur,Electronics,Smartphone,3,80401,14739
ORD03460,08-10-2022,October,Aarav Sharma,Delhi,Home & Kitchen,Water Bottle,2,1217,213
ORD03461,27-03-2024,March,Aarav Sharma,Delhi,Electronics,Speaker,1,2952,789
ORD03462,19-05-2022,May,Rahul Joshi,Pune,Office Supplies,Notebook Set,3,1542,160
ORD03463,13-01-2024,January,Rahul Joshi,Pune,Electronics,Smartphone,1,41568,7159
ORD03464,12-02-2022,February,Simran Kaur,Lucknow,Electronics,Mouse,4,6083,1700
ORD03465,13-03-2025,March,Karan Malhotra,Ahmedabad,Electronics,Smartphone,1,27910,6426
ORD03466,14-08-2023,August,Kavya Nair,Ahmedabad,Electronics,Mouse,1,510,77
ORD03467,30-04-2023,April,Diya Singh,Lucknow,Furniture,Dining Table,1,28907,1792
ORD03468,30-07-2025,July,Manish Yadav,Ahmedabad,Electronics,Smartphone,1,29836,6595
ORD03469,02-09-2022,September,Aditi Patel,Bengaluru,Office Supplies,Notebook Set,3,1481,259
ORD03470,08-07-2024,July,Karan Malhotra,Ahmedabad,Electronics,Keyboard,3,9482,800
ORD03471,03-08-2024,August,Devika Pillai,Lucknow,Clothing,Sneakers,3,11400,2293
ORD03472,13-10-2025,October,Ananya Iyer,Jaipur,Electronics,Laptop,2,169730,43865
ORD03473,15-05-2022,May,Diya Singh,Indore,Electronics,Laptop,2,169579,42360
ORD03474,22-01-2024,January,Arjun Mehta,Kochi,Electronics,Speaker,1,4782,813
ORD03475,10-07-2024,July,Kavya Nair,Lucknow,Electronics,Smartphone,1,26652,2597
ORD03476,23-06-2023,June,Priya Menon,Kolkata,Office Supplies,Stapler,1,465,127
ORD03477,06-07-2025,July,Karan Malhotra,Coimbatore,Office Supplies,Stapler,3,1616,221
ORD03478,04-03-2025,March,Rohan Kulkarni,Coimbatore,Electronics,Smartphone,3,160094,11222
ORD03479,25-06-2024,June,Simran Kaur,Coimbatore,Clothing,Jacket,5,21418,4182
ORD03480,06-07-2024,July,Nikhil Bansal,Indore,Office Supplies,File Folder Set,4,2519,589
ORD03481,31-01-2025,January,Kavya Nair,Ahmedabad,Office Supplies,Desk Organizer,2,1518,328
ORD03482,02-01-2022,January,Aarav Sharma,Hyderabad,Home & Kitchen,Table Lamp,1,2034,491
ORD03483,11-12-2022,December,Nikhil Bansal,Mumbai,Home & Kitchen,Mixer Grinder,2,22173,4588
ORD03484,26-06-2025,June,Sana Khan,Kolkata,Furniture,Coffee Table,2,13592,2793
ORD03485,24-05-2024,May,Rohan Kulkarni,Jaipur,Clothing,Sneakers,1,1376,225
ORD03486,07-12-2025,December,Aarav Sharma,Chennai,Furniture,Sofa,1,28056,3667
ORD03487,05-05-2022,May,Pooja Sethi,Bengaluru,Clothing,Jeans,1,3221,389
ORD03488,21-10-2025,October,Karan Malhotra,Lucknow,Home & Kitchen,Cookware Set,3,20394,2689
ORD03489,07-01-2025,January,Kavya Nair,Kolkata,Electronics,Headphones,3,8417,1870
ORD03490,06-04-2024,April,Simran Kaur,Surat,Furniture,Dining Table,1,35823,6447
ORD03491,31-05-2022,May,Kavya Nair,Nagpur,Clothing,Sneakers,3,5531,1408
ORD03492,29-05-2022,May,Vikram Rao,Bengaluru,Electronics,Mouse,2,3028,250
ORD03493,21-07-2024,July,Meera Shah,Hyderabad,Home & Kitchen,Mixer Grinder,5,54820,11247
ORD03494,29-03-2024,March,Meera Shah,Nagpur,Furniture,Desk,1,11812,2770
ORD03495,30-03-2023,March,Devika Pillai,Ahmedabad,Electronics,Headphones,1,5150,956
ORD03496,23-09-2025,September,Kavya Nair,Nagpur,Furniture,Coffee Table,2,15968,1950
ORD03497,01-01-2024,January,Vikram Rao,Surat,Furniture,Desk,4,29741,5558
ORD03498,25-06-2023,June,Riya Kapoor,Kolkata,Electronics,Keyboard,6,17093,2123
ORD03499,22-06-2023,June,Neha Reddy,Bengaluru,Electronics,Mouse,6,5134,622
ORD03500,26-05-2023,May,Ananya Iyer,Surat,Office Supplies,Pen Pack,1,242,35
ORD03501,14-08-2022,August,Vikram Rao,Hyderabad,Clothing,Sneakers,3,8176,2229
ORD03502,18-05-2022,May,Rohan Kulkarni,Kolkata,Home & Kitchen,Cookware Set,1,7255,1830
ORD03503,29-01-2022,January,Varun Chawla,Pune,Home & Kitchen,Mixer Grinder,5,32211,2461
ORD03504,23-07-2024,July,Meera Shah,Hyderabad,Home & Kitchen,Table Lamp,2,3348,673
ORD03505,07-05-2024,May,Ananya Iyer,Kolkata,Electronics,Tablet,3,96508,6005
ORD03506,28-04-2022,April,Kavya Nair,Chennai,Electronics,Monitor,2,31761,6981
ORD03507,02-08-2022,August,Rohan Kulkarni,Indore,Electronics,Smartphone,4,70226,7271
ORD03508,20-04-2024,April,Diya Singh,Chennai,Furniture,Desk,1,13768,2008
ORD03509,10-09-2025,September,Rohan Kulkarni,Coimbatore,Furniture,Dining Table,2,44213,9093
ORD03510,03-05-2025,May,Arjun Mehta,Mumbai,Home & Kitchen,Cookware Set,1,9416,931
ORD03511,04-05-2024,May,Varun Chawla,Bengaluru,Office Supplies,Pen Pack,5,254,52
ORD03512,27-04-2025,April,Tanvi Kulkarni,Delhi,Clothing,Jacket,1,3166,515
ORD03513,24-01-2024,January,Shreya Ghosh,Nagpur,Home & Kitchen,Water Bottle,2,1364,304
ORD03514,09-05-2024,May,Vikram Rao,Ahmedabad,Office Supplies,Desk Organizer,5,4120,837
ORD03515,18-11-2022,November,Nikhil Bansal,Chennai,Furniture,Bookshelf,3,35919,7066
ORD03516,22-01-2023,January,Neha Reddy,Coimbatore,Furniture,Sofa,1,48017,12795
ORD03517,19-05-2023,May,Aditya Desai,Hyderabad,Home & Kitchen,Table Lamp,1,2904,228
ORD03518,11-05-2024,May,Tanvi Kulkarni,Delhi,Clothing,Backpack,4,10982,2918
ORD03519,11-03-2023,March,Ishaan Gupta,Delhi,Furniture,Desk,1,7905,1857
ORD03520,07-04-2023,April,Aditi Patel,Pune,Office Supplies,Pen Pack,2,605,152
ORD03521,12-01-2024,January,Tanvi Kulkarni,Surat,Electronics,Monitor,1,12738,2628
ORD03522,26-04-2023,April,Aditi Patel,Surat,Home & Kitchen,Water Bottle,1,345,45
ORD03523,24-07-2022,July,Devika Pillai,Jaipur,Home & Kitchen,Table Lamp,3,7409,757
ORD03524,07-09-2022,September,Sneha Bose,Hyderabad,Furniture,Desk,1,17941,3889
ORD03525,11-05-2023,May,Sana Khan,Pune,Electronics,Headphones,3,12515,2878
ORD03526,29-12-2023,December,Tanvi Kulkarni,Coimbatore,Electronics,Keyboard,3,4607,997
ORD03527,24-05-2025,May,Sana Khan,Ahmedabad,Electronics,Smartphone,1,19804,5404
ORD03528,27-01-2024,January,Nikhil Bansal,Pune,Electronics,Headphones,3,6246,1331
ORD03529,10-08-2025,August,Manish Yadav,Surat,Clothing,Sneakers,5,23750,3464
ORD03530,02-05-2023,May,Vikram Rao,Nagpur,Electronics,Smartphone,4,164601,10878
ORD03531,19-08-2025,August,Priya Menon,Bengaluru,Electronics,Tablet,3,53035,12986
ORD03532,09-07-2025,July,Ishaan Gupta,Coimbatore,Clothing,Jeans,5,12077,1854
ORD03533,03-08-2024,August,Aarav Sharma,Coimbatore,Furniture,Coffee Table,1,3062,832
ORD03534,21-08-2024,August,Manish Yadav,Delhi,Home & Kitchen,Water Bottle,1,808,80
ORD03535,11-09-2025,September,Simran Kaur,Bengaluru,Office Supplies,Notebook Set,5,2439,218
ORD03536,16-05-2024,May,Tanvi Kulkarni,Ahmedabad,Office Supplies,Notebook Set,6,3459,211
ORD03537,25-06-2024,June,Varun Chawla,Jaipur,Clothing,Jacket,2,12275,2233
ORD03538,18-02-2023,February,Vikram Rao,Delhi,Electronics,Laptop,1,83819,21191
ORD03539,28-09-2024,September,Aarav Sharma,Lucknow,Office Supplies,Desk Organizer,1,883,133
ORD03540,19-05-2025,May,Pooja Sethi,Bengaluru,Furniture,Desk,4,77876,13060
ORD03541,18-02-2023,February,Aditya Desai,Hyderabad,Office Supplies,Stapler,5,1582,122
ORD03542,11-09-2022,September,Neha Reddy,Jaipur,Electronics,Laptop,6,325757,56843
ORD03543,12-01-2022,January,Aditya Desai,Kochi,Furniture,Desk,3,49773,3784
ORD03544,24-05-2023,May,Diya Singh,Ahmedabad,Office Supplies,Printer Paper,1,917,170
ORD03545,28-04-2023,April,Devika Pillai,Lucknow,Home & Kitchen,Cookware Set,1,9007,898
ORD03546,25-11-2025,November,Riya Kapoor,Indore,Office Supplies,Notebook Set,3,634,162
ORD03547,27-05-2025,May,Pooja Sethi,Jaipur,Furniture,Coffee Table,1,5841,1463
ORD03548,11-01-2024,January,Simran Kaur,Mumbai,Electronics,Laptop,2,152305,12397
ORD03549,13-05-2023,May,Neha Reddy,Coimbatore,Electronics,Smartphone,3,156901,30512
ORD03550,10-04-2023,April,Sneha Bose,Delhi,Clothing,Sneakers,1,2091,404
ORD03551,10-09-2022,September,Sana Khan,Jaipur,Furniture,Coffee Table,1,3670,705
ORD03552,08-09-2022,September,Ira Mukherjee,Bengaluru,Office Supplies,Pen Pack,1,265,48
ORD03553,17-07-2022,July,Manish Yadav,Nagpur,Clothing,Formal Shirt,2,2859,292
ORD03554,08-02-2023,February,Nikhil Bansal,Hyderabad,Electronics,Keyboard,1,4029,751
ORD03555,06-10-2022,October,Sneha Bose,Coimbatore,Electronics,Speaker,2,13584,2116
ORD03556,16-12-2024,December,Vikram Rao,Pune,Electronics,Tablet,3,80098,20647
ORD03557,30-06-2024,June,Karan Malhotra,Nagpur,Office Supplies,Stapler,2,755,106
ORD03558,04-10-2025,October,Amit Verma,Delhi,Home & Kitchen,Table Lamp,1,1084,210
ORD03559,09-07-2024,July,Neha Reddy,Bengaluru,Furniture,Desk,1,12909,2252
ORD03560,27-03-2022,March,Ishaan Gupta,Bengaluru,Home & Kitchen,Table Lamp,2,3535,493
ORD03561,05-09-2022,September,Sneha Bose,Bengaluru,Home & Kitchen,Water Bottle,2,735,59
ORD03562,13-10-2022,October,Riya Kapoor,Nagpur,Home & Kitchen,Storage Container Set,1,1314,346
ORD03563,26-02-2023,February,Manish Yadav,Ahmedabad,Office Supplies,Stapler,1,305,38
ORD03564,07-06-2022,June,Kavya Nair,Kochi,Office Supplies,Pen Pack,6,413,61
ORD03565,14-10-2023,October,Riya Kapoor,Indore,Electronics,Headphones,3,20148,5014
ORD03566,29-01-2024,January,Ananya Iyer,Pune,Electronics,Monitor,1,9309,1095
ORD03567,13-09-2024,September,Karan Malhotra,Hyderabad,Electronics,Speaker,1,4436,334
ORD03568,08-08-2024,August,Zoya Das,Nagpur,Home & Kitchen,Air Fryer,2,24473,5714
ORD03569,19-08-2024,August,Riya Kapoor,Delhi,Home & Kitchen,Table Lamp,1,3149,646
ORD03570,05-03-2022,March,Arjun Mehta,Jaipur,Furniture,Coffee Table,4,36874,8922
ORD03571,06-05-2023,May,Neha Reddy,Delhi,Furniture,Bookshelf,1,8311,613
ORD03572,20-02-2025,February,Sneha Bose,Chennai,Office Supplies,Stapler,1,251,49
ORD03573,13-05-2022,May,Tanvi Kulkarni,Kolkata,Furniture,Office Chair,4,21948,1905
ORD03574,22-06-2023,June,Ishaan Gupta,Pune,Clothing,Formal Shirt,5,9899,1674
ORD03575,21-05-2023,May,Zoya Das,Jaipur,Office Supplies,Notebook Set,1,144,36
ORD03576,16-12-2023,December,Riya Kapoor,Indore,Home & Kitchen,Air Fryer,1,6262,1310
ORD03577,13-03-2022,March,Ananya Iyer,Bengaluru,Office Supplies,Printer Paper,3,2091,129
ORD03578,03-10-2025,October,Nikhil Bansal,Kolkata,Electronics,Speaker,4,16618,2772
ORD03579,25-02-2022,February,Devika Pillai,Chennai,Office Supplies,Printer Paper,5,3535,933
ORD03580,28-03-2022,March,Karan Malhotra,Jaipur,Home & Kitchen,Storage Container Set,1,1758,486
ORD03581,14-01-2024,January,Sana Khan,Bengaluru,Electronics,Speaker,1,8542,1773
ORD03582,04-04-2023,April,Devika Pillai,Surat,Office Supplies,Pen Pack,1,52,7
ORD03583,18-10-2022,October,Karan Malhotra,Pune,Office Supplies,Printer Paper,4,1370,159
ORD03584,16-07-2024,July,Rahul Joshi,Bengaluru,Electronics,Mouse,2,2574,514
ORD03585,01-05-2025,May,Karan Malhotra,Pune,Clothing,Sneakers,6,27184,2539
ORD03586,05-03-2024,March,Amit Verma,Bengaluru,Electronics,Smartphone,1,60984,17067
ORD03587,02-11-2022,November,Diya Singh,Chennai,Home & Kitchen,Cookware Set,2,13498,2324
ORD03588,29-04-2022,April,Kabir Jain,Chennai,Clothing,Formal Shirt,4,7866,2076
ORD03589,24-03-2023,March,Kabir Jain,Kochi,Electronics,Speaker,1,5484,708
ORD03590,31-07-2025,July,Aarav Sharma,Hyderabad,Office Supplies,File Folder Set,3,1037,208
ORD03591,13-02-2024,February,Priya Menon,Kochi,Office Supplies,Notebook Set,1,380,54
ORD03592,20-11-2025,November,Sneha Bose,Surat,Furniture,Sofa,1,26729,2052
ORD03593,08-11-2022,November,Priya Menon,Hyderabad,Clothing,Backpack,2,2743,645
ORD03594,24-08-2022,August,Riya Kapoor,Mumbai,Furniture,Sofa,1,59792,5521
ORD03595,27-06-2023,June,Tanvi Kulkarni,Kolkata,Home & Kitchen,Cookware Set,3,24587,2240
ORD03596,13-11-2022,November,Manish Yadav,Bengaluru,Home & Kitchen,Storage Container Set,1,1621,320
ORD03597,30-08-2024,August,Neha Reddy,Coimbatore,Home & Kitchen,Mixer Grinder,1,3130,655
ORD03598,01-09-2025,September,Ira Mukherjee,Bengaluru,Home & Kitchen,Cookware Set,2,12270,1226
ORD03599,25-10-2022,October,Priya Menon,Chennai,Clothing,Backpack,3,7970,1722
ORD03600,25-04-2022,April,Karan Malhotra,Coimbatore,Office Supplies,Desk Organizer,3,1340,238
ORD03601,01-08-2024,August,Aditya Desai,Kochi,Electronics,Smartphone,4,257308,27745
ORD03602,10-12-2022,December,Vikram Rao,Nagpur,Furniture,Bookshelf,1,9343,2308
ORD03603,12-03-2025,March,Diya Singh,Indore,Home & Kitchen,Mixer Grinder,3,26021,4990
ORD03604,23-03-2025,March,Ishaan Gupta,Nagpur,Electronics,Monitor,1,24159,2644
ORD03605,01-12-2025,December,Amit Verma,Coimbatore,Electronics,Speaker,1,5138,1032
ORD03606,02-02-2023,February,Pooja Sethi,Surat,Home & Kitchen,Storage Container Set,1,1082,153
ORD03607,13-02-2023,February,Tanvi Kulkarni,Kochi,Home & Kitchen,Storage Container Set,2,1347,169
ORD03608,10-02-2023,February,Devika Pillai,Delhi,Clothing,Jacket,1,2926,546
ORD03609,23-10-2023,October,Neha Reddy,Mumbai,Electronics,Tablet,3,70254,12913
ORD03610,22-09-2025,September,Manish Yadav,Delhi,Furniture,Bookshelf,2,13555,1865
ORD03611,28-01-2024,January,Kabir Jain,Mumbai,Electronics,Monitor,3,34900,6849
ORD03612,10-10-2023,October,Tanvi Kulkarni,Pune,Home & Kitchen,Mixer Grinder,6,54049,4405
ORD03613,22-11-2022,November,Karan Malhotra,Mumbai,Office Supplies,Desk Organizer,1,1159,182
ORD03614,06-03-2025,March,Kabir Jain,Pune,Electronics,Speaker,1,7078,1787
ORD03615,13-05-2022,May,Aditya Desai,Kolkata,Clothing,Formal Shirt,1,748,81
ORD03616,26-01-2024,January,Vikram Rao,Pune,Office Supplies,Notebook Set,1,172,34
ORD03617,02-08-2025,August,Devika Pillai,Mumbai,Electronics,Mouse,3,1306,240
ORD03618,22-08-2023,August,Aarav Sharma,Jaipur,Furniture,Dining Table,4,86681,23948
ORD03619,29-03-2025,March,Amit Verma,Kochi,Electronics,Monitor,1,13658,2482
ORD03620,19-12-2023,December,Pooja Sethi,Nagpur,Home & Kitchen,Air Fryer,1,14934,1492
ORD03621,14-08-2025,August,Kabir Jain,Indore,Office Supplies,Notebook Set,2,1123,152
ORD03622,12-04-2024,April,Devika Pillai,Chennai,Furniture,Bookshelf,4,40223,11250
ORD03623,27-03-2022,March,Ananya Iyer,Mumbai,Electronics,Mouse,3,1126,267
ORD03624,12-12-2024,December,Kabir Jain,Hyderabad,Furniture,Dining Table,2,71743,6714
ORD03625,22-11-2022,November,Neha Reddy,Coimbatore,Clothing,Formal Shirt,2,1719,422
ORD03626,03-05-2024,May,Aarav Sharma,Lucknow,Home & Kitchen,Cookware Set,1,3142,301
ORD03627,07-05-2022,May,Kavya Nair,Surat,Furniture,Dining Table,3,58156,11709
ORD03628,17-10-2025,October,Priya Menon,Nagpur,Electronics,Mouse,1,771,98
ORD03629,22-05-2022,May,Meera Shah,Hyderabad,Office Supplies,File Folder Set,1,238,25
ORD03630,20-05-2025,May,Sana Khan,Surat,Furniture,Coffee Table,1,5696,495
ORD03631,16-09-2024,September,Varun Chawla,Bengaluru,Home & Kitchen,Table Lamp,1,716,116
ORD03632,24-08-2025,August,Sneha Bose,Bengaluru,Furniture,Office Chair,1,5419,1504
ORD03633,09-12-2023,December,Sneha Bose,Surat,Home & Kitchen,Air Fryer,4,35540,2407
ORD03634,09-01-2023,January,Meera Shah,Bengaluru,Clothing,Formal Shirt,1,2480,621
ORD03635,14-02-2023,February,Zoya Das,Lucknow,Electronics,Keyboard,1,1536,97
ORD03636,09-12-2022,December,Diya Singh,Kolkata,Home & Kitchen,Cookware Set,1,5819,439
ORD03637,02-11-2025,November,Meera Shah,Delhi,Office Supplies,Notebook Set,1,398,60
ORD03638,03-05-2022,May,Aditya Desai,Kochi,Furniture,Coffee Table,2,11892,1223
ORD03639,02-10-2025,October,Ananya Iyer,Jaipur,Furniture,Coffee Table,1,7199,951
ORD03640,30-07-2024,July,Priya Menon,Coimbatore,Electronics,Mouse,1,1524,97
ORD03641,22-10-2025,October,Karan Malhotra,Ahmedabad,Electronics,Mouse,4,1495,293
ORD03642,07-11-2022,November,Aarav Sharma,Jaipur,Electronics,Smartphone,6,165245,32970
ORD03643,11-03-2025,March,Vikram Rao,Kochi,Electronics,Speaker,3,8926,2484
ORD03644,07-09-2022,September,Neha Reddy,Coimbatore,Office Supplies,Desk Organizer,2,953,101
ORD03645,19-11-2024,November,Pooja Sethi,Coimbatore,Electronics,Tablet,1,14898,1813
ORD03646,30-08-2022,August,Manish Yadav,Bengaluru,Home & Kitchen,Storage Container Set,4,7035,560
ORD03647,03-08-2022,August,Sana Khan,Delhi,Home & Kitchen,Table Lamp,2,4085,281
ORD03648,20-06-2025,June,Meera Shah,Coimbatore,Electronics,Monitor,2,37255,8897
ORD03649,31-05-2022,May,Ananya Iyer,Chennai,Furniture,Desk,2,15399,2957
ORD03650,08-04-2023,April,Amit Verma,Lucknow,Home & Kitchen,Mixer Grinder,4,36070,3194
ORD03651,15-10-2025,October,Shreya Ghosh,Surat,Furniture,Desk,1,11326,2047
ORD03652,16-02-2023,February,Nikhil Bansal,Lucknow,Home & Kitchen,Air Fryer,3,22973,3411
ORD03653,01-09-2022,September,Aditi Patel,Lucknow,Clothing,Backpack,2,2857,216
ORD03654,06-04-2023,April,Aditi Patel,Coimbatore,Electronics,Mouse,1,748,112
ORD03655,14-09-2022,September,Sneha Bose,Mumbai,Electronics,Speaker,1,7538,853
ORD03656,08-05-2024,May,Ishaan Gupta,Ahmedabad,Clothing,Jacket,3,14558,2603
ORD03657,09-09-2023,September,Aarav Sharma,Jaipur,Furniture,Desk,1,17626,2239
ORD03658,27-02-2022,February,Ira Mukherjee,Ahmedabad,Electronics,Speaker,4,23719,1787
ORD03659,05-10-2023,October,Shreya Ghosh,Pune,Home & Kitchen,Mixer Grinder,1,9621,722
ORD03660,16-08-2023,August,Varun Chawla,Coimbatore,Furniture,Office Chair,2,27108,4878
ORD03661,06-12-2025,December,Vikram Rao,Chennai,Furniture,Bookshelf,4,46650,3151
ORD03662,30-06-2023,June,Aditya Desai,Delhi,Home & Kitchen,Table Lamp,1,2882,678
ORD03663,29-06-2023,June,Riya Kapoor,Hyderabad,Electronics,Tablet,1,27237,6494
ORD03664,06-10-2025,October,Amit Verma,Coimbatore,Office Supplies,Desk Organizer,4,2340,180
ORD03665,03-01-2024,January,Zoya Das,Delhi,Furniture,Coffee Table,2,10886,2302
ORD03666,28-02-2022,February,Karan Malhotra,Indore,Electronics,Headphones,1,7051,1647
ORD03667,17-06-2025,June,Zoya Das,Lucknow,Clothing,Backpack,3,4511,1198
ORD03668,10-08-2025,August,Varun Chawla,Coimbatore,Office Supplies,Notebook Set,1,211,48
ORD03669,13-06-2024,June,Riya Kapoor,Lucknow,Electronics,Mouse,2,1069,130
ORD03670,09-03-2025,March,Priya Menon,Chennai,Electronics,Smartphone,1,17536,1254
ORD03671,07-11-2024,November,Sana Khan,Nagpur,Office Supplies,Printer Paper,1,264,72
ORD03672,18-03-2022,March,Ananya Iyer,Bengaluru,Electronics,Laptop,1,65104,13650
ORD03673,21-01-2023,January,Aditi Patel,Kochi,Electronics,Speaker,1,6797,1745
ORD03674,09-11-2025,November,Neha Reddy,Chennai,Electronics,Speaker,2,7304,1302
ORD03675,20-06-2024,June,Karan Malhotra,Ahmedabad,Office Supplies,Printer Paper,2,579,141
ORD03676,12-03-2025,March,Aarav Sharma,Mumbai,Home & Kitchen,Air Fryer,3,23821,2641
ORD03677,27-12-2025,December,Rohan Kulkarni,Kochi,Clothing,Backpack,3,5996,741
ORD03678,21-01-2024,January,Pooja Sethi,Pune,Furniture,Dining Table,3,105125,8151
ORD03679,08-10-2022,October,Aarav Sharma,Coimbatore,Home & Kitchen,Storage Container Set,1,1077,172
ORD03680,17-03-2022,March,Ira Mukherjee,Chennai,Electronics,Tablet,1,9592,1085
ORD03681,23-02-2025,February,Diya Singh,Pune,Home & Kitchen,Cookware Set,1,2532,639
ORD03682,07-09-2025,September,Sana Khan,Ahmedabad,Furniture,Bookshelf,2,13113,3633
ORD03683,26-08-2022,August,Shreya Ghosh,Pune,Furniture,Office Chair,4,36421,3906
ORD03684,19-09-2023,September,Kavya Nair,Chennai,Electronics,Monitor,2,42684,7984
ORD03685,10-06-2024,June,Manish Yadav,Surat,Clothing,Sneakers,1,4796,1123
ORD03686,19-04-2023,April,Rahul Joshi,Bengaluru,Electronics,Speaker,1,8116,1379
ORD03687,10-06-2022,June,Amit Verma,Pune,Electronics,Keyboard,2,3830,587
ORD03688,18-11-2025,November,Rohan Kulkarni,Nagpur,Home & Kitchen,Storage Container Set,1,871,238
ORD03689,13-09-2024,September,Sana Khan,Hyderabad,Clothing,T-Shirt,2,871,69
ORD03690,09-01-2024,January,Aarav Sharma,Bengaluru,Home & Kitchen,Air Fryer,3,30123,2954
ORD03691,16-05-2024,May,Rohan Kulkarni,Coimbatore,Home & Kitchen,Mixer Grinder,5,11228,2112
ORD03692,30-01-2025,January,Tanvi Kulkarni,Bengaluru,Clothing,Jacket,2,4620,503
ORD03693,02-09-2022,September,Amit Verma,Delhi,Home & Kitchen,Mixer Grinder,2,19128,4811
ORD03694,15-04-2022,April,Riya Kapoor,Bengaluru,Electronics,Headphones,2,13149,2556
ORD03695,10-02-2022,February,Ira Mukherjee,Surat,Home & Kitchen,Cookware Set,1,6572,1755
ORD03696,06-11-2025,November,Varun Chawla,Jaipur,Office Supplies,Notebook Set,1,614,88
ORD03697,12-08-2025,August,Karan Malhotra,Jaipur,Clothing,Sneakers,2,3722,836
ORD03698,01-01-2025,January,Priya Menon,Nagpur,Clothing,Backpack,3,2841,547
ORD03699,21-04-2023,April,Nikhil Bansal,Nagpur,Furniture,Desk,2,20509,4505
ORD03700,08-12-2022,December,Pooja Sethi,Bengaluru,Electronics,Smartphone,4,269553,41399
ORD03701,18-08-2025,August,Simran Kaur,Coimbatore,Office Supplies,Stapler,6,1890,151
ORD03702,04-06-2024,June,Rahul Joshi,Jaipur,Electronics,Mouse,1,1900,152
ORD03703,02-01-2022,January,Zoya Das,Mumbai,Clothing,T-Shirt,2,1242,252
ORD03704,15-07-2024,July,Zoya Das,Pune,Office Supplies,Desk Organizer,1,979,165
ORD03705,15-12-2024,December,Tanvi Kulkarni,Ahmedabad,Office Supplies,Notebook Set,3,1540,369
ORD03706,26-10-2025,October,Rahul Joshi,Jaipur,Office Supplies,Printer Paper,1,600,124
ORD03707,31-03-2023,March,Sana Khan,Ahmedabad,Clothing,Jacket,2,10925,1106
ORD03708,16-12-2024,December,Aditi Patel,Jaipur,Furniture,Sofa,1,29079,2986
ORD03709,25-04-2025,April,Pooja Sethi,Indore,Clothing,T-Shirt,2,790,113
ORD03710,02-01-2025,January,Simran Kaur,Kolkata,Electronics,Speaker,2,15112,1061
ORD03711,21-05-2025,May,Sneha Bose,Mumbai,Home & Kitchen,Air Fryer,2,29310,1863
ORD03712,27-05-2023,May,Pooja Sethi,Hyderabad,Electronics,Keyboard,4,16828,2419
ORD03713,31-05-2024,May,Kabir Jain,Pune,Office Supplies,Desk Organizer,1,301,78
ORD03714,04-12-2023,December,Meera Shah,Chennai,Home & Kitchen,Table Lamp,1,2532,694
ORD03715,09-10-2022,October,Amit Verma,Hyderabad,Clothing,T-Shirt,4,2541,445
ORD03716,21-09-2024,September,Ananya Iyer,Chennai,Furniture,Office Chair,2,18154,4336
ORD03717,06-10-2024,October,Sana Khan,Delhi,Office Supplies,Pen Pack,2,539,125
ORD03718,16-04-2024,April,Rohan Kulkarni,Kochi,Office Supplies,Notebook Set,2,634,131
ORD03719,19-11-2022,November,Diya Singh,Pune,Clothing,T-Shirt,2,504,94
ORD03720,10-01-2025,January,Sana Khan,Delhi,Clothing,Backpack,3,4528,610
ORD03721,11-09-2024,September,Devika Pillai,Pune,Furniture,Dining Table,1,32670,3895
ORD03722,30-01-2024,January,Shreya Ghosh,Chennai,Electronics,Tablet,3,58994,11358
ORD03723,11-08-2024,August,Ishaan Gupta,Ahmedabad,Home & Kitchen,Table Lamp,2,6069,1313
ORD03724,11-02-2023,February,Vikram Rao,Jaipur,Furniture,Office Chair,2,6443,1016
ORD03725,02-06-2023,June,Ira Mukherjee,Hyderabad,Office Supplies,Printer Paper,1,411,98
ORD03726,31-01-2023,January,Aditya Desai,Indore,Furniture,Dining Table,1,30962,7710
ORD03727,04-12-2023,December,Simran Kaur,Chennai,Office Supplies,Printer Paper,1,541,37
ORD03728,21-09-2023,September,Meera Shah,Mumbai,Clothing,Formal Shirt,1,817,227
ORD03729,19-05-2023,May,Amit Verma,Kolkata,Electronics,Headphones,1,5294,798
ORD03730,07-08-2025,August,Aditya Desai,Ahmedabad,Home & Kitchen,Storage Container Set,1,994,76
ORD03731,17-06-2024,June,Pooja Sethi,Chennai,Electronics,Laptop,2,163247,22142
ORD03732,01-01-2023,January,Nikhil Bansal,Delhi,Clothing,Sneakers,1,4089,664
ORD03733,06-03-2025,March,Diya Singh,Kochi,Clothing,Backpack,2,5200,717
ORD03734,12-07-2025,July,Diya Singh,Lucknow,Office Supplies,Notebook Set,3,1657,372
ORD03735,06-08-2023,August,Ananya Iyer,Nagpur,Furniture,Sofa,3,93484,16591
ORD03736,06-06-2023,June,Neha Reddy,Mumbai,Office Supplies,File Folder Set,2,260,53
ORD03737,04-09-2024,September,Manish Yadav,Pune,Furniture,Sofa,1,52402,3771
ORD03738,22-01-2025,January,Aditya Desai,Kolkata,Clothing,T-Shirt,1,957,112
ORD03739,24-09-2024,September,Vikram Rao,Indore,Office Supplies,Printer Paper,1,781,160
ORD03740,05-02-2024,February,Manish Yadav,Chennai,Furniture,Sofa,4,91512,16488
ORD03741,06-12-2022,December,Vikram Rao,Bengaluru,Furniture,Bookshelf,1,5144,486
ORD03742,29-09-2022,September,Varun Chawla,Ahmedabad,Electronics,Headphones,1,1351,84
ORD03743,12-05-2025,May,Karan Malhotra,Chennai,Office Supplies,File Folder Set,3,853,175
ORD03744,14-09-2025,September,Ishaan Gupta,Jaipur,Clothing,Jeans,3,6641,568
ORD03745,16-09-2025,September,Rahul Joshi,Hyderabad,Home & Kitchen,Air Fryer,1,7175,1628
ORD03746,26-10-2025,October,Shreya Ghosh,Pune,Office Supplies,Stapler,3,852,56
ORD03747,18-06-2025,June,Simran Kaur,Chennai,Home & Kitchen,Water Bottle,5,4228,335
ORD03748,11-09-2023,September,Aditi Patel,Delhi,Clothing,Jeans,2,4228,845
ORD03749,27-05-2024,May,Priya Menon,Mumbai,Electronics,Speaker,3,25677,6128
ORD03750,29-04-2022,April,Devika Pillai,Indore,Furniture,Desk,1,21472,4979
ORD03751,12-12-2023,December,Rohan Kulkarni,Ahmedabad,Electronics,Speaker,2,6609,1610
ORD03752,27-02-2024,February,Kavya Nair,Kochi,Furniture,Dining Table,2,63739,7169
ORD03753,07-09-2022,September,Kabir Jain,Bengaluru,Clothing,Jacket,1,6147,773
ORD03754,21-03-2023,March,Ananya Iyer,Pune,Electronics,Speaker,1,6646,1231
ORD03755,30-11-2024,November,Amit Verma,Kochi,Electronics,Speaker,4,6790,559
ORD03756,27-07-2024,July,Manish Yadav,Bengaluru,Home & Kitchen,Mixer Grinder,1,8444,2103
ORD03757,08-07-2023,July,Varun Chawla,Kolkata,Furniture,Office Chair,1,6531,968
ORD03758,18-03-2023,March,Manish Yadav,Kolkata,Electronics,Tablet,1,15283,2498
ORD03759,10-08-2025,August,Kabir Jain,Kochi,Clothing,Sneakers,1,2094,570
ORD03760,13-04-2025,April,Ira Mukherjee,Indore,Home & Kitchen,Table Lamp,3,5772,764
ORD03761,29-04-2024,April,Devika Pillai,Lucknow,Furniture,Coffee Table,3,13054,1612
ORD03762,30-08-2023,August,Nikhil Bansal,Nagpur,Furniture,Sofa,6,342662,39646
ORD03763,07-11-2025,November,Varun Chawla,Nagpur,Clothing,Jeans,1,1704,413
ORD03764,10-09-2023,September,Devika Pillai,Mumbai,Furniture,Office Chair,2,25910,4471
ORD03765,30-05-2024,May,Aarav Sharma,Lucknow,Furniture,Desk,2,10711,1347
ORD03766,16-06-2023,June,Ira Mukherjee,Lucknow,Furniture,Dining Table,1,24824,3616
ORD03767,28-09-2023,September,Zoya Das,Mumbai,Clothing,Jacket,1,3173,723
ORD03768,23-03-2025,March,Shreya Ghosh,Surat,Electronics,Laptop,1,69556,10614
ORD03769,14-09-2023,September,Nikhil Bansal,Nagpur,Clothing,Formal Shirt,2,4879,907
ORD03770,12-12-2025,December,Tanvi Kulkarni,Kolkata,Furniture,Desk,1,18817,4618
ORD03771,23-02-2024,February,Shreya Ghosh,Bengaluru,Clothing,T-Shirt,1,716,125
ORD03772,05-03-2024,March,Shreya Ghosh,Lucknow,Furniture,Coffee Table,2,16071,1504
ORD03773,30-10-2022,October,Simran Kaur,Hyderabad,Office Supplies,Pen Pack,1,201,47
ORD03774,11-03-2022,March,Sneha Bose,Ahmedabad,Office Supplies,Stapler,3,695,165
ORD03775,01-11-2022,November,Diya Singh,Surat,Office Supplies,Pen Pack,1,163,44
ORD03776,24-01-2023,January,Nikhil Bansal,Pune,Furniture,Desk,1,18246,2548
ORD03777,17-10-2024,October,Sneha Bose,Lucknow,Furniture,Bookshelf,2,10401,703
ORD03778,16-06-2024,June,Nikhil Bansal,Kolkata,Electronics,Monitor,3,38622,4780
ORD03779,19-01-2022,January,Shreya Ghosh,Coimbatore,Electronics,Tablet,1,13291,2578
ORD03780,16-01-2024,January,Priya Menon,Ahmedabad,Electronics,Keyboard,1,3163,258
ORD03781,05-01-2025,January,Priya Menon,Kolkata,Office Supplies,File Folder Set,1,388,57
ORD03782,02-03-2022,March,Kabir Jain,Nagpur,Clothing,T-Shirt,4,4564,947
ORD03783,01-11-2022,November,Simran Kaur,Bengaluru,Office Supplies,Desk Organizer,3,1119,254
ORD03784,26-10-2022,October,Sneha Bose,Chennai,Electronics,Speaker,1,1422,230
ORD03785,01-07-2024,July,Simran Kaur,Delhi,Office Supplies,Pen Pack,5,1403,276
ORD03786,09-10-2024,October,Sana Khan,Jaipur,Clothing,Backpack,2,914,189
ORD03787,17-09-2022,September,Meera Shah,Mumbai,Home & Kitchen,Water Bottle,6,3254,471
ORD03788,17-08-2024,August,Neha Reddy,Bengaluru,Electronics,Tablet,2,63485,9674
ORD03789,02-07-2022,July,Simran Kaur,Nagpur,Electronics,Mouse,3,1270,343
ORD03790,28-04-2023,April,Amit Verma,Surat,Electronics,Smartphone,1,24599,6681
ORD03791,13-12-2024,December,Simran Kaur,Hyderabad,Clothing,Formal Shirt,1,949,204
ORD03792,05-04-2022,April,Manish Yadav,Mumbai,Clothing,Sneakers,2,1965,255
ORD03793,05-04-2024,April,Kavya Nair,Indore,Furniture,Sofa,4,169977,21116
ORD03794,23-07-2024,July,Devika Pillai,Nagpur,Home & Kitchen,Table Lamp,1,1061,129
ORD03795,12-12-2022,December,Ananya Iyer,Jaipur,Office Supplies,Desk Organizer,5,3950,1015
ORD03796,30-01-2023,January,Pooja Sethi,Bengaluru,Electronics,Mouse,1,667,109
ORD03797,25-01-2025,January,Kavya Nair,Mumbai,Electronics,Headphones,2,11341,1206
ORD03798,13-01-2024,January,Ira Mukherjee,Chennai,Office Supplies,Notebook Set,2,357,96
ORD03799,26-11-2022,November,Manish Yadav,Jaipur,Clothing,Sneakers,1,4099,480
ORD03800,25-01-2022,January,Vikram Rao,Bengaluru,Home & Kitchen,Table Lamp,3,1986,134
ORD03801,29-05-2025,May,Pooja Sethi,Indore,Furniture,Coffee Table,1,10794,794
ORD03802,14-11-2024,November,Varun Chawla,Pune,Electronics,Keyboard,2,5527,437
ORD03803,25-11-2025,November,Kavya Nair,Chennai,Electronics,Laptop,5,255208,68764
ORD03804,08-05-2024,May,Ishaan Gupta,Mumbai,Furniture,Dining Table,3,66337,14380
ORD03805,20-12-2023,December,Priya Menon,Kochi,Electronics,Speaker,2,14544,1372
ORD03806,02-04-2025,April,Aarav Sharma,Pune,Electronics,Laptop,1,70596,17570
ORD03807,28-04-2024,April,Aarav Sharma,Jaipur,Clothing,Jacket,1,6134,569
ORD03808,30-12-2022,December,Arjun Mehta,Kolkata,Electronics,Headphones,1,2302,452
ORD03809,18-10-2025,October,Rohan Kulkarni,Pune,Office Supplies,File Folder Set,1,358,79
ORD03810,31-12-2022,December,Varun Chawla,Nagpur,Clothing,Backpack,3,7780,895
ORD03811,12-01-2023,January,Varun Chawla,Jaipur,Electronics,Monitor,2,34917,2508
ORD03812,31-10-2024,October,Simran Kaur,Coimbatore,Clothing,T-Shirt,5,3916,319
ORD03813,28-03-2024,March,Amit Verma,Chennai,Clothing,Jeans,1,974,253
ORD03814,10-06-2022,June,Shreya Ghosh,Lucknow,Furniture,Desk,1,8917,1670
ORD03815,21-07-2022,July,Manish Yadav,Bengaluru,Home & Kitchen,Water Bottle,1,411,108
ORD03816,16-03-2025,March,Ira Mukherjee,Mumbai,Electronics,Laptop,3,126110,10128
ORD03817,04-07-2025,July,Kavya Nair,Kolkata,Electronics,Keyboard,3,11839,747
ORD03818,21-12-2023,December,Sana Khan,Pune,Furniture,Bookshelf,1,7308,829
ORD03819,10-07-2025,July,Nikhil Bansal,Lucknow,Office Supplies,Desk Organizer,4,3084,853
ORD03820,17-07-2023,July,Ananya Iyer,Mumbai,Electronics,Tablet,4,109387,17099
ORD03821,16-08-2025,August,Manish Yadav,Indore,Home & Kitchen,Table Lamp,1,2060,524
ORD03822,09-05-2023,May,Neha Reddy,Kolkata,Home & Kitchen,Cookware Set,2,9220,1962
ORD03823,28-03-2025,March,Amit Verma,Surat,Electronics,Headphones,2,9904,1520
ORD03824,07-01-2022,January,Kabir Jain,Bengaluru,Home & Kitchen,Mixer Grinder,1,3849,838
ORD03825,02-01-2024,January,Karan Malhotra,Nagpur,Electronics,Smartphone,1,30558,4773
ORD03826,25-04-2024,April,Varun Chawla,Hyderabad,Clothing,Sneakers,2,3102,199
ORD03827,16-05-2022,May,Devika Pillai,Surat,Clothing,Jeans,3,2472,300
ORD03828,24-06-2025,June,Amit Verma,Mumbai,Home & Kitchen,Table Lamp,1,1989,381
ORD03829,01-08-2024,August,Pooja Sethi,Chennai,Furniture,Sofa,3,115837,12407
ORD03830,25-09-2024,September,Aditi Patel,Chennai,Home & Kitchen,Storage Container Set,1,379,35
ORD03831,03-07-2025,July,Ananya Iyer,Kochi,Electronics,Laptop,1,64328,15365
ORD03832,01-03-2022,March,Devika Pillai,Kolkata,Office Supplies,Printer Paper,1,278,47
ORD03833,11-02-2025,February,Nikhil Bansal,Jaipur,Home & Kitchen,Mixer Grinder,4,29740,3379
ORD03834,06-08-2025,August,Ira Mukherjee,Hyderabad,Office Supplies,Pen Pack,4,950,254
ORD03835,14-07-2023,July,Meera Shah,Pune,Clothing,Backpack,1,1448,125
ORD03836,27-11-2022,November,Ira Mukherjee,Surat,Furniture,Desk,4,26008,2714
ORD03837,15-11-2024,November,Tanvi Kulkarni,Ahmedabad,Clothing,Formal Shirt,2,3145,520
ORD03838,11-12-2024,December,Priya Menon,Indore,Office Supplies,File Folder Set,1,491,96
ORD03839,27-08-2023,August,Varun Chawla,Delhi,Furniture,Bookshelf,1,9502,718
ORD03840,30-12-2025,December,Pooja Sethi,Ahmedabad,Home & Kitchen,Mixer Grinder,3,32913,2385
ORD03841,28-09-2022,September,Nikhil Bansal,Mumbai,Furniture,Coffee Table,1,7198,1588
ORD03842,05-10-2025,October,Varun Chawla,Kolkata,Home & Kitchen,Storage Container Set,3,5229,1241
ORD03843,31-08-2024,August,Shreya Ghosh,Hyderabad,Office Supplies,Printer Paper,1,498,62
ORD03844,07-10-2024,October,Ananya Iyer,Kochi,Clothing,Jacket,1,5761,1313
ORD03845,24-10-2022,October,Varun Chawla,Bengaluru,Clothing,Backpack,1,1318,201
ORD03846,23-11-2023,November,Nikhil Bansal,Pune,Clothing,Jacket,4,20723,4922
ORD03847,26-03-2023,March,Meera Shah,Lucknow,Electronics,Headphones,2,8389,1248
ORD03848,25-03-2023,March,Simran Kaur,Ahmedabad,Home & Kitchen,Storage Container Set,4,4927,1352
ORD03849,05-12-2025,December,Neha Reddy,Surat,Furniture,Sofa,1,39859,7179
ORD03850,31-03-2024,March,Ananya Iyer,Delhi,Clothing,Formal Shirt,5,5642,749
ORD03851,08-08-2025,August,Amit Verma,Ahmedabad,Electronics,Monitor,2,36856,9465
ORD03852,12-09-2024,September,Devika Pillai,Coimbatore,Office Supplies,Stapler,2,785,50
ORD03853,02-07-2022,July,Devika Pillai,Nagpur,Furniture,Sofa,1,47912,6668
ORD03854,03-08-2024,August,Tanvi Kulkarni,Indore,Clothing,Sneakers,2,4075,960
ORD03855,23-10-2024,October,Neha Reddy,Ahmedabad,Furniture,Office Chair,1,4554,1158
ORD03856,12-12-2024,December,Devika Pillai,Chennai,Office Supplies,Pen Pack,1,187,28
ORD03857,15-01-2025,January,Zoya Das,Indore,Electronics,Speaker,3,22509,2602
ORD03858,01-12-2023,December,Zoya Das,Nagpur,Home & Kitchen,Storage Container Set,1,521,110
ORD03859,09-04-2024,April,Shreya Ghosh,Nagpur,Office Supplies,File Folder Set,5,2160,130
ORD03860,19-04-2023,April,Devika Pillai,Jaipur,Electronics,Speaker,1,5136,1203
ORD03861,31-01-2025,January,Kavya Nair,Hyderabad,Home & Kitchen,Cookware Set,2,5630,1125
ORD03862,14-08-2025,August,Rahul Joshi,Nagpur,Office Supplies,Notebook Set,1,298,21
ORD03863,01-08-2022,August,Nikhil Bansal,Jaipur,Furniture,Dining Table,2,47332,5644
ORD03864,20-08-2022,August,Sneha Bose,Bengaluru,Electronics,Tablet,2,59191,6368
ORD03865,01-10-2025,October,Nikhil Bansal,Jaipur,Home & Kitchen,Air Fryer,1,14294,1755
ORD03866,02-11-2024,November,Varun Chawla,Pune,Clothing,Sneakers,1,3414,523
ORD03867,14-08-2022,August,Manish Yadav,Hyderabad,Office Supplies,Notebook Set,1,380,43
ORD03868,24-02-2022,February,Sneha Bose,Mumbai,Electronics,Keyboard,1,2815,391
ORD03869,25-09-2024,September,Ananya Iyer,Hyderabad,Home & Kitchen,Storage Container Set,1,1566,107
ORD03870,12-09-2022,September,Diya Singh,Kochi,Office Supplies,File Folder Set,1,169,45
ORD03871,19-05-2025,May,Amit Verma,Pune,Electronics,Laptop,2,128540,27618
ORD03872,31-03-2022,March,Rohan Kulkarni,Nagpur,Clothing,Jacket,3,16717,1303
ORD03873,01-10-2023,October,Tanvi Kulkarni,Lucknow,Office Supplies,Stapler,1,373,26
ORD03874,12-08-2025,August,Diya Singh,Chennai,Home & Kitchen,Cookware Set,3,17046,2992
ORD03875,06-08-2024,August,Priya Menon,Chennai,Office Supplies,File Folder Set,1,417,28
ORD03876,17-10-2022,October,Devika Pillai,Chennai,Home & Kitchen,Cookware Set,4,17884,4052
ORD03877,26-10-2025,October,Neha Reddy,Jaipur,Electronics,Monitor,4,86158,20689
ORD03878,10-06-2022,June,Ishaan Gupta,Pune,Office Supplies,Printer Paper,2,1786,396
ORD03879,08-08-2025,August,Aarav Sharma,Chennai,Clothing,Jacket,3,8699,1972
ORD03880,23-01-2025,January,Pooja Sethi,Hyderabad,Clothing,Sneakers,2,4291,977
ORD03881,26-04-2022,April,Neha Reddy,Pune,Home & Kitchen,Cookware Set,3,9671,729
ORD03882,08-01-2023,January,Devika Pillai,Coimbatore,Office Supplies,File Folder Set,1,533,51
ORD03883,27-04-2025,April,Manish Yadav,Pune,Office Supplies,Pen Pack,1,258,31
ORD03884,07-08-2022,August,Rohan Kulkarni,Surat,Office Supplies,File Folder Set,1,280,19
ORD03885,23-08-2025,August,Devika Pillai,Hyderabad,Furniture,Coffee Table,3,24786,4729
ORD03886,16-02-2024,February,Karan Malhotra,Mumbai,Clothing,Backpack,1,539,129
ORD03887,23-04-2025,April,Kabir Jain,Kochi,Electronics,Tablet,1,24079,2025
ORD03888,20-04-2024,April,Nikhil Bansal,Jaipur,Home & Kitchen,Table Lamp,1,2087,251
ORD03889,12-07-2024,July,Manish Yadav,Kochi,Electronics,Headphones,2,8192,2139
ORD03890,15-11-2024,November,Manish Yadav,Surat,Electronics,Monitor,1,16532,1655
ORD03891,02-11-2022,November,Manish Yadav,Nagpur,Clothing,Formal Shirt,1,2838,760
ORD03892,11-02-2025,February,Nikhil Bansal,Ahmedabad,Office Supplies,Pen Pack,1,308,51
ORD03893,27-12-2022,December,Kabir Jain,Mumbai,Home & Kitchen,Storage Container Set,3,3441,495
ORD03894,14-04-2025,April,Neha Reddy,Surat,Office Supplies,File Folder Set,6,950,110
ORD03895,18-12-2023,December,Diya Singh,Delhi,Office Supplies,File Folder Set,6,3316,417
ORD03896,08-03-2024,March,Sneha Bose,Coimbatore,Electronics,Tablet,1,30754,4714
ORD03897,12-03-2022,March,Manish Yadav,Chennai,Clothing,Backpack,3,4029,1022
ORD03898,06-11-2024,November,Rahul Joshi,Coimbatore,Electronics,Speaker,1,5460,499
ORD03899,09-02-2025,February,Riya Kapoor,Lucknow,Clothing,T-Shirt,1,580,150
ORD03900,16-11-2024,November,Diya Singh,Nagpur,Office Supplies,Stapler,2,782,189
ORD03901,26-09-2024,September,Zoya Das,Surat,Clothing,Backpack,1,2409,562
ORD03902,21-07-2024,July,Sana Khan,Ahmedabad,Clothing,Formal Shirt,2,4373,1131
ORD03903,07-08-2022,August,Nikhil Bansal,Lucknow,Office Supplies,Desk Organizer,1,905,236
ORD03904,16-07-2022,July,Arjun Mehta,Ahmedabad,Home & Kitchen,Table Lamp,4,2324,616
ORD03905,31-03-2024,March,Zoya Das,Ahmedabad,Home & Kitchen,Air Fryer,1,9789,2289
ORD03906,02-01-2022,January,Riya Kapoor,Nagpur,Electronics,Headphones,1,3156,566
ORD03907,04-05-2025,May,Nikhil Bansal,Ahmedabad,Home & Kitchen,Mixer Grinder,3,8618,671
ORD03908,16-07-2022,July,Ananya Iyer,Chennai,Furniture,Dining Table,2,36124,4889
ORD03909,11-06-2023,June,Sana Khan,Bengaluru,Electronics,Monitor,3,25028,2366
ORD03910,19-05-2024,May,Rohan Kulkarni,Surat,Office Supplies,Notebook Set,1,554,77
ORD03911,16-06-2023,June,Priya Menon,Chennai,Electronics,Monitor,2,41670,5081
ORD03912,03-01-2024,January,Vikram Rao,Lucknow,Office Supplies,Pen Pack,1,115,24
ORD03913,13-04-2023,April,Arjun Mehta,Pune,Clothing,Sneakers,4,6137,1672
ORD03914,17-07-2023,July,Vikram Rao,Chennai,Furniture,Desk,2,27482,6826
ORD03915,27-02-2023,February,Rohan Kulkarni,Surat,Electronics,Tablet,1,17769,3072
ORD03916,07-08-2024,August,Aditya Desai,Jaipur,Home & Kitchen,Storage Container Set,1,805,58
ORD03917,07-11-2022,November,Aarav Sharma,Jaipur,Electronics,Tablet,1,13402,1042
ORD03918,27-05-2024,May,Arjun Mehta,Chennai,Furniture,Office Chair,2,26099,4862
ORD03919,29-08-2025,August,Neha Reddy,Mumbai,Electronics,Laptop,2,176607,40227
ORD03920,08-05-2022,May,Aditi Patel,Chennai,Electronics,Tablet,4,119218,20436
ORD03921,16-06-2025,June,Priya Menon,Indore,Clothing,Jeans,1,2411,269
ORD03922,10-10-2022,October,Devika Pillai,Surat,Home & Kitchen,Mixer Grinder,1,7145,1610
ORD03923,21-03-2022,March,Sana Khan,Lucknow,Clothing,Formal Shirt,2,1692,191
ORD03924,18-07-2023,July,Kabir Jain,Delhi,Home & Kitchen,Cookware Set,2,7870,1576
ORD03925,11-09-2023,September,Ira Mukherjee,Hyderabad,Furniture,Office Chair,1,10787,1919
ORD03926,16-02-2024,February,Priya Menon,Kolkata,Home & Kitchen,Mixer Grinder,3,14891,3188
ORD03927,05-06-2025,June,Ira Mukherjee,Surat,Home & Kitchen,Table Lamp,5,13688,3346
ORD03928,22-03-2025,March,Nikhil Bansal,Coimbatore,Clothing,T-Shirt,2,1076,285
ORD03929,30-01-2024,January,Rohan Kulkarni,Coimbatore,Home & Kitchen,Water Bottle,2,588,106
ORD03930,30-07-2022,July,Vikram Rao,Kochi,Electronics,Headphones,1,6694,1535
ORD03931,25-01-2024,January,Diya Singh,Lucknow,Electronics,Smartphone,1,38057,3823
ORD03932,02-05-2022,May,Karan Malhotra,Hyderabad,Furniture,Sofa,1,36389,3275
ORD03933,17-03-2023,March,Karan Malhotra,Mumbai,Electronics,Smartphone,5,258591,47630
ORD03934,23-07-2025,July,Ishaan Gupta,Hyderabad,Electronics,Laptop,3,162552,30198
ORD03935,21-04-2025,April,Pooja Sethi,Coimbatore,Electronics,Smartphone,3,62230,13946
ORD03936,26-04-2024,April,Ananya Iyer,Nagpur,Furniture,Dining Table,1,29399,6731
ORD03937,04-09-2024,September,Varun Chawla,Delhi,Electronics,Monitor,1,14759,2387
ORD03938,11-12-2024,December,Varun Chawla,Coimbatore,Office Supplies,File Folder Set,1,623,137
ORD03939,05-04-2022,April,Manish Yadav,Chennai,Clothing,T-Shirt,2,1218,255
ORD03940,26-11-2022,November,Aditi Patel,Bengaluru,Office Supplies,Stapler,3,335,44
ORD03941,13-01-2025,January,Vikram Rao,Coimbatore,Electronics,Monitor,3,47341,9759
ORD03942,26-09-2025,September,Karan Malhotra,Jaipur,Office Supplies,Desk Organizer,2,1724,215
ORD03943,03-05-2023,May,Priya Menon,Indore,Clothing,Jacket,2,9766,1745
ORD03944,16-04-2025,April,Ira Mukherjee,Pune,Office Supplies,Desk Organizer,2,381,51
ORD03945,10-05-2023,May,Arjun Mehta,Indore,Home & Kitchen,Mixer Grinder,1,8954,1834
ORD03946,04-01-2025,January,Priya Menon,Pune,Electronics,Headphones,2,3251,699
ORD03947,26-07-2022,July,Tanvi Kulkarni,Coimbatore,Clothing,Formal Shirt,2,4317,953
ORD03948,08-08-2023,August,Varun Chawla,Ahmedabad,Clothing,Sneakers,2,4963,938
ORD03949,06-06-2024,June,Shreya Ghosh,Jaipur,Clothing,Backpack,2,2442,655
ORD03950,17-04-2022,April,Tanvi Kulkarni,Bengaluru,Electronics,Monitor,1,17084,1327
ORD03951,26-05-2024,May,Sana Khan,Chennai,Electronics,Speaker,1,4395,1044
ORD03952,06-05-2023,May,Priya Menon,Kochi,Clothing,Backpack,1,1071,240
ORD03953,11-03-2024,March,Rahul Joshi,Delhi,Office Supplies,Notebook Set,1,209,56
ORD03954,20-03-2023,March,Simran Kaur,Pune,Electronics,Headphones,2,2688,284
ORD03955,06-11-2024,November,Kabir Jain,Indore,Furniture,Office Chair,2,28456,5369
ORD03956,03-10-2024,October,Manish Yadav,Coimbatore,Furniture,Sofa,1,60873,5502
ORD03957,31-05-2025,May,Rohan Kulkarni,Hyderabad,Home & Kitchen,Air Fryer,1,7813,1535
ORD03958,29-08-2025,August,Priya Menon,Bengaluru,Clothing,T-Shirt,1,333,84
ORD03959,08-05-2025,May,Devika Pillai,Lucknow,Electronics,Mouse,2,4001,314
ORD03960,31-01-2025,January,Karan Malhotra,Coimbatore,Home & Kitchen,Table Lamp,3,3768,507
ORD03961,08-11-2024,November,Aditya Desai,Jaipur,Office Supplies,Printer Paper,3,1554,299
ORD03962,18-11-2022,November,Aditi Patel,Delhi,Electronics,Laptop,3,145931,25802
ORD03963,23-04-2023,April,Aarav Sharma,Mumbai,Furniture,Office Chair,3,25608,5492
ORD03964,24-01-2025,January,Neha Reddy,Coimbatore,Electronics,Monitor,2,18678,4565
ORD03965,05-09-2023,September,Priya Menon,Coimbatore,Furniture,Coffee Table,1,10694,2892
ORD03966,13-10-2022,October,Neha Reddy,Pune,Clothing,Backpack,2,1740,315
ORD03967,10-09-2023,September,Vikram Rao,Coimbatore,Electronics,Monitor,4,45915,10554
ORD03968,14-01-2022,January,Ira Mukherjee,Delhi,Furniture,Office Chair,2,18062,1178
ORD03969,10-07-2023,July,Zoya Das,Nagpur,Electronics,Laptop,1,70714,8466
ORD03970,26-09-2024,September,Ishaan Gupta,Kolkata,Clothing,Jacket,1,3022,778
ORD03971,22-07-2022,July,Aditi Patel,Kolkata,Furniture,Coffee Table,2,14865,907
ORD03972,03-03-2022,March,Aditi Patel,Indore,Home & Kitchen,Air Fryer,1,9428,1644
ORD03973,04-12-2024,December,Devika Pillai,Nagpur,Clothing,T-Shirt,2,2039,255
ORD03974,03-10-2025,October,Rohan Kulkarni,Coimbatore,Furniture,Bookshelf,3,24627,2903
ORD03975,25-06-2025,June,Pooja Sethi,Indore,Office Supplies,Desk Organizer,2,2310,522
ORD03976,17-09-2024,September,Vikram Rao,Jaipur,Home & Kitchen,Air Fryer,3,26324,4766
ORD03977,15-02-2024,February,Arjun Mehta,Jaipur,Furniture,Bookshelf,4,26810,7381
ORD03978,31-05-2023,May,Tanvi Kulkarni,Mumbai,Office Supplies,File Folder Set,1,134,37
ORD03979,03-12-2024,December,Priya Menon,Hyderabad,Office Supplies,Printer Paper,2,718,128
ORD03980,10-08-2022,August,Priya Menon,Nagpur,Clothing,Jeans,1,3223,837
ORD03981,27-07-2022,July,Aditya Desai,Indore,Home & Kitchen,Cookware Set,4,32392,6938
ORD03982,05-08-2025,August,Kavya Nair,Coimbatore,Office Supplies,File Folder Set,1,145,39
ORD03983,24-03-2025,March,Aarav Sharma,Lucknow,Home & Kitchen,Water Bottle,2,1175,136
ORD03984,29-06-2024,June,Tanvi Kulkarni,Pune,Electronics,Keyboard,2,3059,749
ORD03985,04-01-2024,January,Riya Kapoor,Kolkata,Furniture,Sofa,3,110343,21144
ORD03986,13-04-2023,April,Devika Pillai,Indore,Clothing,T-Shirt,1,460,110
ORD03987,07-11-2025,November,Sneha Bose,Delhi,Clothing,Sneakers,3,10040,988
ORD03988,31-10-2023,October,Rohan Kulkarni,Hyderabad,Electronics,Tablet,3,85134,11080
ORD03989,19-04-2025,April,Ananya Iyer,Lucknow,Furniture,Desk,2,26902,4802
ORD03990,08-09-2022,September,Ishaan Gupta,Mumbai,Furniture,Sofa,1,37602,4252
ORD03991,24-01-2024,January,Pooja Sethi,Nagpur,Home & Kitchen,Mixer Grinder,4,15637,3757
ORD03992,07-04-2022,April,Shreya Ghosh,Mumbai,Clothing,Jeans,1,2559,508
ORD03993,27-11-2023,November,Shreya Ghosh,Indore,Furniture,Dining Table,2,48826,13308
ORD03994,29-12-2024,December,Manish Yadav,Delhi,Home & Kitchen,Storage Container Set,2,1651,401
ORD03995,21-01-2022,January,Karan Malhotra,Lucknow,Electronics,Keyboard,1,3579,893
ORD03996,26-08-2024,August,Diya Singh,Chennai,Clothing,T-Shirt,1,333,50
ORD03997,23-05-2022,May,Sana Khan,Kolkata,Office Supplies,Pen Pack,3,369,83
ORD03998,07-10-2024,October,Varun Chawla,Surat,Furniture,Desk,1,5105,415
ORD03999,04-06-2022,June,Priya Menon,Nagpur,Clothing,Backpack,3,3364,369
ORD04000,21-09-2022,September,Rahul Joshi,Bengaluru,Furniture,Bookshelf,3,26351,6867
ORD04001,11-11-2025,November,Karan Malhotra,Jaipur,Office Supplies,Desk Organizer,4,1792,339
ORD04002,27-05-2023,May,Rahul Joshi,Delhi,Furniture,Coffee Table,3,7695,1250
ORD04003,26-01-2022,January,Devika Pillai,Hyderabad,Clothing,T-Shirt,5,2259,255
ORD04004,26-06-2024,June,Aditya Desai,Mumbai,Home & Kitchen,Cookware Set,1,2158,460
ORD04005,15-05-2024,May,Vikram Rao,Kolkata,Office Supplies,Pen Pack,2,425,106
ORD04006,03-11-2024,November,Kabir Jain,Hyderabad,Home & Kitchen,Air Fryer,1,5855,1442
ORD04007,03-03-2025,March,Manish Yadav,Ahmedabad,Office Supplies,Stapler,1,385,67
ORD04008,26-01-2024,January,Rohan Kulkarni,Indore,Home & Kitchen,Air Fryer,1,7480,1094
ORD04009,25-11-2023,November,Simran Kaur,Nagpur,Electronics,Speaker,1,1562,309
ORD04010,02-08-2022,August,Kavya Nair,Chennai,Furniture,Coffee Table,2,5316,490
ORD04011,13-11-2025,November,Simran Kaur,Lucknow,Home & Kitchen,Water Bottle,2,1153,225
ORD04012,18-01-2023,January,Manish Yadav,Coimbatore,Home & Kitchen,Storage Container Set,5,3927,924
ORD04013,24-08-2023,August,Sana Khan,Lucknow,Home & Kitchen,Storage Container Set,2,1889,528
ORD04014,30-04-2023,April,Sneha Bose,Bengaluru,Furniture,Sofa,3,53081,8461
ORD04015,17-05-2023,May,Kabir Jain,Lucknow,Furniture,Sofa,2,114266,12738
ORD04016,04-08-2022,August,Kabir Jain,Pune,Electronics,Tablet,1,19730,4225
ORD04017,12-01-2023,January,Aarav Sharma,Jaipur,Electronics,Laptop,2,161168,25693
ORD04018,25-05-2025,May,Vikram Rao,Indore,Electronics,Laptop,1,49367,3955
ORD04019,07-02-2023,February,Ira Mukherjee,Bengaluru,Clothing,Backpack,4,3453,908
ORD04020,07-07-2024,July,Aarav Sharma,Lucknow,Furniture,Dining Table,6,160065,27733
ORD04021,18-08-2022,August,Devika Pillai,Ahmedabad,Electronics,Tablet,1,29730,5459
ORD04022,07-10-2025,October,Kavya Nair,Indore,Home & Kitchen,Table Lamp,1,2330,143
ORD04023,26-01-2024,January,Karan Malhotra,Ahmedabad,Furniture,Desk,1,8404,1002
ORD04024,23-12-2023,December,Amit Verma,Kolkata,Furniture,Bookshelf,2,17845,3969
ORD04025,05-11-2025,November,Rohan Kulkarni,Surat,Furniture,Sofa,2,55602,12541
ORD04026,29-06-2024,June,Devika Pillai,Surat,Furniture,Desk,1,20876,4747
ORD04027,24-07-2023,July,Vikram Rao,Ahmedabad,Electronics,Laptop,2,107991,14008
ORD04028,29-06-2025,June,Ira Mukherjee,Surat,Furniture,Bookshelf,2,20335,1742
ORD04029,07-10-2022,October,Pooja Sethi,Bengaluru,Electronics,Laptop,2,145083,26806
ORD04030,10-12-2024,December,Aditi Patel,Chennai,Clothing,Formal Shirt,3,7048,1679
ORD04031,28-03-2023,March,Sana Khan,Coimbatore,Electronics,Smartphone,2,33997,4992
ORD04032,06-03-2022,March,Arjun Mehta,Bengaluru,Electronics,Headphones,1,1952,264
ORD04033,04-06-2023,June,Vikram Rao,Kochi,Furniture,Desk,5,82713,18965
ORD04034,30-11-2022,November,Aditi Patel,Indore,Clothing,T-Shirt,3,2087,274
ORD04035,20-06-2024,June,Karan Malhotra,Indore,Office Supplies,Stapler,1,418,107
ORD04036,10-03-2024,March,Riya Kapoor,Indore,Clothing,T-Shirt,1,472,76
ORD04037,10-06-2024,June,Aarav Sharma,Kolkata,Electronics,Headphones,1,1208,204
ORD04038,05-08-2023,August,Priya Menon,Ahmedabad,Electronics,Keyboard,6,20094,2084
ORD04039,19-06-2022,June,Priya Menon,Surat,Clothing,Jacket,1,2300,295
ORD04040,24-04-2024,April,Vikram Rao,Delhi,Furniture,Desk,3,50282,8681
ORD04041,18-03-2025,March,Zoya Das,Jaipur,Office Supplies,Pen Pack,1,262,48
ORD04042,24-03-2022,March,Devika Pillai,Indore,Furniture,Sofa,1,42761,11605
ORD04043,30-10-2022,October,Diya Singh,Hyderabad,Furniture,Bookshelf,2,14153,1091
ORD04044,25-01-2022,January,Aarav Sharma,Nagpur,Clothing,Sneakers,1,4243,666
ORD04045,24-09-2024,September,Arjun Mehta,Mumbai,Home & Kitchen,Mixer Grinder,4,38068,3190
ORD04046,26-11-2024,November,Nikhil Bansal,Pune,Clothing,Jeans,6,13795,2110
ORD04047,16-10-2022,October,Arjun Mehta,Lucknow,Furniture,Sofa,1,54382,9532
ORD04048,04-12-2024,December,Simran Kaur,Indore,Home & Kitchen,Cookware Set,4,26820,7032
ORD04049,26-08-2024,August,Karan Malhotra,Hyderabad,Furniture,Dining Table,5,162588,41736
ORD04050,05-12-2025,December,Aarav Sharma,Bengaluru,Clothing,Backpack,1,1171,181
ORD04051,18-06-2023,June,Riya Kapoor,Nagpur,Clothing,Jacket,1,5627,1441
ORD04052,25-04-2024,April,Kabir Jain,Kolkata,Clothing,Jacket,2,11981,3304
ORD04053,23-05-2023,May,Karan Malhotra,Delhi,Furniture,Dining Table,1,29589,4289
ORD04054,03-02-2024,February,Pooja Sethi,Hyderabad,Office Supplies,Stapler,2,758,84
ORD04055,16-09-2024,September,Kavya Nair,Mumbai,Furniture,Bookshelf,1,9872,2034
ORD04056,22-03-2024,March,Rohan Kulkarni,Coimbatore,Electronics,Keyboard,3,12465,3015
ORD04057,23-09-2022,September,Neha Reddy,Kochi,Electronics,Tablet,1,32452,8652
ORD04058,07-01-2022,January,Priya Menon,Delhi,Home & Kitchen,Table Lamp,2,2165,312
ORD04059,07-09-2024,September,Sana Khan,Bengaluru,Clothing,Formal Shirt,1,1650,147
ORD04060,18-05-2025,May,Aditi Patel,Bengaluru,Office Supplies,Notebook Set,1,407,56
ORD04061,20-08-2022,August,Varun Chawla,Delhi,Electronics,Speaker,1,4804,841
ORD04062,24-09-2023,September,Varun Chawla,Kolkata,Clothing,Formal Shirt,1,2354,588
ORD04063,16-08-2022,August,Meera Shah,Delhi,Home & Kitchen,Mixer Grinder,2,8219,1939
ORD04064,22-05-2024,May,Rahul Joshi,Lucknow,Office Supplies,Desk Organizer,2,1665,280
ORD04065,13-08-2022,August,Shreya Ghosh,Jaipur,Electronics,Laptop,5,311206,42120
ORD04066,04-05-2023,May,Devika Pillai,Hyderabad,Office Supplies,Stapler,2,758,139
ORD04067,22-06-2023,June,Shreya Ghosh,Kochi,Electronics,Monitor,1,8426,571
ORD04068,05-05-2024,May,Sneha Bose,Lucknow,Electronics,Speaker,1,7892,599
ORD04069,05-01-2024,January,Pooja Sethi,Ahmedabad,Electronics,Headphones,1,3766,599
ORD04070,26-10-2024,October,Pooja Sethi,Nagpur,Clothing,Backpack,6,5950,1378
ORD04071,19-05-2025,May,Aditya Desai,Kolkata,Office Supplies,Printer Paper,3,2733,693
ORD04072,06-08-2024,August,Sana Khan,Coimbatore,Home & Kitchen,Water Bottle,1,231,22
ORD04073,23-09-2024,September,Rahul Joshi,Coimbatore,Electronics,Laptop,1,55797,7563
ORD04074,23-11-2022,November,Sneha Bose,Indore,Furniture,Sofa,4,140109,14593
ORD04075,04-04-2025,April,Vikram Rao,Kolkata,Furniture,Bookshelf,1,10679,1076
ORD04076,10-12-2023,December,Kavya Nair,Delhi,Electronics,Smartphone,1,56479,8114
ORD04077,28-04-2025,April,Shreya Ghosh,Indore,Clothing,Formal Shirt,3,6123,655
ORD04078,15-05-2024,May,Kavya Nair,Pune,Home & Kitchen,Water Bottle,2,1204,183
ORD04079,15-10-2025,October,Rohan Kulkarni,Jaipur,Electronics,Keyboard,3,11795,1241
ORD04080,06-08-2024,August,Rohan Kulkarni,Lucknow,Electronics,Mouse,2,2558,383
ORD04081,17-11-2022,November,Rohan Kulkarni,Coimbatore,Clothing,T-Shirt,4,1025,224
ORD04082,04-02-2024,February,Tanvi Kulkarni,Delhi,Furniture,Dining Table,1,11996,2869
ORD04083,26-04-2023,April,Kavya Nair,Kochi,Clothing,Formal Shirt,1,744,84
ORD04084,26-09-2023,September,Ishaan Gupta,Bengaluru,Office Supplies,Stapler,2,840,110
ORD04085,02-01-2023,January,Rahul Joshi,Bengaluru,Furniture,Office Chair,3,17000,2077
ORD04086,28-04-2025,April,Rahul Joshi,Kolkata,Furniture,Dining Table,2,46349,11283
ORD04087,22-06-2024,June,Nikhil Bansal,Kolkata,Clothing,T-Shirt,2,1407,135
ORD04088,05-06-2023,June,Neha Reddy,Coimbatore,Clothing,Backpack,2,2780,412
ORD04089,04-09-2024,September,Tanvi Kulkarni,Lucknow,Clothing,T-Shirt,1,783,81
ORD04090,12-08-2025,August,Ira Mukherjee,Bengaluru,Office Supplies,Notebook Set,2,242,38
ORD04091,28-10-2023,October,Manish Yadav,Jaipur,Home & Kitchen,Mixer Grinder,1,8831,1520
ORD04092,07-10-2024,October,Ira Mukherjee,Coimbatore,Clothing,Jacket,2,4944,1359
ORD04093,05-03-2022,March,Ira Mukherjee,Kochi,Furniture,Sofa,1,18836,1826
ORD04094,04-04-2022,April,Devika Pillai,Ahmedabad,Clothing,Backpack,1,934,142
ORD04095,24-04-2025,April,Neha Reddy,Kolkata,Home & Kitchen,Mixer Grinder,2,22539,5133
ORD04096,08-11-2023,November,Riya Kapoor,Lucknow,Electronics,Speaker,1,5887,484
ORD04097,08-08-2025,August,Sana Khan,Jaipur,Electronics,Tablet,1,22345,3692
ORD04098,14-11-2022,November,Kabir Jain,Lucknow,Office Supplies,Pen Pack,6,1717,263
ORD04099,11-09-2022,September,Sneha Bose,Nagpur,Furniture,Dining Table,2,41866,2902
ORD04100,11-08-2023,August,Neha Reddy,Lucknow,Clothing,Sneakers,1,4235,631
ORD04101,30-05-2023,May,Diya Singh,Indore,Furniture,Bookshelf,4,14052,1648
ORD04102,26-07-2024,July,Varun Chawla,Kolkata,Electronics,Laptop,2,157525,43639
ORD04103,08-09-2023,September,Meera Shah,Lucknow,Electronics,Monitor,1,23750,3799
ORD04104,28-03-2025,March,Neha Reddy,Ahmedabad,Electronics,Speaker,1,8508,2201
ORD04105,09-03-2023,March,Manish Yadav,Jaipur,Clothing,Formal Shirt,1,2501,488
ORD04106,01-03-2025,March,Diya Singh,Kolkata,Home & Kitchen,Air Fryer,2,29294,5897
ORD04107,17-05-2024,May,Ishaan Gupta,Ahmedabad,Electronics,Monitor,1,15405,3775
ORD04108,19-09-2025,September,Pooja Sethi,Bengaluru,Office Supplies,File Folder Set,3,606,109
ORD04109,27-04-2023,April,Vikram Rao,Surat,Furniture,Dining Table,2,62843,5641
ORD04110,10-10-2025,October,Varun Chawla,Chennai,Office Supplies,Desk Organizer,1,1098,127
ORD04111,14-05-2024,May,Kavya Nair,Kochi,Electronics,Headphones,1,7181,749
ORD04112,15-05-2023,May,Rahul Joshi,Coimbatore,Electronics,Mouse,3,3024,231
ORD04113,14-06-2024,June,Devika Pillai,Pune,Furniture,Bookshelf,2,14318,1818
ORD04114,09-04-2024,April,Sneha Bose,Jaipur,Clothing,Backpack,1,2286,384
ORD04115,12-01-2022,January,Ananya Iyer,Hyderabad,Electronics,Smartphone,4,88899,23636
ORD04116,28-06-2022,June,Rahul Joshi,Ahmedabad,Home & Kitchen,Mixer Grinder,2,9626,1104
ORD04117,15-06-2025,June,Aarav Sharma,Delhi,Electronics,Smartphone,1,24629,6429
ORD04118,26-06-2024,June,Vikram Rao,Mumbai,Furniture,Coffee Table,2,15517,1195
ORD04119,10-03-2024,March,Manish Yadav,Pune,Furniture,Coffee Table,2,17717,3646
ORD04120,29-01-2023,January,Neha Reddy,Lucknow,Electronics,Mouse,3,3554,619
ORD04121,11-03-2025,March,Pooja Sethi,Ahmedabad,Furniture,Dining Table,4,80086,17465
ORD04122,29-02-2024,February,Priya Menon,Jaipur,Electronics,Mouse,1,703,104
ORD04123,22-06-2022,June,Amit Verma,Nagpur,Electronics,Speaker,6,13271,1114
ORD04124,25-10-2024,October,Manish Yadav,Nagpur,Electronics,Tablet,2,52952,10899
ORD04125,21-08-2023,August,Rohan Kulkarni,Hyderabad,Office Supplies,Desk Organizer,1,489,95
ORD04126,22-08-2025,August,Varun Chawla,Lucknow,Office Supplies,File Folder Set,1,130,31
ORD04127,19-11-2025,November,Ishaan Gupta,Coimbatore,Office Supplies,Printer Paper,2,654,93
ORD04128,23-02-2025,February,Sneha Bose,Mumbai,Office Supplies,Desk Organizer,3,2860,393
ORD04129,09-10-2023,October,Varun Chawla,Lucknow,Clothing,Formal Shirt,3,4659,1129
ORD04130,21-04-2023,April,Shreya Ghosh,Delhi,Furniture,Coffee Table,2,5399,817
ORD04131,17-05-2024,May,Simran Kaur,Pune,Electronics,Keyboard,5,6925,1050
ORD04132,01-10-2023,October,Pooja Sethi,Delhi,Furniture,Office Chair,2,28394,5190
ORD04133,18-09-2025,September,Rahul Joshi,Jaipur,Office Supplies,File Folder Set,4,1950,376
ORD04134,06-09-2024,September,Neha Reddy,Kochi,Home & Kitchen,Storage Container Set,5,8031,514
ORD04135,02-11-2022,November,Diya Singh,Ahmedabad,Furniture,Coffee Table,4,24938,2537
ORD04136,16-12-2023,December,Kabir Jain,Mumbai,Electronics,Keyboard,1,1056,100
ORD04137,10-11-2025,November,Tanvi Kulkarni,Ahmedabad,Home & Kitchen,Air Fryer,1,11675,3133
ORD04138,17-12-2025,December,Vikram Rao,Bengaluru,Home & Kitchen,Air Fryer,1,13040,1736
ORD04139,17-03-2023,March,Kabir Jain,Coimbatore,Electronics,Mouse,1,2042,465
ORD04140,18-02-2022,February,Sneha Bose,Lucknow,Furniture,Coffee Table,1,8437,649
ORD04141,09-11-2022,November,Arjun Mehta,Surat,Furniture,Desk,4,80410,20284
ORD04142,14-08-2023,August,Sana Khan,Surat,Office Supplies,Notebook Set,2,885,164
ORD04143,08-10-2024,October,Manish Yadav,Surat,Home & Kitchen,Cookware Set,6,30129,5562
ORD04144,24-10-2024,October,Pooja Sethi,Kochi,Clothing,Formal Shirt,2,5771,747
ORD04145,20-07-2025,July,Tanvi Kulkarni,Kolkata,Furniture,Office Chair,1,14348,2309
ORD04146,27-03-2023,March,Kavya Nair,Indore,Electronics,Mouse,2,3789,398
ORD04147,10-09-2022,September,Diya Singh,Lucknow,Home & Kitchen,Storage Container Set,3,2561,449
ORD04148,13-05-2024,May,Priya Menon,Lucknow,Electronics,Speaker,1,2514,613
ORD04149,07-06-2022,June,Rohan Kulkarni,Jaipur,Home & Kitchen,Mixer Grinder,2,15802,2469
ORD04150,01-04-2025,April,Meera Shah,Jaipur,Office Supplies,Stapler,2,752,196
ORD04151,14-09-2024,September,Devika Pillai,Delhi,Home & Kitchen,Cookware Set,2,5089,815
ORD04152,16-11-2022,November,Rahul Joshi,Pune,Electronics,Mouse,1,379,48
ORD04153,21-05-2025,May,Nikhil Bansal,Kolkata,Electronics,Monitor,1,9502,960
ORD04154,10-07-2022,July,Riya Kapoor,Mumbai,Furniture,Dining Table,2,42913,6087
ORD04155,22-09-2022,September,Devika Pillai,Lucknow,Furniture,Coffee Table,1,9046,2380
ORD04156,18-07-2022,July,Ananya Iyer,Pune,Furniture,Desk,1,21788,2243
ORD04157,29-10-2024,October,Aditi Patel,Hyderabad,Furniture,Office Chair,3,41267,9853
ORD04158,22-02-2025,February,Sneha Bose,Coimbatore,Office Supplies,Notebook Set,2,1075,283
ORD04159,26-12-2024,December,Priya Menon,Kolkata,Electronics,Speaker,1,2572,441
ORD04160,19-08-2024,August,Kabir Jain,Hyderabad,Home & Kitchen,Water Bottle,2,660,127
ORD04161,11-03-2022,March,Ira Mukherjee,Bengaluru,Electronics,Smartphone,1,33970,3465
ORD04162,27-04-2023,April,Pooja Sethi,Ahmedabad,Electronics,Keyboard,3,6937,1023
ORD04163,22-12-2024,December,Pooja Sethi,Lucknow,Office Supplies,Desk Organizer,3,2915,542
ORD04164,12-09-2023,September,Aarav Sharma,Coimbatore,Furniture,Bookshelf,1,7675,508
ORD04165,15-02-2023,February,Vikram Rao,Jaipur,Furniture,Coffee Table,3,30622,4217
ORD04166,05-11-2022,November,Kabir Jain,Pune,Electronics,Headphones,1,2081,397
ORD04167,30-05-2022,May,Manish Yadav,Lucknow,Clothing,T-Shirt,1,830,155
ORD04168,07-10-2022,October,Vikram Rao,Lucknow,Furniture,Coffee Table,5,52530,11408
ORD04169,25-09-2022,September,Aditi Patel,Coimbatore,Electronics,Headphones,1,7940,1032
ORD04170,04-05-2024,May,Devika Pillai,Kolkata,Clothing,Sneakers,1,2919,322
ORD04171,21-06-2023,June,Kabir Jain,Lucknow,Furniture,Office Chair,1,14235,3351
ORD04172,19-04-2022,April,Kabir Jain,Chennai,Clothing,Jeans,1,824,149
ORD04173,29-01-2022,January,Ishaan Gupta,Mumbai,Furniture,Desk,2,24017,1629
ORD04174,23-12-2023,December,Rohan Kulkarni,Coimbatore,Home & Kitchen,Table Lamp,3,4670,653
ORD04175,04-10-2024,October,Meera Shah,Kochi,Home & Kitchen,Mixer Grinder,2,21255,4670
ORD04176,22-09-2022,September,Aditya Desai,Pune,Office Supplies,Printer Paper,1,615,90
ORD04177,06-08-2023,August,Diya Singh,Mumbai,Home & Kitchen,Mixer Grinder,3,34495,6534
ORD04178,25-09-2022,September,Shreya Ghosh,Kochi,Electronics,Laptop,2,94121,18238
ORD04179,26-06-2025,June,Aditya Desai,Mumbai,Furniture,Dining Table,2,52756,13665
ORD04180,23-02-2025,February,Neha Reddy,Pune,Office Supplies,Desk Organizer,1,656,140
ORD04181,01-10-2022,October,Diya Singh,Nagpur,Electronics,Laptop,2,172098,40370
ORD04182,04-01-2024,January,Sana Khan,Bengaluru,Electronics,Mouse,3,3567,631
ORD04183,14-04-2023,April,Rohan Kulkarni,Bengaluru,Clothing,T-Shirt,1,563,125
ORD04184,09-05-2023,May,Arjun Mehta,Jaipur,Furniture,Dining Table,1,10513,2001
ORD04185,30-10-2022,October,Priya Menon,Indore,Electronics,Tablet,4,114244,16175
ORD04186,07-11-2022,November,Priya Menon,Hyderabad,Furniture,Desk,1,12883,3049
ORD04187,27-01-2023,January,Kabir Jain,Jaipur,Home & Kitchen,Storage Container Set,1,1478,285
ORD04188,31-03-2025,March,Simran Kaur,Lucknow,Electronics,Keyboard,2,1520,412
ORD04189,01-07-2023,July,Kabir Jain,Lucknow,Electronics,Smartphone,1,60759,11418
ORD04190,14-05-2025,May,Karan Malhotra,Indore,Furniture,Coffee Table,1,8069,1324
ORD04191,15-07-2025,July,Karan Malhotra,Jaipur,Office Supplies,Printer Paper,1,612,93
ORD04192,14-09-2024,September,Sneha Bose,Surat,Electronics,Smartphone,3,157580,30480
ORD04193,31-08-2025,August,Neha Reddy,Bengaluru,Electronics,Mouse,2,4078,337
ORD04194,31-05-2024,May,Diya Singh,Surat,Furniture,Coffee Table,1,3234,574
ORD04195,07-02-2023,February,Tanvi Kulkarni,Bengaluru,Clothing,Backpack,1,886,206
ORD04196,03-06-2024,June,Rohan Kulkarni,Nagpur,Office Supplies,File Folder Set,1,178,25
ORD04197,10-10-2024,October,Vikram Rao,Bengaluru,Home & Kitchen,Air Fryer,1,4918,641
ORD04198,18-01-2025,January,Tanvi Kulkarni,Ahmedabad,Furniture,Sofa,2,116849,19001
ORD04199,09-09-2025,September,Karan Malhotra,Jaipur,Home & Kitchen,Storage Container Set,2,1645,308
ORD04200,18-07-2025,July,Aditya Desai,Surat,Electronics,Mouse,1,1183,99
ORD04201,26-01-2022,January,Zoya Das,Ahmedabad,Clothing,T-Shirt,1,1135,110
ORD04202,02-03-2022,March,Manish Yadav,Jaipur,Furniture,Dining Table,3,82707,6076
ORD04203,23-11-2022,November,Zoya Das,Indore,Office Supplies,Stapler,2,388,94
ORD04204,24-11-2022,November,Amit Verma,Hyderabad,Home & Kitchen,Table Lamp,1,2248,142
ORD04205,15-04-2025,April,Rahul Joshi,Mumbai,Electronics,Keyboard,5,9900,1054
ORD04206,26-06-2022,June,Rohan Kulkarni,Indore,Office Supplies,Stapler,2,799,111
ORD04207,01-12-2023,December,Varun Chawla,Mumbai,Clothing,Backpack,3,3588,799
ORD04208,14-02-2024,February,Aarav Sharma,Kolkata,Clothing,Backpack,5,12781,855
ORD04209,25-08-2025,August,Pooja Sethi,Bengaluru,Clothing,Sneakers,2,6341,1672
ORD04210,20-01-2022,January,Aditya Desai,Nagpur,Electronics,Smartphone,3,73399,13125
ORD04211,10-04-2025,April,Diya Singh,Surat,Furniture,Dining Table,1,33993,7415
ORD04212,30-12-2024,December,Ira Mukherjee,Surat,Office Supplies,Stapler,2,234,32
ORD04213,21-03-2022,March,Priya Menon,Nagpur,Furniture,Office Chair,1,10542,2314
ORD04214,29-08-2024,August,Ira Mukherjee,Surat,Furniture,Bookshelf,1,5254,1063
ORD04215,04-12-2023,December,Meera Shah,Indore,Home & Kitchen,Water Bottle,1,240,21
ORD04216,12-05-2024,May,Devika Pillai,Chennai,Clothing,Formal Shirt,1,2274,433
ORD04217,03-09-2022,September,Devika Pillai,Nagpur,Furniture,Office Chair,4,31240,8053
ORD04218,06-05-2023,May,Amit Verma,Indore,Office Supplies,Stapler,2,677,164
ORD04219,16-03-2023,March,Shreya Ghosh,Kolkata,Electronics,Laptop,3,191103,51159
ORD04220,07-05-2022,May,Priya Menon,Chennai,Office Supplies,Pen Pack,2,560,155
ORD04221,18-12-2022,December,Rahul Joshi,Nagpur,Electronics,Headphones,2,14655,3111
ORD04222,14-12-2022,December,Pooja Sethi,Surat,Clothing,Formal Shirt,2,2929,402
ORD04223,17-07-2024,July,Arjun Mehta,Chennai,Office Supplies,Printer Paper,1,352,28
ORD04224,05-09-2025,September,Ananya Iyer,Surat,Clothing,Backpack,3,3473,301
ORD04225,14-02-2024,February,Aarav Sharma,Mumbai,Electronics,Smartphone,3,81552,19598
ORD04226,21-04-2024,April,Shreya Ghosh,Chennai,Office Supplies,File Folder Set,2,458,36
ORD04227,02-04-2025,April,Meera Shah,Lucknow,Home & Kitchen,Air Fryer,1,14600,2766
ORD04228,28-08-2022,August,Priya Menon,Bengaluru,Electronics,Monitor,1,13223,3264
ORD04229,22-11-2023,November,Vikram Rao,Nagpur,Clothing,T-Shirt,1,508,60
ORD04230,01-08-2024,August,Sneha Bose,Coimbatore,Electronics,Laptop,3,263997,72182
ORD04231,21-02-2023,February,Tanvi Kulkarni,Surat,Furniture,Desk,1,18915,2074
ORD04232,19-02-2024,February,Rohan Kulkarni,Kochi,Clothing,T-Shirt,3,767,100
ORD04233,24-09-2024,September,Pooja Sethi,Chennai,Clothing,Jeans,1,1608,401
ORD04234,21-03-2022,March,Shreya Ghosh,Nagpur,Clothing,Formal Shirt,1,2154,369
ORD04235,17-05-2025,May,Varun Chawla,Chennai,Electronics,Monitor,2,20306,3680
ORD04236,30-07-2025,July,Sana Khan,Hyderabad,Office Supplies,Pen Pack,1,145,12
ORD04237,10-12-2023,December,Aditi Patel,Hyderabad,Electronics,Smartphone,1,60963,16911
ORD04238,11-08-2025,August,Aarav Sharma,Surat,Electronics,Tablet,3,83624,20964
ORD04239,17-11-2022,November,Ishaan Gupta,Kochi,Office Supplies,Desk Organizer,1,452,100
ORD04240,15-11-2022,November,Priya Menon,Jaipur,Home & Kitchen,Table Lamp,2,6360,1431
ORD04241,08-02-2025,February,Amit Verma,Hyderabad,Home & Kitchen,Air Fryer,4,18964,4698
ORD04242,13-07-2023,July,Varun Chawla,Kolkata,Electronics,Smartphone,3,141284,15263
ORD04243,27-01-2022,January,Vikram Rao,Mumbai,Home & Kitchen,Table Lamp,2,4419,934
ORD04244,05-03-2022,March,Varun Chawla,Lucknow,Furniture,Coffee Table,2,15251,3981
ORD04245,07-01-2022,January,Ishaan Gupta,Nagpur,Furniture,Sofa,2,115997,8711
ORD04246,29-05-2022,May,Aditi Patel,Kochi,Furniture,Desk,1,13598,2550
ORD04247,24-04-2022,April,Pooja Sethi,Coimbatore,Furniture,Desk,1,14388,1800
ORD04248,13-08-2023,August,Simran Kaur,Hyderabad,Electronics,Mouse,1,562,53
ORD04249,15-04-2023,April,Manish Yadav,Hyderabad,Home & Kitchen,Cookware Set,1,8531,1194
ORD04250,28-07-2022,July,Aditya Desai,Nagpur,Home & Kitchen,Air Fryer,3,32949,3870
ORD04251,16-12-2023,December,Vikram Rao,Indore,Office Supplies,Pen Pack,3,753,181
ORD04252,16-12-2022,December,Tanvi Kulkarni,Pune,Home & Kitchen,Cookware Set,2,4914,512
ORD04253,21-08-2024,August,Vikram Rao,Pune,Electronics,Mouse,2,831,53
ORD04254,11-07-2023,July,Sana Khan,Chennai,Furniture,Bookshelf,3,30198,7748
ORD04255,04-01-2025,January,Shreya Ghosh,Hyderabad,Furniture,Bookshelf,4,39457,2420
ORD04256,29-07-2022,July,Varun Chawla,Indore,Office Supplies,File Folder Set,1,303,20
ORD04257,23-11-2025,November,Meera Shah,Indore,Home & Kitchen,Table Lamp,2,3811,580
ORD04258,04-08-2023,August,Aarav Sharma,Nagpur,Office Supplies,Notebook Set,1,432,37
ORD04259,23-06-2024,June,Amit Verma,Coimbatore,Electronics,Speaker,1,8593,965
ORD04260,10-11-2023,November,Neha Reddy,Delhi,Office Supplies,Pen Pack,2,497,122
ORD04261,22-07-2025,July,Meera Shah,Indore,Clothing,Backpack,3,1441,296
ORD04262,12-05-2023,May,Nikhil Bansal,Jaipur,Clothing,Formal Shirt,1,2144,556
ORD04263,07-03-2024,March,Priya Menon,Nagpur,Furniture,Office Chair,2,11495,3204
ORD04264,21-07-2023,July,Pooja Sethi,Surat,Electronics,Laptop,1,88123,10894
ORD04265,20-10-2024,October,Zoya Das,Lucknow,Home & Kitchen,Mixer Grinder,1,4711,860
ORD04266,12-04-2024,April,Vikram Rao,Mumbai,Clothing,Backpack,1,1070,161
ORD04267,21-09-2022,September,Varun Chawla,Ahmedabad,Electronics,Tablet,2,33166,7379
ORD04268,11-06-2024,June,Priya Menon,Chennai,Office Supplies,Desk Organizer,1,624,101
ORD04269,18-01-2022,January,Rohan Kulkarni,Lucknow,Electronics,Monitor,1,18349,3027
ORD04270,05-10-2022,October,Neha Reddy,Coimbatore,Electronics,Keyboard,1,3832,919
ORD04271,26-11-2022,November,Zoya Das,Kolkata,Clothing,Jeans,4,7432,1752
ORD04272,22-04-2024,April,Sana Khan,Kolkata,Clothing,Jacket,1,5748,678
ORD04273,26-05-2022,May,Amit Verma,Pune,Furniture,Sofa,5,271750,66685
ORD04274,01-07-2025,July,Aditi Patel,Kochi,Electronics,Mouse,2,956,174
ORD04275,23-01-2024,January,Arjun Mehta,Surat,Electronics,Keyboard,3,7734,1914
ORD04276,19-02-2025,February,Arjun Mehta,Nagpur,Clothing,Jacket,1,3365,848
ORD04277,03-08-2023,August,Pooja Sethi,Ahmedabad,Office Supplies,Desk Organizer,1,332,80
ORD04278,16-01-2022,January,Aditi Patel,Surat,Electronics,Laptop,1,85860,9906
ORD04279,22-02-2025,February,Sana Khan,Delhi,Home & Kitchen,Air Fryer,2,27194,6281
ORD04280,27-07-2024,July,Kabir Jain,Delhi,Office Supplies,Printer Paper,1,699,143
ORD04281,11-10-2025,October,Ishaan Gupta,Nagpur,Electronics,Mouse,2,3153,602
ORD04282,16-08-2023,August,Shreya Ghosh,Indore,Office Supplies,Stapler,1,486,58
ORD04283,06-05-2025,May,Rohan Kulkarni,Jaipur,Clothing,Sneakers,1,4959,883
ORD04284,19-11-2023,November,Ira Mukherjee,Ahmedabad,Electronics,Mouse,2,1865,355
ORD04285,24-03-2022,March,Devika Pillai,Lucknow,Clothing,Jeans,1,1854,421
ORD04286,06-04-2023,April,Zoya Das,Bengaluru,Clothing,Jeans,3,9041,967
ORD04287,10-09-2023,September,Varun Chawla,Ahmedabad,Home & Kitchen,Table Lamp,1,1394,164
ORD04288,27-02-2023,February,Karan Malhotra,Jaipur,Furniture,Sofa,1,33841,7447
ORD04289,27-04-2022,April,Riya Kapoor,Coimbatore,Furniture,Office Chair,1,6282,909
ORD04290,14-06-2022,June,Diya Singh,Indore,Electronics,Tablet,3,45836,11312
ORD04291,19-05-2024,May,Nikhil Bansal,Delhi,Electronics,Laptop,3,189585,48200
ORD04292,03-09-2022,September,Aditya Desai,Coimbatore,Clothing,Jeans,2,6376,1540
ORD04293,11-01-2025,January,Vikram Rao,Jaipur,Office Supplies,Printer Paper,1,817,175
ORD04294,17-03-2024,March,Pooja Sethi,Hyderabad,Office Supplies,Notebook Set,1,602,51
ORD04295,18-11-2025,November,Devika Pillai,Indore,Furniture,Dining Table,1,25166,5277
ORD04296,17-03-2023,March,Aditi Patel,Indore,Electronics,Smartphone,2,49540,4189
ORD04297,03-09-2022,September,Manish Yadav,Surat,Furniture,Desk,1,9243,1081
ORD04298,23-06-2024,June,Tanvi Kulkarni,Delhi,Furniture,Bookshelf,2,7445,1813
ORD04299,25-11-2022,November,Ishaan Gupta,Bengaluru,Office Supplies,File Folder Set,2,1249,216
ORD04300,16-11-2023,November,Devika Pillai,Delhi,Clothing,Jacket,1,4545,588
ORD04301,26-08-2024,August,Tanvi Kulkarni,Pune,Electronics,Smartphone,1,16003,4081
ORD04302,28-03-2023,March,Kavya Nair,Pune,Office Supplies,File Folder Set,2,1308,167
ORD04303,15-01-2025,January,Zoya Das,Jaipur,Furniture,Office Chair,3,20391,2484
ORD04304,09-10-2023,October,Ishaan Gupta,Delhi,Home & Kitchen,Table Lamp,1,810,103
ORD04305,21-12-2022,December,Sana Khan,Surat,Home & Kitchen,Storage Container Set,2,2181,470
ORD04306,02-03-2022,March,Meera Shah,Kolkata,Electronics,Monitor,2,47492,11728
ORD04307,19-11-2025,November,Diya Singh,Ahmedabad,Office Supplies,Desk Organizer,3,2764,513
ORD04308,16-10-2022,October,Priya Menon,Hyderabad,Clothing,Jacket,2,6045,1113
ORD04309,02-12-2022,December,Tanvi Kulkarni,Mumbai,Furniture,Desk,3,20088,3701
ORD04310,30-08-2025,August,Ira Mukherjee,Delhi,Home & Kitchen,Air Fryer,2,10389,2081
ORD04311,22-04-2023,April,Simran Kaur,Kochi,Electronics,Tablet,1,25453,2703
ORD04312,13-09-2023,September,Shreya Ghosh,Pune,Electronics,Laptop,3,217288,31360
ORD04313,20-03-2024,March,Meera Shah,Hyderabad,Electronics,Monitor,4,88492,15565
ORD04314,07-02-2022,February,Rahul Joshi,Bengaluru,Clothing,Formal Shirt,6,10399,2684
ORD04315,17-10-2023,October,Karan Malhotra,Kochi,Office Supplies,Pen Pack,2,252,66
ORD04316,09-12-2024,December,Nikhil Bansal,Pune,Electronics,Mouse,3,3291,665
ORD04317,05-04-2025,April,Riya Kapoor,Delhi,Furniture,Office Chair,1,7890,1536
ORD04318,17-12-2022,December,Sana Khan,Kochi,Electronics,Mouse,2,3772,1040
ORD04319,25-11-2022,November,Amit Verma,Nagpur,Electronics,Tablet,2,42959,6891
ORD04320,16-02-2025,February,Shreya Ghosh,Pune,Clothing,Jacket,2,10575,2657
ORD04321,25-09-2023,September,Ishaan Gupta,Pune,Home & Kitchen,Air Fryer,1,7542,822
ORD04322,27-03-2023,March,Pooja Sethi,Jaipur,Clothing,Jeans,1,3032,421
ORD04323,02-03-2024,March,Arjun Mehta,Indore,Office Supplies,Pen Pack,1,172,39
ORD04324,01-10-2025,October,Aarav Sharma,Nagpur,Office Supplies,Pen Pack,1,120,29
ORD04325,29-08-2025,August,Tanvi Kulkarni,Nagpur,Electronics,Headphones,1,3250,260
ORD04326,20-05-2025,May,Varun Chawla,Nagpur,Electronics,Mouse,1,329,78
ORD04327,08-12-2022,December,Zoya Das,Nagpur,Furniture,Desk,2,39067,6437
ORD04328,22-08-2024,August,Ira Mukherjee,Surat,Electronics,Smartphone,1,43924,7786
ORD04329,01-10-2023,October,Ishaan Gupta,Kolkata,Electronics,Smartphone,1,51192,7452
ORD04330,24-08-2024,August,Simran Kaur,Hyderabad,Furniture,Desk,1,5944,358
ORD04331,13-11-2024,November,Ishaan Gupta,Kochi,Electronics,Speaker,2,15510,3713
ORD04332,27-03-2022,March,Nikhil Bansal,Ahmedabad,Home & Kitchen,Table Lamp,2,3312,347
ORD04333,25-01-2022,January,Sneha Bose,Pune,Electronics,Keyboard,2,2783,755
ORD04334,10-06-2022,June,Zoya Das,Jaipur,Home & Kitchen,Air Fryer,2,9968,1569
ORD04335,05-10-2024,October,Neha Reddy,Lucknow,Furniture,Office Chair,1,12888,797
ORD04336,15-11-2023,November,Zoya Das,Kolkata,Furniture,Office Chair,1,9011,1722
ORD04337,28-04-2024,April,Ishaan Gupta,Pune,Clothing,Sneakers,2,10065,1735
ORD04338,06-07-2023,July,Kavya Nair,Surat,Furniture,Office Chair,3,32351,8159
ORD04339,08-12-2025,December,Arjun Mehta,Nagpur,Furniture,Coffee Table,3,12587,2778
ORD04340,23-02-2023,February,Aditya Desai,Coimbatore,Office Supplies,Desk Organizer,2,2218,138
ORD04341,29-07-2022,July,Amit Verma,Delhi,Electronics,Mouse,2,621,66
ORD04342,13-08-2025,August,Arjun Mehta,Indore,Electronics,Tablet,5,135957,22356
ORD04343,20-03-2024,March,Amit Verma,Kochi,Home & Kitchen,Water Bottle,1,358,35
ORD04344,17-01-2024,January,Diya Singh,Chennai,Office Supplies,Stapler,1,301,45
ORD04345,28-09-2025,September,Sneha Bose,Pune,Home & Kitchen,Mixer Grinder,3,30319,5376
ORD04346,10-09-2022,September,Pooja Sethi,Delhi,Furniture,Desk,1,7302,1349
ORD04347,30-01-2024,January,Rohan Kulkarni,Ahmedabad,Office Supplies,File Folder Set,3,989,210
ORD04348,05-02-2022,February,Varun Chawla,Kolkata,Electronics,Keyboard,1,3906,1077
ORD04349,15-10-2024,October,Rohan Kulkarni,Coimbatore,Office Supplies,File Folder Set,4,2272,237
ORD04350,25-05-2025,May,Ananya Iyer,Kochi,Furniture,Desk,1,15094,1628
ORD04351,14-09-2022,September,Amit Verma,Pune,Electronics,Speaker,3,24888,6326
ORD04352,27-08-2024,August,Diya Singh,Nagpur,Office Supplies,Pen Pack,1,286,32
ORD04353,19-06-2022,June,Neha Reddy,Indore,Home & Kitchen,Table Lamp,2,1198,242
ORD04354,23-03-2022,March,Nikhil Bansal,Surat,Furniture,Sofa,1,23493,6550
ORD04355,02-09-2025,September,Priya Menon,Hyderabad,Electronics,Tablet,1,36773,4991
ORD04356,25-05-2022,May,Pooja Sethi,Bengaluru,Office Supplies,Desk Organizer,1,548,126
ORD04357,26-11-2024,November,Neha Reddy,Ahmedabad,Furniture,Dining Table,3,77870,18999
ORD04358,04-05-2023,May,Kavya Nair,Delhi,Clothing,Sneakers,4,15882,3382
ORD04359,13-12-2022,December,Ishaan Gupta,Coimbatore,Electronics,Headphones,1,4328,1195
ORD04360,03-07-2023,July,Sana Khan,Mumbai,Clothing,Backpack,2,1906,219
ORD04361,07-06-2025,June,Rahul Joshi,Bengaluru,Home & Kitchen,Cookware Set,1,8986,2107
ORD04362,18-06-2022,June,Tanvi Kulkarni,Ahmedabad,Electronics,Mouse,3,5914,951
ORD04363,01-07-2022,July,Pooja Sethi,Jaipur,Furniture,Coffee Table,1,3072,538
ORD04364,03-04-2023,April,Rahul Joshi,Mumbai,Clothing,T-Shirt,2,1307,176
ORD04365,30-06-2025,June,Riya Kapoor,Coimbatore,Electronics,Speaker,1,5943,1100
ORD04366,11-09-2024,September,Rohan Kulkarni,Lucknow,Clothing,Formal Shirt,2,3983,866
ORD04367,09-06-2023,June,Diya Singh,Delhi,Office Supplies,Printer Paper,2,1659,154
ORD04368,10-11-2022,November,Shreya Ghosh,Jaipur,Electronics,Speaker,1,5920,1277
ORD04369,14-05-2023,May,Meera Shah,Kochi,Clothing,Jeans,1,2507,232
ORD04370,12-12-2022,December,Ananya Iyer,Indore,Clothing,Backpack,2,5494,1044
ORD04371,26-07-2025,July,Rohan Kulkarni,Bengaluru,Furniture,Office Chair,3,18327,1936
ORD04372,06-07-2023,July,Meera Shah,Surat,Home & Kitchen,Cookware Set,2,11594,1205
ORD04373,09-09-2025,September,Vikram Rao,Lucknow,Office Supplies,File Folder Set,1,550,115
ORD04374,24-08-2025,August,Rahul Joshi,Mumbai,Furniture,Desk,3,44973,9987
ORD04375,11-10-2023,October,Varun Chawla,Indore,Electronics,Keyboard,1,3707,671
ORD04376,30-08-2024,August,Arjun Mehta,Indore,Home & Kitchen,Water Bottle,1,657,85
ORD04377,06-03-2023,March,Ananya Iyer,Pune,Clothing,Formal Shirt,2,4376,886
ORD04378,05-10-2023,October,Kabir Jain,Nagpur,Electronics,Smartphone,1,23247,6382
ORD04379,09-04-2024,April,Karan Malhotra,Hyderabad,Home & Kitchen,Table Lamp,1,2610,673
ORD04380,31-01-2025,January,Priya Menon,Coimbatore,Office Supplies,Pen Pack,4,1142,99
ORD04381,23-10-2024,October,Ishaan Gupta,Chennai,Electronics,Smartphone,2,54758,7741
ORD04382,29-06-2023,June,Kavya Nair,Lucknow,Electronics,Mouse,6,2707,568
ORD04383,05-02-2024,February,Ananya Iyer,Mumbai,Home & Kitchen,Cookware Set,5,21201,3424
ORD04384,30-12-2023,December,Simran Kaur,Lucknow,Home & Kitchen,Mixer Grinder,2,15300,2686
ORD04385,20-07-2022,July,Diya Singh,Hyderabad,Electronics,Mouse,1,821,228
ORD04386,25-08-2024,August,Ishaan Gupta,Pune,Electronics,Smartphone,1,60174,6272
ORD04387,05-02-2025,February,Zoya Das,Delhi,Clothing,Backpack,2,1734,416
ORD04388,21-07-2024,July,Sana Khan,Ahmedabad,Electronics,Tablet,2,66665,4700
ORD04389,17-06-2025,June,Priya Menon,Chennai,Clothing,Formal Shirt,1,2844,391
ORD04390,29-03-2025,March,Riya Kapoor,Nagpur,Electronics,Mouse,3,1088,282
ORD04391,17-08-2024,August,Aditya Desai,Kolkata,Electronics,Keyboard,1,1522,299
ORD04392,24-08-2023,August,Kabir Jain,Coimbatore,Clothing,Formal Shirt,1,1594,431
ORD04393,25-11-2025,November,Neha Reddy,Pune,Home & Kitchen,Cookware Set,1,4388,753
ORD04394,05-03-2023,March,Varun Chawla,Lucknow,Furniture,Desk,2,37594,4911
ORD04395,06-01-2024,January,Amit Verma,Kochi,Office Supplies,Printer Paper,1,340,94
ORD04396,07-02-2025,February,Riya Kapoor,Kolkata,Home & Kitchen,Water Bottle,1,627,121
ORD04397,02-06-2022,June,Tanvi Kulkarni,Pune,Furniture,Office Chair,2,20342,2796
ORD04398,17-05-2025,May,Sneha Bose,Kochi,Office Supplies,File Folder Set,2,772,211
ORD04399,26-09-2025,September,Ira Mukherjee,Kolkata,Home & Kitchen,Mixer Grinder,6,58464,7423
ORD04400,21-02-2022,February,Ananya Iyer,Chennai,Clothing,Backpack,3,6027,806
ORD04401,25-01-2024,January,Priya Menon,Kochi,Electronics,Tablet,1,37046,3168
ORD04402,31-03-2024,March,Riya Kapoor,Nagpur,Office Supplies,Printer Paper,1,535,87
ORD04403,30-03-2022,March,Arjun Mehta,Surat,Clothing,Sneakers,1,4857,587
ORD04404,30-09-2023,September,Manish Yadav,Hyderabad,Furniture,Coffee Table,4,12529,3166
ORD04405,16-12-2022,December,Manish Yadav,Indore,Furniture,Bookshelf,5,55938,11555
ORD04406,28-03-2025,March,Aarav Sharma,Hyderabad,Electronics,Headphones,4,5566,865
ORD04407,03-09-2024,September,Aditi Patel,Indore,Home & Kitchen,Table Lamp,2,1321,309
ORD04408,13-12-2022,December,Riya Kapoor,Pune,Office Supplies,Notebook Set,2,971,164
ORD04409,29-01-2022,January,Ishaan Gupta,Kolkata,Electronics,Laptop,1,43137,4787
ORD04410,23-12-2025,December,Zoya Das,Lucknow,Furniture,Desk,1,19049,2119
ORD04411,09-12-2024,December,Ira Mukherjee,Hyderabad,Clothing,T-Shirt,2,620,88
ORD04412,01-04-2022,April,Aarav Sharma,Ahmedabad,Electronics,Laptop,2,134484,24719
ORD04413,22-06-2022,June,Vikram Rao,Kochi,Clothing,Backpack,1,2140,188
ORD04414,07-04-2025,April,Rohan Kulkarni,Kolkata,Clothing,Sneakers,1,1853,429
ORD04415,01-01-2025,January,Ira Mukherjee,Kolkata,Furniture,Sofa,2,94653,8233
ORD04416,16-08-2024,August,Meera Shah,Bengaluru,Furniture,Coffee Table,1,4380,569
ORD04417,31-10-2023,October,Sana Khan,Lucknow,Office Supplies,Pen Pack,2,485,88
ORD04418,22-03-2022,March,Ira Mukherjee,Surat,Electronics,Speaker,1,5140,324
ORD04419,07-03-2023,March,Priya Menon,Mumbai,Electronics,Monitor,1,16826,2839
ORD04420,08-03-2025,March,Zoya Das,Surat,Electronics,Keyboard,2,6297,749
ORD04421,10-09-2024,September,Aditi Patel,Coimbatore,Office Supplies,Notebook Set,5,3202,844
ORD04422,29-08-2024,August,Sneha Bose,Indore,Furniture,Desk,2,13992,2938
ORD04423,23-10-2025,October,Karan Malhotra,Jaipur,Home & Kitchen,Air Fryer,1,8373,1814
ORD04424,25-04-2024,April,Ananya Iyer,Coimbatore,Electronics,Tablet,3,28550,2742
ORD04425,20-03-2023,March,Devika Pillai,Kochi,Electronics,Keyboard,2,4794,776
ORD04426,20-03-2025,March,Diya Singh,Kolkata,Office Supplies,Pen Pack,1,64,10
ORD04427,06-02-2024,February,Neha Reddy,Ahmedabad,Home & Kitchen,Mixer Grinder,1,4363,1086
ORD04428,11-05-2024,May,Aarav Sharma,Delhi,Clothing,Formal Shirt,5,13320,1110
ORD04429,29-05-2024,May,Pooja Sethi,Coimbatore,Electronics,Smartphone,2,103761,12997
ORD04430,18-02-2023,February,Shreya Ghosh,Kolkata,Electronics,Smartphone,1,52532,10258
ORD04431,26-06-2023,June,Amit Verma,Lucknow,Furniture,Dining Table,2,18121,1846
ORD04432,20-02-2024,February,Kabir Jain,Chennai,Furniture,Dining Table,1,19597,3318
ORD04433,13-06-2023,June,Riya Kapoor,Kochi,Office Supplies,Printer Paper,3,986,244
ORD04434,17-10-2022,October,Riya Kapoor,Coimbatore,Office Supplies,Notebook Set,2,573,97
ORD04435,26-02-2023,February,Amit Verma,Pune,Home & Kitchen,Water Bottle,1,598,138
ORD04436,26-06-2024,June,Kavya Nair,Kolkata,Electronics,Headphones,1,6535,1217
ORD04437,12-03-2025,March,Aarav Sharma,Kochi,Office Supplies,Notebook Set,2,1046,69
ORD04438,02-06-2022,June,Pooja Sethi,Delhi,Office Supplies,Pen Pack,4,644,123
ORD04439,12-03-2024,March,Neha Reddy,Jaipur,Electronics,Tablet,1,13961,1973
ORD04440,01-08-2025,August,Neha Reddy,Lucknow,Electronics,Headphones,2,11108,2189
ORD04441,18-01-2023,January,Kabir Jain,Jaipur,Electronics,Monitor,1,8030,1296
ORD04442,15-06-2023,June,Sana Khan,Pune,Office Supplies,Stapler,4,1192,106
ORD04443,08-10-2024,October,Diya Singh,Ahmedabad,Home & Kitchen,Storage Container Set,4,5260,350
ORD04444,22-04-2025,April,Shreya Ghosh,Jaipur,Home & Kitchen,Mixer Grinder,1,7609,586
ORD04445,22-12-2023,December,Simran Kaur,Chennai,Electronics,Keyboard,1,2188,505
ORD04446,10-07-2023,July,Vikram Rao,Kolkata,Furniture,Office Chair,2,25224,4973
ORD04447,01-12-2025,December,Neha Reddy,Hyderabad,Furniture,Bookshelf,3,16344,2480
ORD04448,09-09-2023,September,Neha Reddy,Jaipur,Electronics,Monitor,3,37260,8824
ORD04449,15-02-2022,February,Sneha Bose,Hyderabad,Clothing,Jeans,1,2818,258
ORD04450,08-01-2023,January,Shreya Ghosh,Kolkata,Electronics,Monitor,3,57094,8398
ORD04451,10-02-2024,February,Manish Yadav,Bengaluru,Electronics,Mouse,1,750,97
ORD04452,10-07-2024,July,Varun Chawla,Pune,Office Supplies,File Folder Set,1,578,157
ORD04453,30-04-2023,April,Shreya Ghosh,Lucknow,Electronics,Headphones,1,1738,360
ORD04454,07-08-2023,August,Varun Chawla,Ahmedabad,Home & Kitchen,Air Fryer,3,42223,10170
ORD04455,18-06-2022,June,Rohan Kulkarni,Coimbatore,Clothing,Jeans,1,3158,302
ORD04456,04-10-2024,October,Aditya Desai,Delhi,Home & Kitchen,Storage Container Set,2,3329,504
ORD04457,09-10-2025,October,Amit Verma,Indore,Office Supplies,File Folder Set,1,437,68
ORD04458,21-04-2024,April,Aditya Desai,Nagpur,Home & Kitchen,Cookware Set,3,9407,797
ORD04459,09-07-2024,July,Karan Malhotra,Jaipur,Clothing,Formal Shirt,1,1892,308
ORD04460,06-08-2024,August,Pooja Sethi,Kochi,Furniture,Dining Table,1,17074,1525
ORD04461,23-03-2024,March,Zoya Das,Jaipur,Electronics,Keyboard,1,2481,559
ORD04462,04-02-2022,February,Manish Yadav,Indore,Clothing,T-Shirt,3,1753,298
ORD04463,29-09-2024,September,Vikram Rao,Mumbai,Electronics,Speaker,1,5417,868
ORD04464,04-12-2023,December,Ira Mukherjee,Coimbatore,Clothing,Formal Shirt,1,776,124
ORD04465,24-01-2024,January,Neha Reddy,Mumbai,Electronics,Monitor,1,9342,1880
ORD04466,07-02-2023,February,Sneha Bose,Kolkata,Furniture,Coffee Table,2,6233,573
ORD04467,28-04-2025,April,Ishaan Gupta,Bengaluru,Electronics,Keyboard,1,3671,348
ORD04468,13-08-2025,August,Tanvi Kulkarni,Nagpur,Furniture,Sofa,1,51215,3114
ORD04469,17-02-2025,February,Arjun Mehta,Mumbai,Clothing,Backpack,2,3248,405
ORD04470,02-09-2022,September,Rohan Kulkarni,Kolkata,Clothing,Jeans,2,3581,927
ORD04471,15-08-2024,August,Shreya Ghosh,Surat,Home & Kitchen,Cookware Set,3,27106,4075
ORD04472,10-02-2023,February,Amit Verma,Bengaluru,Electronics,Tablet,1,28844,5321
ORD04473,22-07-2024,July,Priya Menon,Kochi,Electronics,Mouse,1,824,175
ORD04474,18-08-2024,August,Kabir Jain,Jaipur,Electronics,Laptop,5,264145,70675
ORD04475,04-05-2022,May,Aarav Sharma,Bengaluru,Electronics,Laptop,2,126903,26531
ORD04476,23-05-2023,May,Tanvi Kulkarni,Indore,Furniture,Bookshelf,2,23334,3654
ORD04477,31-05-2024,May,Sana Khan,Hyderabad,Home & Kitchen,Table Lamp,1,1362,222
ORD04478,08-06-2023,June,Karan Malhotra,Jaipur,Electronics,Mouse,1,1522,172
ORD04479,10-09-2022,September,Arjun Mehta,Indore,Clothing,Backpack,1,1083,103
ORD04480,06-07-2022,July,Rahul Joshi,Kolkata,Office Supplies,Printer Paper,3,1063,71
ORD04481,10-12-2022,December,Sana Khan,Coimbatore,Home & Kitchen,Mixer Grinder,2,4577,928
ORD04482,19-09-2024,September,Amit Verma,Coimbatore,Furniture,Sofa,1,63233,15925
ORD04483,02-03-2025,March,Arjun Mehta,Jaipur,Clothing,Sneakers,1,3143,454
ORD04484,12-07-2024,July,Sana Khan,Delhi,Clothing,Jeans,1,2251,265
ORD04485,17-03-2023,March,Riya Kapoor,Coimbatore,Clothing,Formal Shirt,2,4749,500
ORD04486,17-07-2022,July,Meera Shah,Surat,Electronics,Monitor,1,17232,2581
ORD04487,15-08-2025,August,Aditya Desai,Delhi,Furniture,Dining Table,3,35542,4938
ORD04488,08-06-2023,June,Karan Malhotra,Jaipur,Furniture,Bookshelf,2,18691,1503
ORD04489,25-07-2024,July,Zoya Das,Bengaluru,Electronics,Speaker,1,2628,724
ORD04490,02-12-2022,December,Kabir Jain,Nagpur,Electronics,Headphones,1,3379,247
ORD04491,27-11-2022,November,Ananya Iyer,Surat,Electronics,Laptop,4,179060,42111
ORD04492,22-07-2024,July,Devika Pillai,Hyderabad,Electronics,Headphones,4,7072,1441
ORD04493,12-04-2025,April,Aditi Patel,Kolkata,Home & Kitchen,Storage Container Set,2,3195,394
ORD04494,28-08-2023,August,Arjun Mehta,Bengaluru,Electronics,Tablet,3,104026,11337
ORD04495,17-03-2022,March,Riya Kapoor,Mumbai,Office Supplies,File Folder Set,2,525,74
ORD04496,15-11-2022,November,Ira Mukherjee,Chennai,Office Supplies,Stapler,1,276,68
ORD04497,05-12-2023,December,Nikhil Bansal,Chennai,Electronics,Mouse,1,1980,497
ORD04498,29-01-2023,January,Rohan Kulkarni,Kolkata,Office Supplies,Desk Organizer,2,447,49
ORD04499,17-10-2022,October,Aarav Sharma,Indore,Electronics,Speaker,2,3349,726
ORD04500,19-06-2024,June,Ishaan Gupta,Coimbatore,Electronics,Tablet,1,9626,1141
ORD04501,15-10-2024,October,Rahul Joshi,Surat,Electronics,Monitor,1,25262,3586
ORD04502,22-07-2024,July,Pooja Sethi,Surat,Clothing,Backpack,3,5827,591
ORD04503,09-11-2023,November,Rahul Joshi,Ahmedabad,Clothing,Formal Shirt,5,14008,1027
ORD04504,26-02-2025,February,Sana Khan,Ahmedabad,Clothing,T-Shirt,5,5438,510
ORD04505,02-04-2023,April,Ananya Iyer,Chennai,Home & Kitchen,Water Bottle,1,801,165
ORD04506,06-11-2024,November,Kavya Nair,Bengaluru,Furniture,Sofa,4,241770,45632
ORD04507,03-11-2024,November,Diya Singh,Bengaluru,Electronics,Keyboard,1,3019,510
ORD04508,07-12-2022,December,Aditi Patel,Coimbatore,Electronics,Tablet,1,16644,3013
ORD04509,20-10-2025,October,Vikram Rao,Bengaluru,Office Supplies,File Folder Set,1,136,34
ORD04510,22-07-2022,July,Tanvi Kulkarni,Mumbai,Clothing,Sneakers,1,3111,299
ORD04511,05-11-2024,November,Priya Menon,Bengaluru,Electronics,Smartphone,1,59841,11012
ORD04512,09-01-2024,January,Diya Singh,Coimbatore,Electronics,Tablet,2,26387,3713
ORD04513,19-05-2022,May,Kabir Jain,Indore,Clothing,Jacket,3,19302,5084
ORD04514,08-08-2024,August,Meera Shah,Ahmedabad,Electronics,Speaker,1,3359,365
ORD04515,20-04-2024,April,Ishaan Gupta,Surat,Office Supplies,File Folder Set,2,1082,248
ORD04516,05-03-2022,March,Arjun Mehta,Lucknow,Electronics,Speaker,5,28562,4092
ORD04517,18-01-2023,January,Karan Malhotra,Mumbai,Electronics,Monitor,1,22619,1761
ORD04518,07-01-2023,January,Karan Malhotra,Indore,Clothing,Backpack,2,1260,276
ORD04519,05-07-2023,July,Sneha Bose,Ahmedabad,Clothing,T-Shirt,3,1718,176
ORD04520,19-05-2022,May,Diya Singh,Jaipur,Electronics,Mouse,1,1304,182
ORD04521,29-11-2025,November,Aditi Patel,Indore,Furniture,Coffee Table,2,21869,3338
ORD04522,22-09-2025,September,Aditi Patel,Bengaluru,Electronics,Mouse,1,805,73
ORD04523,16-12-2025,December,Pooja Sethi,Nagpur,Home & Kitchen,Cookware Set,1,2606,534
ORD04524,14-05-2022,May,Sneha Bose,Nagpur,Office Supplies,Stapler,6,576,107
ORD04525,28-09-2024,September,Devika Pillai,Pune,Clothing,Jacket,1,3083,626
ORD04526,13-06-2023,June,Amit Verma,Hyderabad,Furniture,Sofa,5,86084,16223
ORD04527,11-12-2023,December,Manish Yadav,Mumbai,Clothing,Sneakers,1,4346,771
ORD04528,22-02-2022,February,Nikhil Bansal,Nagpur,Electronics,Monitor,1,19345,1499
ORD04529,23-12-2025,December,Simran Kaur,Mumbai,Office Supplies,Notebook Set,1,397,79
ORD04530,04-08-2025,August,Rahul Joshi,Ahmedabad,Home & Kitchen,Mixer Grinder,2,15308,2227
ORD04531,28-03-2022,March,Vikram Rao,Coimbatore,Furniture,Sofa,2,92779,7973
ORD04532,31-10-2022,October,Amit Verma,Hyderabad,Home & Kitchen,Air Fryer,3,17856,3129
ORD04533,04-11-2023,November,Aditi Patel,Surat,Electronics,Smartphone,2,61622,12164
ORD04534,18-09-2023,September,Rahul Joshi,Hyderabad,Home & Kitchen,Air Fryer,2,15842,1140
ORD04535,16-10-2024,October,Aditi Patel,Bengaluru,Furniture,Dining Table,5,89668,21988
ORD04536,30-06-2024,June,Ananya Iyer,Delhi,Furniture,Sofa,4,144816,15273
ORD04537,24-10-2023,October,Manish Yadav,Delhi,Electronics,Smartphone,1,19411,2522
ORD04538,01-11-2024,November,Riya Kapoor,Ahmedabad,Home & Kitchen,Water Bottle,1,437,58
ORD04539,23-09-2025,September,Sneha Bose,Hyderabad,Home & Kitchen,Cookware Set,2,13467,3078
ORD04540,24-03-2024,March,Aditya Desai,Indore,Clothing,Formal Shirt,1,2603,382
ORD04541,23-05-2022,May,Zoya Das,Mumbai,Electronics,Speaker,4,32566,7636
ORD04542,07-08-2022,August,Nikhil Bansal,Mumbai,Home & Kitchen,Mixer Grinder,3,15868,3247
ORD04543,14-09-2024,September,Rohan Kulkarni,Mumbai,Electronics,Keyboard,1,990,272
ORD04544,21-02-2024,February,Ananya Iyer,Pune,Office Supplies,Notebook Set,2,935,254
ORD04545,21-03-2025,March,Kavya Nair,Surat,Office Supplies,File Folder Set,2,824,226
ORD04546,26-11-2022,November,Rohan Kulkarni,Mumbai,Clothing,Backpack,2,2371,486
ORD04547,26-12-2022,December,Sana Khan,Jaipur,Office Supplies,Desk Organizer,2,563,103
ORD04548,19-02-2023,February,Aarav Sharma,Mumbai,Home & Kitchen,Storage Container Set,1,1149,172
ORD04549,22-10-2022,October,Aarav Sharma,Kolkata,Office Supplies,Pen Pack,2,443,62
ORD04550,08-01-2025,January,Priya Menon,Kolkata,Electronics,Keyboard,3,5699,721
ORD04551,26-10-2025,October,Rohan Kulkarni,Lucknow,Electronics,Laptop,3,141480,35754
ORD04552,08-06-2025,June,Aditi Patel,Coimbatore,Furniture,Sofa,1,49784,6634
ORD04553,19-06-2024,June,Manish Yadav,Jaipur,Office Supplies,Stapler,4,1488,377
ORD04554,02-02-2025,February,Shreya Ghosh,Kochi,Furniture,Office Chair,3,16827,4016
ORD04555,06-01-2022,January,Aarav Sharma,Hyderabad,Electronics,Tablet,4,78181,14565
ORD04556,19-05-2023,May,Shreya Ghosh,Delhi,Furniture,Bookshelf,6,22404,1357
ORD04557,20-01-2025,January,Aditya Desai,Surat,Clothing,Backpack,3,2120,368
ORD04558,02-06-2023,June,Arjun Mehta,Mumbai,Electronics,Headphones,4,18128,3605
ORD04559,10-09-2023,September,Diya Singh,Surat,Home & Kitchen,Mixer Grinder,1,9479,2286
ORD04560,17-12-2024,December,Zoya Das,Nagpur,Clothing,Backpack,2,1179,117
ORD04561,06-08-2022,August,Riya Kapoor,Bengaluru,Electronics,Laptop,1,83869,15142
ORD04562,03-05-2025,May,Pooja Sethi,Mumbai,Electronics,Keyboard,2,7052,448
ORD04563,19-12-2024,December,Neha Reddy,Delhi,Clothing,Jeans,1,3101,819
ORD04564,11-11-2023,November,Tanvi Kulkarni,Coimbatore,Furniture,Bookshelf,6,50168,4600
ORD04565,23-08-2022,August,Riya Kapoor,Bengaluru,Electronics,Mouse,3,3369,760
ORD04566,24-11-2025,November,Sana Khan,Mumbai,Electronics,Mouse,2,3804,696
ORD04567,12-01-2024,January,Sana Khan,Kolkata,Home & Kitchen,Water Bottle,4,3774,543
ORD04568,25-05-2022,May,Zoya Das,Hyderabad,Clothing,Jacket,6,16001,1308
ORD04569,03-09-2025,September,Rahul Joshi,Lucknow,Electronics,Monitor,1,14188,3800
ORD04570,10-10-2023,October,Ishaan Gupta,Nagpur,Electronics,Laptop,5,381355,91611
ORD04571,04-09-2023,September,Meera Shah,Chennai,Home & Kitchen,Mixer Grinder,1,6510,953
ORD04572,31-08-2023,August,Diya Singh,Kolkata,Office Supplies,Stapler,1,452,45
ORD04573,03-12-2022,December,Aditya Desai,Coimbatore,Office Supplies,Stapler,1,120,9
ORD04574,09-10-2022,October,Neha Reddy,Pune,Office Supplies,Notebook Set,3,470,110
ORD04575,27-09-2024,September,Nikhil Bansal,Lucknow,Furniture,Bookshelf,3,35816,3683
ORD04576,23-12-2022,December,Zoya Das,Surat,Electronics,Speaker,2,5861,1400
ORD04577,15-04-2025,April,Meera Shah,Surat,Electronics,Headphones,3,17678,2381
ORD04578,03-07-2023,July,Neha Reddy,Bengaluru,Electronics,Headphones,1,8375,1465
ORD04579,11-04-2025,April,Aditi Patel,Kochi,Electronics,Keyboard,3,7282,655
ORD04580,04-01-2023,January,Kabir Jain,Indore,Office Supplies,Printer Paper,4,2808,730
ORD04581,30-10-2024,October,Rohan Kulkarni,Mumbai,Furniture,Desk,1,6784,1594
ORD04582,28-08-2024,August,Aditya Desai,Surat,Office Supplies,Notebook Set,2,738,161
ORD04583,06-03-2022,March,Ananya Iyer,Pune,Furniture,Coffee Table,2,20204,5373
ORD04584,30-10-2022,October,Sana Khan,Kochi,Office Supplies,Printer Paper,1,428,31
ORD04585,21-11-2025,November,Diya Singh,Mumbai,Clothing,Jacket,1,3288,821
ORD04586,09-08-2024,August,Devika Pillai,Indore,Furniture,Bookshelf,2,23359,1621
ORD04587,22-09-2024,September,Diya Singh,Delhi,Electronics,Smartphone,1,20646,5521
ORD04588,30-10-2022,October,Amit Verma,Ahmedabad,Electronics,Tablet,1,24873,5205
ORD04589,19-02-2024,February,Ananya Iyer,Surat,Clothing,Jeans,2,3897,237
ORD04590,10-03-2024,March,Ananya Iyer,Chennai,Home & Kitchen,Mixer Grinder,2,12877,1477
ORD04591,05-05-2022,May,Simran Kaur,Lucknow,Clothing,Jacket,2,12674,2118
ORD04592,31-10-2025,October,Manish Yadav,Mumbai,Office Supplies,Desk Organizer,4,4409,750
ORD04593,27-04-2025,April,Ishaan Gupta,Hyderabad,Home & Kitchen,Water Bottle,1,587,71
ORD04594,11-04-2022,April,Rahul Joshi,Kochi,Electronics,Headphones,1,2292,457
ORD04595,03-02-2022,February,Priya Menon,Jaipur,Electronics,Monitor,1,25576,3888
ORD04596,08-01-2023,January,Vikram Rao,Lucknow,Clothing,Jeans,2,6506,1504
ORD04597,04-11-2022,November,Ira Mukherjee,Kolkata,Home & Kitchen,Mixer Grinder,2,21021,3919
ORD04598,21-08-2024,August,Priya Menon,Delhi,Furniture,Sofa,2,95015,14377
ORD04599,30-06-2024,June,Devika Pillai,Nagpur,Electronics,Laptop,2,182337,42401
ORD04600,07-11-2022,November,Meera Shah,Pune,Clothing,T-Shirt,2,1600,427
ORD04601,13-07-2022,July,Shreya Ghosh,Nagpur,Electronics,Headphones,1,1094,258
ORD04602,19-01-2024,January,Ishaan Gupta,Delhi,Electronics,Mouse,1,332,71
ORD04603,30-08-2022,August,Shreya Ghosh,Kolkata,Office Supplies,File Folder Set,5,3493,411
ORD04604,17-06-2025,June,Sneha Bose,Ahmedabad,Electronics,Smartphone,2,62418,4508
ORD04605,14-07-2024,July,Pooja Sethi,Nagpur,Electronics,Keyboard,2,8934,1272
ORD04606,30-04-2022,April,Kabir Jain,Kolkata,Home & Kitchen,Air Fryer,3,32895,3014
ORD04607,22-05-2025,May,Meera Shah,Ahmedabad,Furniture,Bookshelf,1,9753,1324
ORD04608,16-06-2025,June,Riya Kapoor,Surat,Clothing,Jacket,1,1478,408
ORD04609,22-05-2025,May,Meera Shah,Mumbai,Furniture,Desk,1,18525,2931
ORD04610,21-07-2022,July,Aditi Patel,Surat,Furniture,Desk,5,71069,18419
ORD04611,22-10-2023,October,Priya Menon,Indore,Electronics,Tablet,1,22331,2007
ORD04612,14-12-2022,December,Riya Kapoor,Chennai,Furniture,Coffee Table,1,3979,623
ORD04613,25-03-2024,March,Varun Chawla,Pune,Furniture,Bookshelf,1,7351,705
ORD04614,07-12-2022,December,Aditya Desai,Bengaluru,Home & Kitchen,Water Bottle,3,1742,397
ORD04615,19-02-2025,February,Manish Yadav,Indore,Clothing,Jeans,4,6546,1149
ORD04616,25-12-2022,December,Ananya Iyer,Kochi,Office Supplies,Notebook Set,3,918,232
ORD04617,05-03-2024,March,Aditi Patel,Nagpur,Furniture,Coffee Table,4,21265,3251
ORD04618,05-04-2025,April,Diya Singh,Kochi,Furniture,Desk,4,31390,5187
ORD04619,11-04-2022,April,Meera Shah,Coimbatore,Home & Kitchen,Cookware Set,2,14571,3506
ORD04620,25-06-2025,June,Simran Kaur,Delhi,Electronics,Tablet,4,149295,20677
ORD04621,20-07-2023,July,Ishaan Gupta,Mumbai,Clothing,Backpack,2,4305,1011
ORD04622,13-02-2025,February,Manish Yadav,Delhi,Furniture,Dining Table,4,74050,6383
ORD04623,06-10-2022,October,Arjun Mehta,Nagpur,Office Supplies,Desk Organizer,1,824,207
ORD04624,25-04-2024,April,Devika Pillai,Lucknow,Clothing,Formal Shirt,1,2465,663
ORD04625,22-01-2022,January,Kabir Jain,Chennai,Office Supplies,Printer Paper,1,948,70
ORD04626,23-09-2022,September,Devika Pillai,Kochi,Home & Kitchen,Air Fryer,1,7104,521
ORD04627,20-09-2022,September,Rahul Joshi,Surat,Electronics,Smartphone,5,258312,58102
ORD04628,04-12-2025,December,Amit Verma,Pune,Electronics,Speaker,2,13879,2457
ORD04629,09-03-2025,March,Amit Verma,Chennai,Electronics,Headphones,1,5912,1325
ORD04630,08-10-2022,October,Tanvi Kulkarni,Lucknow,Electronics,Monitor,1,20041,4809
ORD04631,07-10-2024,October,Sneha Bose,Ahmedabad,Electronics,Tablet,1,15785,2592
ORD04632,16-05-2023,May,Nikhil Bansal,Coimbatore,Furniture,Dining Table,5,58654,12129
ORD04633,07-06-2024,June,Karan Malhotra,Kochi,Clothing,Formal Shirt,2,3338,875
ORD04634,08-01-2023,January,Ananya Iyer,Lucknow,Office Supplies,Desk Organizer,1,332,32
ORD04635,11-06-2025,June,Priya Menon,Pune,Clothing,Formal Shirt,2,3813,390
ORD04636,03-12-2022,December,Aarav Sharma,Surat,Electronics,Keyboard,3,2957,575
ORD04637,10-10-2024,October,Amit Verma,Nagpur,Office Supplies,File Folder Set,1,341,86
ORD04638,01-05-2022,May,Meera Shah,Lucknow,Furniture,Coffee Table,3,27552,1793
ORD04639,26-01-2022,January,Aarav Sharma,Coimbatore,Home & Kitchen,Cookware Set,2,18275,2580
ORD04640,28-04-2024,April,Tanvi Kulkarni,Hyderabad,Furniture,Coffee Table,4,19995,5394
ORD04641,12-11-2022,November,Rahul Joshi,Nagpur,Home & Kitchen,Cookware Set,3,22738,1446
ORD04642,31-07-2025,July,Shreya Ghosh,Lucknow,Clothing,T-Shirt,1,628,48
ORD04643,28-05-2022,May,Riya Kapoor,Hyderabad,Electronics,Keyboard,1,4218,774
ORD04644,16-05-2023,May,Shreya Ghosh,Lucknow,Office Supplies,Printer Paper,1,600,47
ORD04645,01-09-2025,September,Aarav Sharma,Chennai,Office Supplies,File Folder Set,1,606,142
ORD04646,03-07-2025,July,Ira Mukherjee,Mumbai,Electronics,Headphones,6,50988,5265
ORD04647,28-11-2025,November,Karan Malhotra,Jaipur,Electronics,Keyboard,6,17722,2945
ORD04648,01-03-2023,March,Nikhil Bansal,Ahmedabad,Office Supplies,File Folder Set,1,411,87
ORD04649,27-01-2023,January,Arjun Mehta,Kochi,Office Supplies,Stapler,3,286,70
ORD04650,13-10-2023,October,Tanvi Kulkarni,Hyderabad,Home & Kitchen,Air Fryer,1,8533,1644
ORD04651,25-04-2023,April,Ananya Iyer,Kolkata,Electronics,Laptop,4,366663,56505
ORD04652,30-01-2025,January,Devika Pillai,Ahmedabad,Home & Kitchen,Air Fryer,3,40405,5684
ORD04653,08-01-2024,January,Ananya Iyer,Ahmedabad,Clothing,Sneakers,1,1456,353
ORD04654,14-10-2024,October,Ishaan Gupta,Nagpur,Office Supplies,Stapler,2,218,46
ORD04655,13-01-2025,January,Nikhil Bansal,Surat,Office Supplies,Pen Pack,6,625,41
ORD04656,28-08-2025,August,Amit Verma,Delhi,Clothing,Backpack,1,2468,182
ORD04657,05-05-2025,May,Aditya Desai,Kolkata,Home & Kitchen,Storage Container Set,3,1124,271
ORD04658,28-11-2024,November,Arjun Mehta,Coimbatore,Office Supplies,Desk Organizer,3,2836,640
ORD04659,23-05-2023,May,Simran Kaur,Pune,Home & Kitchen,Table Lamp,5,7726,1302
ORD04660,17-06-2025,June,Varun Chawla,Jaipur,Electronics,Speaker,6,15961,2037
ORD04661,20-01-2022,January,Vikram Rao,Kochi,Electronics,Mouse,4,7449,1963
ORD04662,05-12-2022,December,Neha Reddy,Nagpur,Clothing,Sneakers,2,9457,933
ORD04663,26-02-2025,February,Aditya Desai,Kolkata,Clothing,Jacket,2,12114,1078
ORD04664,24-02-2025,February,Aarav Sharma,Kochi,Electronics,Headphones,4,11265,2815
ORD04665,05-08-2025,August,Neha Reddy,Delhi,Electronics,Keyboard,3,6721,1697
ORD04666,17-07-2025,July,Ira Mukherjee,Indore,Clothing,Formal Shirt,1,955,74
ORD04667,01-01-2025,January,Karan Malhotra,Indore,Home & Kitchen,Storage Container Set,2,3171,248
ORD04668,14-04-2022,April,Aditya Desai,Surat,Home & Kitchen,Table Lamp,3,6419,696
ORD04669,23-08-2024,August,Shreya Ghosh,Coimbatore,Furniture,Desk,1,20321,4610
ORD04670,09-04-2022,April,Aditya Desai,Nagpur,Electronics,Smartphone,4,144038,13968
ORD04671,21-05-2024,May,Sneha Bose,Kolkata,Office Supplies,File Folder Set,1,235,60
ORD04672,17-08-2022,August,Diya Singh,Hyderabad,Furniture,Coffee Table,1,5239,408
ORD04673,09-06-2024,June,Devika Pillai,Ahmedabad,Clothing,Sneakers,2,5906,1063
ORD04674,07-12-2024,December,Ira Mukherjee,Delhi,Clothing,Sneakers,2,9281,1323
ORD04675,13-02-2025,February,Neha Reddy,Bengaluru,Office Supplies,Printer Paper,3,1717,376
ORD04676,23-03-2022,March,Amit Verma,Mumbai,Electronics,Monitor,5,80598,9924
ORD04677,30-10-2022,October,Rohan Kulkarni,Delhi,Furniture,Sofa,1,26797,4647
ORD04678,19-12-2023,December,Pooja Sethi,Kolkata,Office Supplies,Desk Organizer,1,1152,256
ORD04679,16-03-2022,March,Zoya Das,Mumbai,Furniture,Dining Table,1,29874,5630
ORD04680,17-11-2024,November,Aarav Sharma,Jaipur,Clothing,Sneakers,2,6145,1622
ORD04681,14-06-2024,June,Pooja Sethi,Indore,Home & Kitchen,Water Bottle,1,225,63
ORD04682,25-08-2023,August,Arjun Mehta,Jaipur,Furniture,Desk,5,89374,18803
ORD04683,02-06-2025,June,Vikram Rao,Kolkata,Home & Kitchen,Cookware Set,1,5748,666
ORD04684,20-05-2023,May,Amit Verma,Bengaluru,Electronics,Mouse,1,934,173
ORD04685,17-06-2024,June,Aditi Patel,Kolkata,Clothing,Jacket,2,3216,489
ORD04686,29-03-2022,March,Sneha Bose,Mumbai,Clothing,Jacket,3,11808,2100
ORD04687,21-04-2024,April,Amit Verma,Hyderabad,Electronics,Smartphone,2,59450,12717
ORD04688,18-01-2024,January,Aditi Patel,Delhi,Electronics,Tablet,3,77890,20258
ORD04689,17-10-2025,October,Diya Singh,Ahmedabad,Clothing,Sneakers,1,3677,687
ORD04690,08-07-2022,July,Rahul Joshi,Lucknow,Clothing,Formal Shirt,2,5496,1447
ORD04691,30-01-2024,January,Aarav Sharma,Indore,Electronics,Speaker,2,10153,1891
ORD04692,13-02-2025,February,Sana Khan,Coimbatore,Electronics,Speaker,1,3529,571
ORD04693,09-10-2023,October,Kavya Nair,Chennai,Electronics,Laptop,2,103611,6703
ORD04694,28-04-2023,April,Amit Verma,Kochi,Electronics,Laptop,6,413314,27553
ORD04695,06-10-2022,October,Kavya Nair,Ahmedabad,Electronics,Headphones,3,10377,1985
ORD04696,15-03-2023,March,Nikhil Bansal,Kolkata,Office Supplies,Printer Paper,3,2811,718
ORD04697,21-07-2023,July,Meera Shah,Delhi,Home & Kitchen,Table Lamp,2,3939,981
ORD04698,08-05-2024,May,Nikhil Bansal,Chennai,Home & Kitchen,Cookware Set,1,5910,1376
ORD04699,07-02-2022,February,Ira Mukherjee,Delhi,Home & Kitchen,Table Lamp,2,5452,1125
ORD04700,14-09-2022,September,Kabir Jain,Hyderabad,Clothing,Jacket,2,6239,874
ORD04701,21-02-2024,February,Arjun Mehta,Chennai,Clothing,T-Shirt,4,1729,469
ORD04702,21-06-2022,June,Karan Malhotra,Pune,Office Supplies,Desk Organizer,1,791,90
ORD04703,23-10-2022,October,Aarav Sharma,Mumbai,Home & Kitchen,Water Bottle,3,942,136
ORD04704,13-04-2024,April,Amit Verma,Bengaluru,Office Supplies,Notebook Set,1,364,52
ORD04705,19-11-2024,November,Manish Yadav,Nagpur,Furniture,Sofa,3,76251,14400
ORD04706,29-09-2023,September,Shreya Ghosh,Indore,Clothing,Sneakers,2,3075,772
ORD04707,13-02-2024,February,Sneha Bose,Indore,Office Supplies,Desk Organizer,4,3494,630
ORD04708,25-04-2022,April,Sana Khan,Mumbai,Electronics,Headphones,1,3722,461
ORD04709,23-11-2022,November,Devika Pillai,Kolkata,Electronics,Laptop,2,136406,26008
ORD04710,11-06-2023,June,Ira Mukherjee,Ahmedabad,Clothing,Formal Shirt,1,2736,528
ORD04711,05-06-2025,June,Zoya Das,Bengaluru,Electronics,Monitor,1,10806,1180
ORD04712,20-01-2023,January,Pooja Sethi,Kolkata,Home & Kitchen,Storage Container Set,2,3439,310
ORD04713,29-04-2022,April,Sana Khan,Pune,Home & Kitchen,Table Lamp,3,8697,1054
ORD04714,13-12-2022,December,Zoya Das,Nagpur,Office Supplies,File Folder Set,2,744,124
ORD04715,28-06-2023,June,Zoya Das,Chennai,Electronics,Keyboard,4,15743,3846
ORD04716,14-05-2025,May,Diya Singh,Chennai,Electronics,Tablet,1,29391,7103
ORD04717,11-08-2024,August,Aarav Sharma,Delhi,Electronics,Monitor,1,12334,2319
ORD04718,02-01-2022,January,Sneha Bose,Chennai,Furniture,Office Chair,1,10281,1264
ORD04719,02-09-2023,September,Zoya Das,Mumbai,Electronics,Keyboard,3,8503,1080
ORD04720,12-08-2024,August,Diya Singh,Mumbai,Furniture,Sofa,4,150000,34260
ORD04721,18-02-2022,February,Aarav Sharma,Delhi,Electronics,Mouse,1,1676,107
ORD04722,17-01-2023,January,Tanvi Kulkarni,Ahmedabad,Electronics,Speaker,2,10372,1060
ORD04723,31-07-2023,July,Priya Menon,Nagpur,Electronics,Mouse,1,431,78
ORD04724,20-11-2023,November,Riya Kapoor,Mumbai,Furniture,Office Chair,4,52523,12727
ORD04725,22-11-2025,November,Vikram Rao,Surat,Electronics,Keyboard,1,2666,521
ORD04726,09-02-2025,February,Ira Mukherjee,Bengaluru,Clothing,Jeans,5,13149,2303
ORD04727,19-07-2024,July,Nikhil Bansal,Indore,Clothing,Sneakers,1,3326,637
ORD04728,17-04-2022,April,Devika Pillai,Delhi,Clothing,Sneakers,3,4537,359
ORD04729,30-06-2023,June,Neha Reddy,Coimbatore,Furniture,Desk,1,19727,4310
ORD04730,17-11-2024,November,Devika Pillai,Chennai,Furniture,Bookshelf,1,6233,745
ORD04731,28-03-2024,March,Aditi Patel,Coimbatore,Electronics,Monitor,3,48412,13469
ORD04732,23-06-2023,June,Ananya Iyer,Delhi,Clothing,Backpack,2,5384,1053
ORD04733,31-01-2025,January,Nikhil Bansal,Ahmedabad,Clothing,Jacket,1,1669,217
ORD04734,08-12-2023,December,Ishaan Gupta,Bengaluru,Electronics,Headphones,2,6337,1493
ORD04735,28-03-2024,March,Ananya Iyer,Pune,Clothing,Jacket,2,12408,1192
ORD04736,21-10-2023,October,Sana Khan,Kochi,Electronics,Laptop,2,139781,27621
ORD04737,31-08-2024,August,Tanvi Kulkarni,Jaipur,Electronics,Smartphone,1,25181,1601
ORD04738,08-07-2025,July,Ananya Iyer,Jaipur,Furniture,Sofa,1,61082,8818
ORD04739,15-10-2023,October,Rahul Joshi,Nagpur,Furniture,Coffee Table,1,6780,1159
ORD04740,18-07-2024,July,Vikram Rao,Delhi,Clothing,Formal Shirt,2,1424,395
ORD04741,10-10-2022,October,Meera Shah,Surat,Electronics,Speaker,3,10570,2361
ORD04742,20-06-2025,June,Vikram Rao,Bengaluru,Office Supplies,Stapler,1,93,20
ORD04743,23-04-2025,April,Priya Menon,Ahmedabad,Office Supplies,Printer Paper,3,2759,190
ORD04744,17-03-2023,March,Ira Mukherjee,Lucknow,Office Supplies,Printer Paper,3,2751,303
ORD04745,17-05-2022,May,Ishaan Gupta,Indore,Furniture,Dining Table,1,19383,4053
ORD04746,24-09-2023,September,Rohan Kulkarni,Kochi,Electronics,Headphones,1,4301,626
ORD04747,19-05-2024,May,Devika Pillai,Coimbatore,Electronics,Headphones,2,8450,516
ORD04748,22-10-2023,October,Pooja Sethi,Kochi,Furniture,Dining Table,2,25079,4686
ORD04749,27-01-2024,January,Rahul Joshi,Delhi,Furniture,Sofa,1,26217,1793
ORD04750,14-09-2022,September,Diya Singh,Kochi,Office Supplies,Pen Pack,1,274,45
ORD04751,02-01-2024,January,Meera Shah,Nagpur,Home & Kitchen,Cookware Set,1,3569,321
ORD04752,08-04-2024,April,Aarav Sharma,Hyderabad,Home & Kitchen,Cookware Set,2,12997,1153
ORD04753,22-12-2022,December,Pooja Sethi,Lucknow,Electronics,Speaker,5,7072,1343
ORD04754,27-08-2022,August,Nikhil Bansal,Jaipur,Office Supplies,Printer Paper,3,1164,79
ORD04755,16-08-2022,August,Simran Kaur,Kochi,Furniture,Bookshelf,3,16844,4489
ORD04756,24-05-2023,May,Manish Yadav,Bengaluru,Furniture,Sofa,1,28965,5486
ORD04757,06-06-2024,June,Ira Mukherjee,Chennai,Furniture,Dining Table,1,29480,4156
ORD04758,30-01-2025,January,Varun Chawla,Surat,Home & Kitchen,Mixer Grinder,2,7189,1872
ORD04759,26-10-2022,October,Shreya Ghosh,Mumbai,Electronics,Laptop,2,174487,28898
ORD04760,30-01-2024,January,Arjun Mehta,Bengaluru,Office Supplies,File Folder Set,1,393,110
ORD04761,21-12-2023,December,Simran Kaur,Kochi,Furniture,Dining Table,1,15851,1493
ORD04762,13-01-2025,January,Riya Kapoor,Surat,Office Supplies,Notebook Set,2,849,196
ORD04763,28-02-2024,February,Nikhil Bansal,Jaipur,Electronics,Laptop,4,366228,75537
ORD04764,06-04-2022,April,Aditya Desai,Chennai,Office Supplies,Notebook Set,6,1604,208
ORD04765,22-05-2023,May,Aditya Desai,Delhi,Office Supplies,Desk Organizer,4,2420,275
ORD04766,02-11-2022,November,Rahul Joshi,Delhi,Office Supplies,Stapler,1,356,42
ORD04767,12-07-2025,July,Kabir Jain,Delhi,Home & Kitchen,Mixer Grinder,1,7992,1188
ORD04768,14-02-2025,February,Sneha Bose,Mumbai,Office Supplies,Stapler,1,487,99
ORD04769,15-04-2023,April,Riya Kapoor,Kolkata,Furniture,Office Chair,3,23222,3480
ORD04770,09-07-2025,July,Ananya Iyer,Surat,Electronics,Speaker,3,3648,757
ORD04771,19-11-2025,November,Pooja Sethi,Jaipur,Electronics,Monitor,1,10239,1488
ORD04772,10-04-2024,April,Diya Singh,Kolkata,Clothing,Sneakers,1,3469,284
ORD04773,05-04-2022,April,Simran Kaur,Bengaluru,Home & Kitchen,Air Fryer,3,30470,8410
ORD04774,21-10-2025,October,Ishaan Gupta,Bengaluru,Home & Kitchen,Air Fryer,2,25434,2114
ORD04775,28-02-2025,February,Nikhil Bansal,Delhi,Office Supplies,Printer Paper,1,656,139
ORD04776,11-12-2023,December,Aditi Patel,Jaipur,Home & Kitchen,Water Bottle,1,546,71
ORD04777,07-07-2023,July,Nikhil Bansal,Mumbai,Electronics,Tablet,3,72920,20240
ORD04778,05-06-2022,June,Tanvi Kulkarni,Jaipur,Clothing,Sneakers,4,10821,1393
ORD04779,20-07-2023,July,Shreya Ghosh,Delhi,Electronics,Tablet,2,18337,1963
ORD04780,24-01-2024,January,Rohan Kulkarni,Surat,Office Supplies,File Folder Set,1,664,134
ORD04781,12-08-2025,August,Neha Reddy,Indore,Home & Kitchen,Air Fryer,1,6207,455
ORD04782,05-06-2025,June,Amit Verma,Surat,Electronics,Keyboard,1,3925,593
ORD04783,12-09-2025,September,Devika Pillai,Delhi,Clothing,Jacket,1,2424,424
ORD04784,07-08-2025,August,Meera Shah,Indore,Home & Kitchen,Table Lamp,2,4631,1072
ORD04785,29-11-2025,November,Rahul Joshi,Lucknow,Clothing,Formal Shirt,3,6943,1234
ORD04786,13-06-2025,June,Diya Singh,Surat,Electronics,Keyboard,1,2214,143
ORD04787,19-10-2022,October,Simran Kaur,Hyderabad,Furniture,Bookshelf,2,15433,2029
ORD04788,17-03-2022,March,Simran Kaur,Ahmedabad,Home & Kitchen,Table Lamp,1,852,157
ORD04789,27-01-2022,January,Rohan Kulkarni,Chennai,Electronics,Tablet,1,10569,1099
ORD04790,27-05-2022,May,Pooja Sethi,Chennai,Electronics,Tablet,4,84629,13881
ORD04791,20-03-2025,March,Priya Menon,Pune,Electronics,Smartphone,1,29526,6412
ORD04792,07-09-2025,September,Priya Menon,Lucknow,Clothing,Sneakers,4,15971,2138
ORD04793,19-06-2023,June,Pooja Sethi,Delhi,Office Supplies,Stapler,1,213,13
ORD04794,30-03-2024,March,Priya Menon,Surat,Home & Kitchen,Water Bottle,3,2355,298
ORD04795,28-06-2024,June,Zoya Das,Mumbai,Office Supplies,Stapler,1,98,20
ORD04796,03-01-2025,January,Shreya Ghosh,Ahmedabad,Electronics,Headphones,2,6742,1277
ORD04797,19-08-2025,August,Aditya Desai,Ahmedabad,Electronics,Keyboard,2,4338,425
ORD04798,16-09-2024,September,Kabir Jain,Indore,Furniture,Coffee Table,1,4572,705
ORD04799,29-03-2022,March,Sneha Bose,Nagpur,Home & Kitchen,Air Fryer,3,33035,7164
ORD04800,21-05-2024,May,Simran Kaur,Mumbai,Furniture,Desk,1,15711,4018
ORD04801,22-06-2024,June,Kabir Jain,Hyderabad,Home & Kitchen,Table Lamp,3,2512,696
ORD04802,13-08-2022,August,Tanvi Kulkarni,Kolkata,Home & Kitchen,Water Bottle,3,2710,422
ORD04803,11-12-2025,December,Kavya Nair,Coimbatore,Furniture,Desk,1,8760,2030
ORD04804,16-06-2023,June,Zoya Das,Kolkata,Electronics,Smartphone,3,42235,5065
ORD04805,10-01-2024,January,Devika Pillai,Bengaluru,Electronics,Headphones,3,24615,4954
ORD04806,28-10-2022,October,Karan Malhotra,Chennai,Electronics,Laptop,5,420084,48070
ORD04807,03-01-2025,January,Ira Mukherjee,Hyderabad,Furniture,Bookshelf,2,18935,1607
ORD04808,01-07-2023,July,Devika Pillai,Hyderabad,Office Supplies,Desk Organizer,5,4183,649
ORD04809,19-05-2024,May,Neha Reddy,Kochi,Furniture,Coffee Table,2,18518,2682
ORD04810,07-01-2022,January,Rohan Kulkarni,Lucknow,Office Supplies,Printer Paper,2,630,161
ORD04811,27-05-2023,May,Diya Singh,Surat,Electronics,Speaker,1,8915,743
ORD04812,07-11-2025,November,Kavya Nair,Lucknow,Clothing,Sneakers,1,3187,389
ORD04813,21-06-2022,June,Diya Singh,Hyderabad,Furniture,Sofa,1,62067,7620
ORD04814,14-01-2024,January,Riya Kapoor,Delhi,Clothing,Backpack,1,931,89
ORD04815,06-05-2024,May,Varun Chawla,Coimbatore,Electronics,Tablet,1,34139,9375
ORD04816,03-12-2022,December,Aditya Desai,Nagpur,Home & Kitchen,Table Lamp,4,8375,1821
ORD04817,28-08-2024,August,Priya Menon,Hyderabad,Electronics,Tablet,5,103010,13357
ORD04818,01-05-2023,May,Shreya Ghosh,Delhi,Furniture,Office Chair,1,9021,1832
ORD04819,17-10-2023,October,Diya Singh,Hyderabad,Home & Kitchen,Water Bottle,1,648,106
ORD04820,04-01-2023,January,Varun Chawla,Ahmedabad,Clothing,Formal Shirt,2,3963,823
ORD04821,06-10-2023,October,Kabir Jain,Chennai,Furniture,Dining Table,4,83559,11880
ORD04822,21-07-2022,July,Aarav Sharma,Hyderabad,Home & Kitchen,Mixer Grinder,2,13020,2966
ORD04823,07-11-2022,November,Diya Singh,Surat,Home & Kitchen,Water Bottle,1,616,66
ORD04824,01-12-2024,December,Aditi Patel,Kolkata,Office Supplies,Pen Pack,4,222,17
ORD04825,15-02-2024,February,Zoya Das,Coimbatore,Home & Kitchen,Mixer Grinder,6,18464,2548
ORD04826,06-03-2023,March,Manish Yadav,Kolkata,Clothing,Backpack,2,5476,455
ORD04827,08-03-2022,March,Shreya Ghosh,Pune,Electronics,Laptop,1,46806,4269
ORD04828,22-04-2023,April,Diya Singh,Coimbatore,Furniture,Dining Table,1,20502,3033
ORD04829,16-03-2024,March,Amit Verma,Surat,Clothing,T-Shirt,2,1685,205
ORD04830,08-08-2025,August,Kavya Nair,Kochi,Electronics,Headphones,2,15319,1587
ORD04831,15-01-2023,January,Rahul Joshi,Nagpur,Furniture,Desk,4,48233,11811
ORD04832,28-06-2024,June,Ira Mukherjee,Nagpur,Office Supplies,Stapler,2,581,42
ORD04833,08-05-2024,May,Shreya Ghosh,Chennai,Electronics,Mouse,4,4688,1069
ORD04834,17-02-2024,February,Aarav Sharma,Ahmedabad,Electronics,Mouse,1,1629,277
ORD04835,23-04-2025,April,Riya Kapoor,Delhi,Office Supplies,Printer Paper,1,434,34
ORD04836,16-07-2023,July,Tanvi Kulkarni,Kochi,Home & Kitchen,Water Bottle,3,1613,437
ORD04837,11-03-2023,March,Kavya Nair,Surat,Office Supplies,Printer Paper,4,3694,957
ORD04838,23-03-2023,March,Ishaan Gupta,Hyderabad,Clothing,T-Shirt,3,789,80
ORD04839,24-02-2024,February,Ishaan Gupta,Mumbai,Clothing,Jacket,2,5453,930
ORD04840,03-01-2023,January,Pooja Sethi,Ahmedabad,Electronics,Laptop,1,79467,8038
ORD04841,05-10-2022,October,Sana Khan,Nagpur,Office Supplies,File Folder Set,1,653,57
ORD04842,04-09-2023,September,Kavya Nair,Nagpur,Clothing,T-Shirt,2,1903,474
ORD04843,30-06-2022,June,Karan Malhotra,Delhi,Electronics,Tablet,2,44855,3890
ORD04844,21-02-2024,February,Aditya Desai,Kochi,Clothing,Sneakers,2,2095,424
ORD04845,26-02-2024,February,Karan Malhotra,Ahmedabad,Electronics,Monitor,3,72266,10602
ORD04846,19-03-2024,March,Rohan Kulkarni,Chennai,Office Supplies,Notebook Set,1,131,24
ORD04847,09-08-2024,August,Neha Reddy,Mumbai,Furniture,Coffee Table,1,8482,2216
ORD04848,01-10-2025,October,Vikram Rao,Mumbai,Clothing,Backpack,3,1407,348
ORD04849,28-02-2023,February,Meera Shah,Delhi,Electronics,Smartphone,1,28172,2965
ORD04850,04-10-2025,October,Simran Kaur,Indore,Electronics,Keyboard,3,8100,1018
ORD04851,14-09-2024,September,Priya Menon,Bengaluru,Electronics,Smartphone,3,167373,17985
ORD04852,09-12-2023,December,Sneha Bose,Nagpur,Electronics,Smartphone,2,111362,8033
ORD04853,30-06-2022,June,Aditi Patel,Chennai,Furniture,Office Chair,1,8835,2122
ORD04854,13-02-2022,February,Nikhil Bansal,Indore,Furniture,Desk,3,63164,5039
ORD04855,08-09-2022,September,Aditya Desai,Delhi,Home & Kitchen,Mixer Grinder,2,5477,653
ORD04856,24-09-2025,September,Ira Mukherjee,Nagpur,Electronics,Monitor,2,18871,1434
ORD04857,23-01-2023,January,Aditya Desai,Pune,Home & Kitchen,Storage Container Set,3,2757,510
ORD04858,14-06-2024,June,Aditya Desai,Nagpur,Home & Kitchen,Water Bottle,1,728,113
ORD04859,21-04-2022,April,Ishaan Gupta,Chennai,Home & Kitchen,Storage Container Set,2,3216,250
ORD04860,24-07-2024,July,Vikram Rao,Lucknow,Electronics,Smartphone,4,69550,14239
ORD04861,21-08-2022,August,Ira Mukherjee,Coimbatore,Home & Kitchen,Table Lamp,3,3177,583
ORD04862,24-01-2025,January,Meera Shah,Pune,Home & Kitchen,Storage Container Set,1,503,140
ORD04863,28-10-2023,October,Diya Singh,Ahmedabad,Office Supplies,Stapler,3,327,75
ORD04864,31-08-2024,August,Rahul Joshi,Pune,Home & Kitchen,Table Lamp,1,1224,297
ORD04865,23-08-2022,August,Aditya Desai,Pune,Electronics,Monitor,2,48833,7045
ORD04866,22-01-2025,January,Manish Yadav,Kolkata,Office Supplies,Printer Paper,3,2679,195
ORD04867,07-07-2024,July,Tanvi Kulkarni,Coimbatore,Furniture,Office Chair,1,8901,2190
ORD04868,24-09-2024,September,Priya Menon,Bengaluru,Clothing,Sneakers,3,7930,1151
ORD04869,22-04-2022,April,Rohan Kulkarni,Chennai,Clothing,Formal Shirt,2,5410,534
ORD04870,06-09-2025,September,Karan Malhotra,Jaipur,Furniture,Office Chair,1,6633,563
ORD04871,16-10-2024,October,Riya Kapoor,Indore,Electronics,Mouse,3,3729,831
ORD04872,09-03-2024,March,Amit Verma,Hyderabad,Office Supplies,Notebook Set,3,918,134
ORD04873,02-06-2022,June,Sana Khan,Pune,Electronics,Keyboard,1,3928,559
ORD04874,01-02-2023,February,Pooja Sethi,Surat,Office Supplies,Desk Organizer,1,1027,187
ORD04875,27-12-2024,December,Karan Malhotra,Kolkata,Home & Kitchen,Mixer Grinder,2,22769,4196
ORD04876,06-05-2025,May,Ira Mukherjee,Jaipur,Home & Kitchen,Table Lamp,2,3721,402
ORD04877,23-01-2022,January,Aarav Sharma,Lucknow,Home & Kitchen,Cookware Set,4,27979,4800
ORD04878,27-04-2022,April,Kavya Nair,Coimbatore,Electronics,Keyboard,1,2100,541
ORD04879,28-06-2024,June,Diya Singh,Kolkata,Furniture,Office Chair,3,16137,3797
ORD04880,20-11-2023,November,Zoya Das,Hyderabad,Home & Kitchen,Cookware Set,2,11805,1066
ORD04881,06-05-2023,May,Pooja Sethi,Jaipur,Office Supplies,Printer Paper,1,926,254
ORD04882,15-01-2025,January,Ishaan Gupta,Delhi,Clothing,Sneakers,2,6789,1598
ORD04883,04-02-2023,February,Ananya Iyer,Lucknow,Office Supplies,Notebook Set,3,1157,115
ORD04884,23-12-2022,December,Varun Chawla,Kolkata,Clothing,Jeans,3,4149,449
ORD04885,01-07-2025,July,Ananya Iyer,Pune,Clothing,Formal Shirt,1,2055,424
ORD04886,31-07-2023,July,Kabir Jain,Nagpur,Office Supplies,Stapler,3,1043,273
ORD04887,19-12-2022,December,Rahul Joshi,Kochi,Electronics,Laptop,3,158136,42038
ORD04888,07-11-2025,November,Manish Yadav,Kochi,Electronics,Tablet,2,58949,6142
ORD04889,18-03-2025,March,Pooja Sethi,Kolkata,Electronics,Laptop,2,155403,41652
ORD04890,09-10-2023,October,Kabir Jain,Hyderabad,Office Supplies,Printer Paper,1,319,38
ORD04891,31-05-2024,May,Meera Shah,Indore,Electronics,Headphones,1,6715,1201
ORD04892,13-04-2024,April,Zoya Das,Jaipur,Electronics,Keyboard,1,2741,733
ORD04893,02-04-2024,April,Simran Kaur,Mumbai,Clothing,Jacket,1,1744,416
ORD04894,14-02-2024,February,Aditi Patel,Chennai,Electronics,Headphones,3,10743,1650
ORD04895,11-04-2023,April,Sneha Bose,Kolkata,Clothing,T-Shirt,2,737,153
ORD04896,26-06-2022,June,Kavya Nair,Chennai,Home & Kitchen,Mixer Grinder,3,33035,7818
ORD04897,17-08-2024,August,Ishaan Gupta,Jaipur,Electronics,Speaker,2,13701,1365
ORD04898,11-05-2023,May,Manish Yadav,Pune,Home & Kitchen,Cookware Set,2,18579,4603
ORD04899,17-10-2025,October,Diya Singh,Delhi,Electronics,Headphones,1,7264,769
ORD04900,02-05-2023,May,Aarav Sharma,Chennai,Electronics,Mouse,1,360,60
ORD04901,10-12-2024,December,Ira Mukherjee,Surat,Clothing,Formal Shirt,1,2320,490
ORD04902,07-05-2025,May,Ira Mukherjee,Surat,Furniture,Bookshelf,2,8881,734
ORD04903,18-10-2025,October,Devika Pillai,Ahmedabad,Electronics,Speaker,2,15263,3641
ORD04904,05-04-2024,April,Tanvi Kulkarni,Chennai,Electronics,Smartphone,1,22355,3553
ORD04905,28-07-2025,July,Shreya Ghosh,Bengaluru,Electronics,Mouse,3,4458,477
ORD04906,13-02-2025,February,Aditi Patel,Lucknow,Furniture,Office Chair,5,30954,2912
ORD04907,12-12-2023,December,Priya Menon,Ahmedabad,Electronics,Headphones,2,2780,339
ORD04908,31-03-2022,March,Sneha Bose,Jaipur,Electronics,Mouse,2,2015,341
ORD04909,10-11-2022,November,Arjun Mehta,Coimbatore,Home & Kitchen,Water Bottle,3,2753,483
ORD04910,13-12-2022,December,Manish Yadav,Delhi,Furniture,Bookshelf,1,7593,857
ORD04911,03-09-2023,September,Varun Chawla,Delhi,Electronics,Monitor,2,49866,10659
ORD04912,02-12-2024,December,Aditya Desai,Kochi,Home & Kitchen,Air Fryer,3,24651,1925
ORD04913,16-08-2022,August,Ishaan Gupta,Chennai,Electronics,Mouse,1,904,132
ORD04914,07-06-2024,June,Shreya Ghosh,Hyderabad,Furniture,Sofa,1,27557,3993
ORD04915,06-10-2023,October,Priya Menon,Indore,Electronics,Keyboard,1,2178,320
ORD04916,08-12-2024,December,Vikram Rao,Surat,Clothing,Jacket,3,5726,567
ORD04917,13-08-2022,August,Rahul Joshi,Jaipur,Home & Kitchen,Table Lamp,1,1819,438
ORD04918,22-09-2024,September,Nikhil Bansal,Coimbatore,Furniture,Desk,3,45912,12200
ORD04919,05-06-2023,June,Rahul Joshi,Mumbai,Clothing,Sneakers,1,1897,193
ORD04920,27-02-2022,February,Aditya Desai,Surat,Home & Kitchen,Cookware Set,1,5464,1351
ORD04921,04-10-2024,October,Arjun Mehta,Delhi,Office Supplies,Stapler,1,546,51
ORD04922,19-03-2023,March,Karan Malhotra,Mumbai,Electronics,Tablet,1,36740,8376
ORD04923,22-08-2024,August,Varun Chawla,Kolkata,Office Supplies,Stapler,2,569,109
ORD04924,22-05-2024,May,Rohan Kulkarni,Bengaluru,Furniture,Office Chair,4,21516,2651
ORD04925,30-01-2024,January,Rahul Joshi,Pune,Office Supplies,Notebook Set,2,636,113
ORD04926,02-04-2023,April,Nikhil Bansal,Nagpur,Furniture,Desk,3,46877,11992
ORD04927,05-02-2025,February,Devika Pillai,Pune,Electronics,Speaker,2,14840,934
ORD04928,06-04-2025,April,Kabir Jain,Delhi,Electronics,Tablet,2,25434,6189
ORD04929,24-07-2025,July,Neha Reddy,Lucknow,Clothing,Backpack,1,1239,101
ORD04930,12-01-2022,January,Aarav Sharma,Kochi,Home & Kitchen,Mixer Grinder,2,15827,3538
ORD04931,10-04-2023,April,Devika Pillai,Surat,Office Supplies,Printer Paper,1,718,53
ORD04932,12-07-2022,July,Arjun Mehta,Delhi,Electronics,Laptop,3,255485,29045
ORD04933,06-10-2024,October,Kavya Nair,Nagpur,Furniture,Office Chair,1,11262,2843
ORD04934,26-07-2024,July,Rahul Joshi,Kolkata,Clothing,Jacket,1,4539,1205
ORD04935,09-06-2024,June,Nikhil Bansal,Kochi,Electronics,Headphones,3,11066,1706
ORD04936,06-11-2024,November,Pooja Sethi,Bengaluru,Furniture,Dining Table,5,90281,15675
ORD04937,22-10-2023,October,Sneha Bose,Chennai,Home & Kitchen,Mixer Grinder,1,3073,564
ORD04938,05-11-2025,November,Kavya Nair,Delhi,Clothing,Sneakers,1,2446,372
ORD04939,08-10-2022,October,Tanvi Kulkarni,Kochi,Home & Kitchen,Water Bottle,2,1649,420
ORD04940,29-06-2023,June,Manish Yadav,Bengaluru,Electronics,Mouse,1,560,98
ORD04941,11-07-2024,July,Manish Yadav,Chennai,Furniture,Office Chair,1,13191,1420
ORD04942,18-06-2024,June,Arjun Mehta,Bengaluru,Furniture,Coffee Table,3,30613,7036
ORD04943,08-09-2024,September,Devika Pillai,Chennai,Clothing,Formal Shirt,4,7375,964
ORD04944,29-04-2023,April,Devika Pillai,Jaipur,Home & Kitchen,Storage Container Set,3,1567,392
ORD04945,02-07-2024,July,Devika Pillai,Hyderabad,Electronics,Headphones,3,23389,6231
ORD04946,12-03-2025,March,Neha Reddy,Pune,Clothing,Jacket,4,6858,1357
ORD04947,17-10-2023,October,Ananya Iyer,Lucknow,Home & Kitchen,Air Fryer,6,37281,8830
ORD04948,18-01-2024,January,Riya Kapoor,Nagpur,Home & Kitchen,Air Fryer,6,50920,12252
ORD04949,29-03-2023,March,Varun Chawla,Surat,Electronics,Mouse,2,2133,150
ORD04950,09-01-2024,January,Vikram Rao,Surat,Electronics,Smartphone,1,19423,2370
ORD04951,18-08-2025,August,Vikram Rao,Chennai,Furniture,Desk,1,13899,1943
ORD04952,05-03-2025,March,Aarav Sharma,Nagpur,Home & Kitchen,Table Lamp,1,2881,767
ORD04953,10-11-2023,November,Rohan Kulkarni,Surat,Clothing,Sneakers,2,8519,937
ORD04954,04-08-2023,August,Meera Shah,Delhi,Electronics,Laptop,3,174591,20447
ORD04955,14-10-2023,October,Nikhil Bansal,Kochi,Furniture,Sofa,2,75838,14570
ORD04956,19-12-2025,December,Simran Kaur,Delhi,Furniture,Coffee Table,5,12727,3537
ORD04957,21-04-2024,April,Vikram Rao,Kochi,Home & Kitchen,Cookware Set,1,9156,1049
ORD04958,28-05-2022,May,Devika Pillai,Coimbatore,Furniture,Bookshelf,2,22759,5163
ORD04959,15-09-2023,September,Varun Chawla,Jaipur,Office Supplies,Notebook Set,2,1053,107
ORD04960,12-07-2024,July,Aditya Desai,Kochi,Electronics,Monitor,1,17934,3368
ORD04961,19-03-2022,March,Devika Pillai,Jaipur,Electronics,Monitor,3,38521,7451
ORD04962,23-06-2025,June,Sana Khan,Mumbai,Home & Kitchen,Cookware Set,6,15208,1615
ORD04963,08-10-2023,October,Shreya Ghosh,Kolkata,Office Supplies,Stapler,3,1455,243
ORD04964,07-03-2024,March,Karan Malhotra,Coimbatore,Electronics,Headphones,4,26656,5632
ORD04965,04-02-2022,February,Kavya Nair,Jaipur,Electronics,Keyboard,2,4099,994
ORD04966,28-10-2024,October,Riya Kapoor,Ahmedabad,Electronics,Speaker,1,5690,859
ORD04967,17-02-2022,February,Zoya Das,Mumbai,Home & Kitchen,Table Lamp,1,685,103
ORD04968,23-06-2024,June,Sana Khan,Delhi,Home & Kitchen,Air Fryer,2,19509,3668
ORD04969,19-06-2024,June,Riya Kapoor,Pune,Home & Kitchen,Water Bottle,2,836,61
ORD04970,12-03-2023,March,Arjun Mehta,Chennai,Office Supplies,Stapler,1,477,110
ORD04971,18-08-2024,August,Varun Chawla,Delhi,Home & Kitchen,Storage Container Set,4,2482,692
ORD04972,16-10-2025,October,Devika Pillai,Ahmedabad,Electronics,Speaker,1,6192,981
ORD04973,17-11-2024,November,Ananya Iyer,Kochi,Furniture,Dining Table,6,181746,18188
ORD04974,16-06-2023,June,Vikram Rao,Ahmedabad,Electronics,Monitor,1,16781,2109
ORD04975,03-11-2024,November,Neha Reddy,Nagpur,Electronics,Mouse,2,2518,337
ORD04976,24-05-2022,May,Karan Malhotra,Surat,Home & Kitchen,Air Fryer,1,6883,1712
ORD04977,02-06-2025,June,Kavya Nair,Lucknow,Home & Kitchen,Cookware Set,2,4657,845
ORD04978,09-12-2022,December,Meera Shah,Chennai,Office Supplies,Desk Organizer,1,264,19
ORD04979,14-04-2023,April,Vikram Rao,Pune,Home & Kitchen,Mixer Grinder,2,19786,3678
ORD04980,04-04-2022,April,Diya Singh,Hyderabad,Furniture,Coffee Table,2,14840,3160
ORD04981,28-10-2025,October,Devika Pillai,Chennai,Furniture,Sofa,2,111752,26251
ORD04982,01-11-2024,November,Zoya Das,Kochi,Clothing,Jeans,2,2361,301
ORD04983,28-09-2022,September,Zoya Das,Kolkata,Furniture,Dining Table,2,42356,8510
ORD04984,04-11-2023,November,Meera Shah,Pune,Clothing,T-Shirt,3,3286,742
ORD04985,31-05-2025,May,Aarav Sharma,Bengaluru,Electronics,Laptop,3,134075,28573
ORD04986,11-04-2022,April,Nikhil Bansal,Nagpur,Electronics,Monitor,3,71229,14295
ORD04987,03-03-2025,March,Vikram Rao,Nagpur,Home & Kitchen,Table Lamp,1,806,61
ORD04988,13-02-2022,February,Kavya Nair,Hyderabad,Office Supplies,Printer Paper,2,1140,93
ORD04989,08-08-2022,August,Vikram Rao,Hyderabad,Clothing,Sneakers,3,11003,663
ORD04990,01-12-2023,December,Vikram Rao,Ahmedabad,Clothing,Backpack,1,701,191
ORD04991,05-08-2023,August,Riya Kapoor,Kochi,Office Supplies,Pen Pack,2,333,57
ORD04992,29-08-2025,August,Meera Shah,Coimbatore,Electronics,Speaker,2,6742,1327
ORD04993,12-06-2024,June,Sneha Bose,Indore,Electronics,Headphones,2,4539,1260
ORD04994,15-07-2024,July,Varun Chawla,Bengaluru,Furniture,Sofa,2,65447,8076
ORD04995,24-01-2022,January,Ishaan Gupta,Mumbai,Home & Kitchen,Table Lamp,1,2736,672
ORD04996,25-01-2022,January,Pooja Sethi,Chennai,Electronics,Tablet,3,33666,6734
ORD04997,16-02-2023,February,Simran Kaur,Kochi,Electronics,Monitor,1,7873,1830
ORD04998,28-04-2025,April,Amit Verma,Nagpur,Furniture,Sofa,2,128791,27702
ORD04999,05-02-2022,February,Neha Reddy,Pune,Electronics,Mouse,1,672,151
ORD05000,23-12-2022,December,Riya Kapoor,Lucknow,Office Supplies,File Folder Set,2,352,86
ORD05001,01-08-2022,August,Ishaan Gupta,Coimbatore,Furniture,Sofa,3,190944,52790
ORD05002,04-06-2023,June,Kavya Nair,Indore,Home & Kitchen,Air Fryer,1,11575,2287
ORD05003,06-05-2022,May,Sana Khan,Ahmedabad,Electronics,Monitor,1,14493,1516
ORD05004,09-11-2023,November,Kabir Jain,Kochi,Electronics,Mouse,1,1163,80
ORD05005,09-03-2025,March,Meera Shah,Delhi,Clothing,Sneakers,6,7394,956
ORD05006,24-05-2024,May,Pooja Sethi,Surat,Office Supplies,Desk Organizer,2,513,106
ORD05007,23-06-2024,June,Nikhil Bansal,Surat,Clothing,Backpack,1,892,129
ORD05008,12-04-2022,April,Riya Kapoor,Pune,Furniture,Bookshelf,1,5170,1056
ORD05009,27-01-2023,January,Meera Shah,Mumbai,Office Supplies,File Folder Set,1,273,47
ORD05010,01-08-2022,August,Arjun Mehta,Delhi,Home & Kitchen,Table Lamp,2,3414,835
ORD05011,25-10-2024,October,Zoya Das,Hyderabad,Home & Kitchen,Water Bottle,2,1160,192
ORD05012,05-03-2022,March,Karan Malhotra,Kolkata,Clothing,Backpack,2,5299,1470
ORD05013,11-12-2023,December,Tanvi Kulkarni,Chennai,Electronics,Tablet,1,16637,3991
ORD05014,14-11-2024,November,Priya Menon,Pune,Office Supplies,Pen Pack,1,317,40
ORD05015,27-02-2022,February,Kabir Jain,Surat,Electronics,Laptop,3,180099,32674
ORD05016,03-07-2024,July,Karan Malhotra,Pune,Clothing,Backpack,1,2456,625
ORD05017,05-06-2025,June,Neha Reddy,Ahmedabad,Home & Kitchen,Storage Container Set,2,2348,260
ORD05018,29-11-2022,November,Devika Pillai,Nagpur,Office Supplies,Stapler,2,346,83
ORD05019,02-04-2025,April,Tanvi Kulkarni,Ahmedabad,Electronics,Tablet,5,52232,9725
ORD05020,17-05-2023,May,Sana Khan,Surat,Home & Kitchen,Water Bottle,5,3758,824
ORD05021,20-08-2025,August,Karan Malhotra,Delhi,Furniture,Dining Table,4,96974,14734
ORD05022,30-01-2025,January,Zoya Das,Kolkata,Electronics,Monitor,3,64108,9946
ORD05023,01-04-2024,April,Ira Mukherjee,Mumbai,Furniture,Coffee Table,2,20916,2825
ORD05024,16-03-2024,March,Diya Singh,Ahmedabad,Home & Kitchen,Mixer Grinder,5,25587,1561
ORD05025,07-05-2023,May,Ira Mukherjee,Indore,Office Supplies,Stapler,3,515,115
ORD05026,15-01-2023,January,Rohan Kulkarni,Bengaluru,Home & Kitchen,Water Bottle,4,3707,903
ORD05027,07-11-2024,November,Riya Kapoor,Bengaluru,Home & Kitchen,Water Bottle,2,514,131
ORD05028,18-06-2025,June,Neha Reddy,Jaipur,Office Supplies,File Folder Set,1,112,18
ORD05029,13-12-2022,December,Ira Mukherjee,Ahmedabad,Office Supplies,Notebook Set,1,127,19
ORD05030,16-09-2023,September,Riya Kapoor,Jaipur,Electronics,Speaker,3,15288,2986
ORD05031,10-12-2023,December,Rahul Joshi,Surat,Office Supplies,Notebook Set,1,403,97
ORD05032,21-10-2025,October,Rahul Joshi,Indore,Clothing,Jeans,2,6727,521
ORD05033,20-04-2023,April,Vikram Rao,Mumbai,Office Supplies,Desk Organizer,3,2360,592
ORD05034,02-10-2023,October,Varun Chawla,Jaipur,Home & Kitchen,Mixer Grinder,3,31741,7861
ORD05035,04-11-2022,November,Manish Yadav,Bengaluru,Electronics,Mouse,2,2894,511
ORD05036,05-10-2024,October,Ishaan Gupta,Bengaluru,Furniture,Coffee Table,1,9278,1258
ORD05037,08-07-2023,July,Sneha Bose,Kolkata,Furniture,Dining Table,1,32168,7856
ORD05038,12-01-2023,January,Sana Khan,Coimbatore,Home & Kitchen,Table Lamp,3,3738,918
ORD05039,04-12-2025,December,Sneha Bose,Delhi,Home & Kitchen,Storage Container Set,3,1848,179
ORD05040,24-10-2024,October,Riya Kapoor,Indore,Furniture,Sofa,6,113824,14953
ORD05041,01-02-2024,February,Zoya Das,Chennai,Electronics,Keyboard,2,1724,303
ORD05042,28-06-2024,June,Ira Mukherjee,Delhi,Clothing,Backpack,2,1287,344
ORD05043,08-04-2025,April,Aarav Sharma,Jaipur,Office Supplies,File Folder Set,3,1417,151
ORD05044,13-04-2025,April,Aarav Sharma,Nagpur,Electronics,Headphones,4,13268,2268
ORD05045,08-08-2022,August,Sneha Bose,Bengaluru,Furniture,Coffee Table,1,4509,1091
ORD05046,05-04-2023,April,Sneha Bose,Indore,Electronics,Laptop,5,459909,78332
ORD05047,02-07-2024,July,Priya Menon,Delhi,Home & Kitchen,Mixer Grinder,2,17835,3527
ORD05048,04-12-2025,December,Zoya Das,Hyderabad,Office Supplies,File Folder Set,2,1138,162
ORD05049,29-04-2023,April,Rohan Kulkarni,Ahmedabad,Clothing,Formal Shirt,4,3344,724
ORD05050,16-10-2025,October,Sana Khan,Hyderabad,Electronics,Laptop,2,90533,7312
ORD05051,13-12-2023,December,Neha Reddy,Bengaluru,Home & Kitchen,Water Bottle,5,2523,268
ORD05052,17-08-2024,August,Diya Singh,Ahmedabad,Furniture,Office Chair,2,7598,923
ORD05053,18-12-2024,December,Diya Singh,Delhi,Clothing,Jeans,1,2598,241
ORD05054,22-04-2024,April,Ananya Iyer,Nagpur,Home & Kitchen,Table Lamp,2,3752,318
ORD05055,21-03-2025,March,Aditi Patel,Chennai,Clothing,Backpack,1,2088,450
ORD05056,05-03-2024,March,Arjun Mehta,Mumbai,Furniture,Coffee Table,1,9737,2345
ORD05057,22-07-2025,July,Kabir Jain,Kolkata,Furniture,Desk,1,19022,2323
ORD05058,09-07-2023,July,Meera Shah,Chennai,Office Supplies,Stapler,1,366,63
ORD05059,16-11-2023,November,Ananya Iyer,Delhi,Electronics,Laptop,1,86917,5260
ORD05060,02-09-2024,September,Riya Kapoor,Kolkata,Electronics,Smartphone,1,38994,2884
ORD05061,19-08-2025,August,Karan Malhotra,Chennai,Furniture,Dining Table,1,18517,3950
ORD05062,29-11-2023,November,Nikhil Bansal,Delhi,Office Supplies,File Folder Set,2,783,139
ORD05063,18-01-2022,January,Rahul Joshi,Mumbai,Electronics,Tablet,1,14119,1000
ORD05064,27-04-2024,April,Vikram Rao,Coimbatore,Furniture,Desk,2,16796,1324
ORD05065,04-12-2023,December,Amit Verma,Pune,Clothing,T-Shirt,3,1651,104
ORD05066,29-08-2023,August,Riya Kapoor,Chennai,Furniture,Bookshelf,2,13427,3346
ORD05067,05-01-2025,January,Manish Yadav,Lucknow,Electronics,Laptop,2,108332,29806
ORD05068,05-10-2024,October,Varun Chawla,Coimbatore,Furniture,Office Chair,1,11401,2510
ORD05069,24-02-2024,February,Riya Kapoor,Kolkata,Office Supplies,Pen Pack,1,294,26
ORD05070,26-11-2024,November,Riya Kapoor,Kochi,Office Supplies,File Folder Set,2,983,203
ORD05071,02-01-2024,January,Vikram Rao,Pune,Electronics,Smartphone,3,187798,24747
ORD05072,11-07-2022,July,Varun Chawla,Ahmedabad,Furniture,Sofa,1,52245,8492
ORD05073,25-03-2025,March,Amit Verma,Coimbatore,Electronics,Tablet,2,56733,4887
ORD05074,09-11-2022,November,Shreya Ghosh,Indore,Home & Kitchen,Cookware Set,1,5937,1142
ORD05075,28-01-2024,January,Riya Kapoor,Lucknow,Clothing,T-Shirt,5,3047,762
ORD05076,28-03-2025,March,Simran Kaur,Hyderabad,Electronics,Mouse,5,9925,2301
ORD05077,12-12-2023,December,Rahul Joshi,Chennai,Electronics,Headphones,1,1288,205
ORD05078,07-04-2023,April,Aarav Sharma,Surat,Clothing,Formal Shirt,1,1197,148
ORD05079,07-07-2025,July,Diya Singh,Kolkata,Furniture,Dining Table,1,16524,1109
ORD05080,11-02-2023,February,Zoya Das,Surat,Home & Kitchen,Table Lamp,3,4476,576
ORD05081,16-06-2022,June,Rahul Joshi,Jaipur,Office Supplies,Desk Organizer,1,273,76
ORD05082,05-01-2025,January,Ira Mukherjee,Nagpur,Clothing,Jeans,1,801,180
ORD05083,04-01-2022,January,Ishaan Gupta,Jaipur,Electronics,Keyboard,3,7311,613
ORD05084,27-02-2024,February,Ananya Iyer,Coimbatore,Clothing,Sneakers,2,6854,474
ORD05085,25-10-2025,October,Devika Pillai,Bengaluru,Electronics,Speaker,4,10159,1059
ORD05086,07-12-2025,December,Rahul Joshi,Bengaluru,Home & Kitchen,Cookware Set,1,5536,1141
ORD05087,07-11-2024,November,Aditya Desai,Bengaluru,Electronics,Speaker,3,10854,1080
ORD05088,07-08-2024,August,Rohan Kulkarni,Coimbatore,Electronics,Tablet,2,55069,7892
ORD05089,11-09-2022,September,Aditya Desai,Kochi,Furniture,Coffee Table,1,10770,2919
ORD05090,28-09-2023,September,Sana Khan,Pune,Home & Kitchen,Air Fryer,2,23982,4026
ORD05091,11-05-2025,May,Rahul Joshi,Mumbai,Clothing,Formal Shirt,4,9365,1243
ORD05092,21-10-2022,October,Rohan Kulkarni,Lucknow,Home & Kitchen,Mixer Grinder,3,16050,2405
ORD05093,21-01-2022,January,Aditi Patel,Mumbai,Furniture,Bookshelf,1,10667,1255
ORD05094,24-10-2024,October,Diya Singh,Coimbatore,Clothing,Backpack,3,4453,1039
ORD05095,09-05-2025,May,Tanvi Kulkarni,Chennai,Electronics,Keyboard,1,3857,1046
ORD05096,12-07-2022,July,Meera Shah,Pune,Furniture,Bookshelf,2,8046,608
ORD05097,09-01-2023,January,Zoya Das,Pune,Clothing,Formal Shirt,2,3609,468
ORD05098,30-08-2022,August,Vikram Rao,Nagpur,Home & Kitchen,Mixer Grinder,2,8842,1040
ORD05099,01-07-2022,July,Manish Yadav,Hyderabad,Home & Kitchen,Storage Container Set,5,7348,1595
ORD05100,21-01-2022,January,Pooja Sethi,Hyderabad,Furniture,Office Chair,5,58820,6497
ORD05101,18-04-2025,April,Riya Kapoor,Coimbatore,Electronics,Tablet,6,220919,30318
ORD05102,29-01-2022,January,Diya Singh,Nagpur,Office Supplies,Notebook Set,1,430,29
ORD05103,01-07-2025,July,Pooja Sethi,Pune,Office Supplies,Stapler,5,2287,331
ORD05104,20-05-2024,May,Arjun Mehta,Mumbai,Home & Kitchen,Cookware Set,2,12162,2162
ORD05105,24-03-2025,March,Kabir Jain,Bengaluru,Furniture,Sofa,5,263400,41824
ORD05106,08-11-2022,November,Pooja Sethi,Jaipur,Office Supplies,File Folder Set,1,531,139
ORD05107,09-08-2022,August,Sneha Bose,Mumbai,Home & Kitchen,Table Lamp,5,3664,642
ORD05108,19-09-2023,September,Devika Pillai,Ahmedabad,Furniture,Bookshelf,2,14871,1620
ORD05109,17-07-2023,July,Diya Singh,Coimbatore,Clothing,Backpack,2,2369,568
ORD05110,05-12-2024,December,Ananya Iyer,Kochi,Office Supplies,Desk Organizer,2,1271,288
ORD05111,13-11-2024,November,Sneha Bose,Jaipur,Home & Kitchen,Table Lamp,1,1841,231
ORD05112,01-05-2022,May,Priya Menon,Hyderabad,Furniture,Dining Table,2,45626,5070
ORD05113,12-06-2023,June,Pooja Sethi,Kochi,Electronics,Mouse,1,1391,281
ORD05114,24-02-2023,February,Amit Verma,Coimbatore,Office Supplies,Printer Paper,1,270,30
ORD05115,29-08-2025,August,Ishaan Gupta,Coimbatore,Clothing,T-Shirt,1,1130,275
ORD05116,17-09-2023,September,Ira Mukherjee,Jaipur,Office Supplies,Desk Organizer,2,1443,319
ORD05117,27-01-2022,January,Ananya Iyer,Hyderabad,Home & Kitchen,Air Fryer,5,29168,3911
ORD05118,21-10-2022,October,Riya Kapoor,Hyderabad,Office Supplies,Stapler,2,275,27
ORD05119,18-10-2023,October,Meera Shah,Delhi,Home & Kitchen,Air Fryer,1,5976,488
ORD05120,12-04-2025,April,Kabir Jain,Ahmedabad,Furniture,Desk,2,43979,10677
ORD05121,12-02-2025,February,Varun Chawla,Kochi,Electronics,Laptop,1,61304,12680
ORD05122,15-08-2024,August,Simran Kaur,Mumbai,Furniture,Desk,3,17159,1171
ORD05123,25-05-2023,May,Aditya Desai,Hyderabad,Home & Kitchen,Water Bottle,3,969,118
ORD05124,18-08-2024,August,Meera Shah,Bengaluru,Home & Kitchen,Mixer Grinder,1,6668,637
ORD05125,12-10-2024,October,Manish Yadav,Kochi,Electronics,Monitor,2,40632,3495
ORD05126,01-04-2023,April,Manish Yadav,Bengaluru,Electronics,Tablet,2,46832,4416
ORD05127,23-03-2022,March,Varun Chawla,Bengaluru,Home & Kitchen,Table Lamp,3,2139,204
ORD05128,15-03-2023,March,Kavya Nair,Chennai,Electronics,Monitor,2,39576,9034
ORD05129,28-01-2023,January,Pooja Sethi,Mumbai,Office Supplies,Pen Pack,3,765,101
ORD05130,16-04-2024,April,Ira Mukherjee,Jaipur,Clothing,Backpack,1,1910,149
ORD05131,07-03-2025,March,Ananya Iyer,Surat,Clothing,Jacket,2,12294,1493
ORD05132,17-05-2022,May,Kabir Jain,Jaipur,Clothing,Jeans,3,6374,666
ORD05133,21-08-2025,August,Arjun Mehta,Jaipur,Home & Kitchen,Water Bottle,2,802,139
ORD05134,15-04-2023,April,Ananya Iyer,Kolkata,Furniture,Sofa,1,43191,3349
ORD05135,21-02-2022,February,Sana Khan,Bengaluru,Electronics,Mouse,3,2636,342
ORD05136,06-11-2022,November,Zoya Das,Hyderabad,Electronics,Tablet,2,35542,4076
ORD05137,21-02-2023,February,Ananya Iyer,Ahmedabad,Furniture,Dining Table,1,21338,3235
ORD05138,10-10-2024,October,Diya Singh,Kolkata,Electronics,Speaker,1,3484,336
ORD05139,12-02-2025,February,Karan Malhotra,Mumbai,Clothing,Formal Shirt,1,964,164
ORD05140,21-07-2025,July,Aditya Desai,Ahmedabad,Electronics,Tablet,3,104271,26804
ORD05141,25-07-2023,July,Varun Chawla,Surat,Electronics,Smartphone,1,61917,9516
ORD05142,24-06-2022,June,Ishaan Gupta,Delhi,Home & Kitchen,Storage Container Set,6,6841,1884
ORD05143,03-04-2023,April,Sneha Bose,Bengaluru,Home & Kitchen,Air Fryer,3,25111,5472
ORD05144,28-07-2022,July,Simran Kaur,Lucknow,Home & Kitchen,Water Bottle,2,412,111
ORD05145,29-08-2025,August,Aarav Sharma,Mumbai,Electronics,Mouse,3,1999,149
ORD05146,20-06-2024,June,Neha Reddy,Surat,Home & Kitchen,Storage Container Set,2,2434,412
ORD05147,26-07-2023,July,Pooja Sethi,Indore,Electronics,Tablet,2,70749,19604
ORD05148,28-01-2022,January,Ishaan Gupta,Bengaluru,Electronics,Laptop,1,53681,3401
ORD05149,04-09-2023,September,Ananya Iyer,Delhi,Home & Kitchen,Water Bottle,2,1166,295
ORD05150,20-05-2024,May,Amit Verma,Coimbatore,Office Supplies,Pen Pack,2,385,78
ORD05151,13-08-2024,August,Tanvi Kulkarni,Mumbai,Home & Kitchen,Mixer Grinder,5,20045,3165
ORD05152,17-04-2022,April,Zoya Das,Bengaluru,Clothing,Jacket,1,2371,358
ORD05153,03-11-2025,November,Devika Pillai,Nagpur,Furniture,Office Chair,1,9445,2104
ORD05154,12-03-2023,March,Ishaan Gupta,Lucknow,Furniture,Coffee Table,3,11607,997
ORD05155,08-02-2025,February,Zoya Das,Lucknow,Office Supplies,Desk Organizer,1,936,259
ORD05156,10-04-2025,April,Karan Malhotra,Nagpur,Furniture,Sofa,3,79211,17624
ORD05157,26-08-2022,August,Devika Pillai,Kochi,Home & Kitchen,Mixer Grinder,1,3008,830
ORD05158,11-04-2022,April,Devika Pillai,Mumbai,Furniture,Bookshelf,1,3205,364
ORD05159,10-10-2024,October,Varun Chawla,Nagpur,Office Supplies,Pen Pack,2,434,84
ORD05160,24-07-2022,July,Ananya Iyer,Mumbai,Home & Kitchen,Table Lamp,2,1085,75
ORD05161,23-09-2024,September,Arjun Mehta,Kolkata,Furniture,Office Chair,1,13946,994
ORD05162,29-04-2022,April,Sana Khan,Indore,Furniture,Dining Table,5,81890,15586
ORD05163,17-03-2023,March,Varun Chawla,Chennai,Electronics,Monitor,2,19484,1290
ORD05164,20-02-2023,February,Nikhil Bansal,Jaipur,Furniture,Office Chair,2,14648,2458
ORD05165,24-05-2022,May,Vikram Rao,Jaipur,Home & Kitchen,Air Fryer,4,33387,3892
ORD05166,15-02-2022,February,Kavya Nair,Delhi,Furniture,Office Chair,2,10506,2061
ORD05167,15-06-2023,June,Manish Yadav,Surat,Clothing,T-Shirt,2,1323,366
ORD05168,26-06-2025,June,Priya Menon,Lucknow,Clothing,Backpack,1,457,108
ORD05169,23-05-2023,May,Arjun Mehta,Pune,Home & Kitchen,Mixer Grinder,2,13978,1038
ORD05170,25-11-2022,November,Ira Mukherjee,Indore,Electronics,Laptop,2,155222,38793
ORD05171,20-02-2025,February,Aditya Desai,Kochi,Electronics,Laptop,2,151042,30953
ORD05172,27-01-2024,January,Kabir Jain,Surat,Electronics,Headphones,3,10927,1403
ORD05173,31-07-2024,July,Neha Reddy,Bengaluru,Electronics,Monitor,1,22316,2032
ORD05174,21-09-2024,September,Meera Shah,Mumbai,Home & Kitchen,Table Lamp,1,2087,466
ORD05175,17-02-2022,February,Tanvi Kulkarni,Kochi,Home & Kitchen,Storage Container Set,1,504,49
ORD05176,25-08-2022,August,Ira Mukherjee,Kochi,Clothing,Jeans,1,3325,765
ORD05177,09-05-2022,May,Priya Menon,Ahmedabad,Home & Kitchen,Table Lamp,1,2500,482
ORD05178,13-04-2024,April,Ananya Iyer,Hyderabad,Home & Kitchen,Water Bottle,2,556,79
ORD05179,16-07-2022,July,Simran Kaur,Lucknow,Electronics,Monitor,1,13034,2722
ORD05180,14-05-2024,May,Aditi Patel,Indore,Electronics,Headphones,2,3781,1028
ORD05181,09-12-2023,December,Kavya Nair,Lucknow,Furniture,Office Chair,5,64083,7410
ORD05182,10-01-2022,January,Arjun Mehta,Chennai,Furniture,Office Chair,1,12777,3249
ORD05183,19-11-2023,November,Varun Chawla,Mumbai,Electronics,Headphones,3,18988,1370
ORD05184,26-05-2022,May,Nikhil Bansal,Kolkata,Electronics,Headphones,2,11053,2193
ORD05185,17-01-2025,January,Sneha Bose,Pune,Furniture,Bookshelf,1,7709,905
ORD05186,30-07-2022,July,Rahul Joshi,Surat,Office Supplies,Printer Paper,1,729,70
ORD05187,06-11-2022,November,Priya Menon,Ahmedabad,Electronics,Speaker,2,4940,387
ORD05188,31-12-2023,December,Ananya Iyer,Hyderabad,Furniture,Desk,1,5199,713
ORD05189,31-12-2022,December,Manish Yadav,Lucknow,Office Supplies,Stapler,2,683,105
ORD05190,20-11-2023,November,Aarav Sharma,Jaipur,Furniture,Bookshelf,5,50498,6995
ORD05191,28-01-2022,January,Manish Yadav,Mumbai,Home & Kitchen,Mixer Grinder,5,44663,7201
ORD05192,25-09-2022,September,Ishaan Gupta,Bengaluru,Home & Kitchen,Cookware Set,4,33475,5387
ORD05193,29-05-2024,May,Sana Khan,Surat,Electronics,Tablet,1,26655,4021
ORD05194,23-12-2022,December,Priya Menon,Indore,Home & Kitchen,Air Fryer,1,9476,1846
ORD05195,28-11-2025,November,Ira Mukherjee,Lucknow,Office Supplies,Desk Organizer,1,306,69
ORD05196,21-01-2025,January,Vikram Rao,Surat,Home & Kitchen,Storage Container Set,2,1471,134
ORD05197,02-06-2023,June,Sana Khan,Nagpur,Furniture,Dining Table,4,100880,16171
ORD05198,01-08-2023,August,Rahul Joshi,Chennai,Office Supplies,File Folder Set,1,449,71
ORD05199,25-10-2024,October,Aditya Desai,Delhi,Furniture,Office Chair,2,18811,4519
ORD05200,06-01-2024,January,Arjun Mehta,Delhi,Clothing,T-Shirt,2,1820,232
ORD05201,25-01-2023,January,Meera Shah,Lucknow,Home & Kitchen,Cookware Set,5,46361,4840
ORD05202,12-11-2022,November,Devika Pillai,Pune,Electronics,Mouse,1,1127,191
ORD05203,01-09-2023,September,Diya Singh,Pune,Office Supplies,Desk Organizer,1,1093,212
ORD05204,12-02-2022,February,Ira Mukherjee,Nagpur,Home & Kitchen,Table Lamp,1,1136,243
ORD05205,16-06-2023,June,Meera Shah,Indore,Office Supplies,Pen Pack,2,453,58
ORD05206,01-06-2025,June,Devika Pillai,Pune,Electronics,Monitor,2,48880,11776
ORD05207,24-11-2025,November,Shreya Ghosh,Indore,Home & Kitchen,Storage Container Set,2,1635,270
ORD05208,21-06-2025,June,Karan Malhotra,Hyderabad,Office Supplies,File Folder Set,6,906,199
ORD05209,29-03-2023,March,Aditi Patel,Kolkata,Home & Kitchen,Air Fryer,1,5445,405
ORD05210,22-12-2023,December,Manish Yadav,Chennai,Furniture,Dining Table,5,160414,37488
ORD05211,21-12-2024,December,Pooja Sethi,Kochi,Furniture,Sofa,5,272142,41062
ORD05212,11-02-2025,February,Ira Mukherjee,Jaipur,Furniture,Sofa,4,146599,34306
ORD05213,15-03-2024,March,Nikhil Bansal,Pune,Home & Kitchen,Mixer Grinder,1,6764,1189
ORD05214,07-08-2023,August,Devika Pillai,Pune,Home & Kitchen,Cookware Set,2,10671,2278
ORD05215,15-03-2024,March,Kavya Nair,Chennai,Electronics,Laptop,2,93348,7553
ORD05216,03-05-2025,May,Zoya Das,Surat,Electronics,Smartphone,1,41475,5317
ORD05217,07-05-2023,May,Rohan Kulkarni,Chennai,Furniture,Sofa,1,40527,9915
ORD05218,22-09-2024,September,Aditi Patel,Kochi,Electronics,Laptop,4,316671,66760
ORD05219,29-01-2022,January,Devika Pillai,Surat,Electronics,Speaker,2,17557,2943
ORD05220,20-05-2022,May,Pooja Sethi,Lucknow,Furniture,Dining Table,1,23149,2519
ORD05221,25-06-2024,June,Vikram Rao,Chennai,Electronics,Headphones,5,34139,9445
ORD05222,17-11-2024,November,Aditya Desai,Ahmedabad,Home & Kitchen,Mixer Grinder,3,28736,1971
ORD05223,07-01-2022,January,Karan Malhotra,Mumbai,Office Supplies,Notebook Set,1,489,43
ORD05224,27-03-2023,March,Ananya Iyer,Lucknow,Home & Kitchen,Table Lamp,3,5642,660
ORD05225,14-04-2023,April,Devika Pillai,Lucknow,Office Supplies,Desk Organizer,3,1710,301
ORD05226,20-07-2022,July,Varun Chawla,Mumbai,Clothing,T-Shirt,1,593,84
ORD05227,04-08-2024,August,Aditi Patel,Kolkata,Clothing,Formal Shirt,1,1046,186
ORD05228,04-07-2022,July,Neha Reddy,Lucknow,Furniture,Bookshelf,2,22779,4923
ORD05229,10-11-2025,November,Aarav Sharma,Kolkata,Home & Kitchen,Cookware Set,1,3333,350
ORD05230,09-11-2023,November,Varun Chawla,Indore,Home & Kitchen,Water Bottle,2,1374,300
ORD05231,25-02-2024,February,Zoya Das,Ahmedabad,Home & Kitchen,Storage Container Set,4,2516,645
ORD05232,23-09-2022,September,Amit Verma,Bengaluru,Office Supplies,Printer Paper,2,708,113
ORD05233,30-08-2023,August,Aarav Sharma,Indore,Electronics,Monitor,2,25602,5210
ORD05234,22-10-2023,October,Karan Malhotra,Chennai,Electronics,Keyboard,1,727,60
ORD05235,09-03-2022,March,Simran Kaur,Chennai,Clothing,Jacket,5,8276,799
ORD05236,28-08-2024,August,Ishaan Gupta,Ahmedabad,Home & Kitchen,Cookware Set,3,7109,1776
ORD05237,03-09-2024,September,Varun Chawla,Delhi,Home & Kitchen,Table Lamp,1,2196,141
ORD05238,06-09-2025,September,Pooja Sethi,Pune,Home & Kitchen,Mixer Grinder,2,17831,4248
ORD05239,07-01-2022,January,Kavya Nair,Coimbatore,Office Supplies,Pen Pack,1,264,62
ORD05240,26-03-2025,March,Tanvi Kulkarni,Hyderabad,Furniture,Office Chair,1,9048,652
ORD05241,12-11-2023,November,Riya Kapoor,Surat,Office Supplies,Notebook Set,1,601,36
ORD05242,22-01-2022,January,Aditi Patel,Kolkata,Electronics,Tablet,5,112433,9937
ORD05243,20-07-2022,July,Manish Yadav,Kolkata,Office Supplies,Pen Pack,3,726,117
ORD05244,28-09-2022,September,Kabir Jain,Mumbai,Electronics,Smartphone,1,19630,2581
ORD05245,11-04-2025,April,Arjun Mehta,Indore,Home & Kitchen,Air Fryer,2,16479,3043
ORD05246,07-02-2023,February,Ananya Iyer,Surat,Electronics,Tablet,1,28158,5463
ORD05247,23-03-2023,March,Aditi Patel,Coimbatore,Furniture,Coffee Table,1,3197,669
ORD05248,06-12-2023,December,Kavya Nair,Nagpur,Electronics,Laptop,1,50549,6314
ORD05249,24-02-2022,February,Vikram Rao,Indore,Clothing,Formal Shirt,1,1866,444
ORD05250,30-05-2023,May,Ishaan Gupta,Coimbatore,Electronics,Headphones,1,2705,429
ORD05251,08-02-2022,February,Meera Shah,Delhi,Office Supplies,Desk Organizer,1,261,69
ORD05252,16-12-2022,December,Diya Singh,Bengaluru,Clothing,Backpack,2,1190,237
ORD05253,12-02-2023,February,Rohan Kulkarni,Coimbatore,Electronics,Tablet,1,37268,9677
ORD05254,21-12-2023,December,Varun Chawla,Hyderabad,Home & Kitchen,Table Lamp,1,1343,232
ORD05255,07-12-2024,December,Diya Singh,Lucknow,Electronics,Laptop,3,176490,36954
ORD05256,12-03-2023,March,Vikram Rao,Coimbatore,Office Supplies,Printer Paper,2,1297,249
ORD05257,16-06-2025,June,Aditya Desai,Bengaluru,Electronics,Tablet,1,16893,2267
ORD05258,20-08-2022,August,Manish Yadav,Indore,Office Supplies,Desk Organizer,1,267,66
ORD05259,19-04-2022,April,Karan Malhotra,Ahmedabad,Home & Kitchen,Water Bottle,3,1050,284
ORD05260,25-11-2023,November,Diya Singh,Kochi,Furniture,Dining Table,3,68739,7322
ORD05261,05-08-2025,August,Ira Mukherjee,Nagpur,Electronics,Smartphone,5,195575,29730
ORD05262,13-09-2025,September,Varun Chawla,Surat,Office Supplies,Printer Paper,3,1236,235
ORD05263,20-07-2025,July,Rahul Joshi,Mumbai,Office Supplies,Pen Pack,2,400,84
ORD05264,24-06-2025,June,Simran Kaur,Lucknow,Home & Kitchen,Table Lamp,1,2178,285
ORD05265,23-01-2022,January,Priya Menon,Mumbai,Office Supplies,Pen Pack,1,227,49
ORD05266,11-06-2022,June,Kavya Nair,Lucknow,Electronics,Tablet,1,27170,3678
ORD05267,07-09-2022,September,Sneha Bose,Chennai,Electronics,Keyboard,2,5254,1012
ORD05268,06-06-2022,June,Rohan Kulkarni,Mumbai,Electronics,Tablet,1,23979,3968
ORD05269,05-11-2022,November,Amit Verma,Mumbai,Clothing,Jeans,2,3964,1057
ORD05270,13-01-2022,January,Rahul Joshi,Mumbai,Clothing,Jacket,4,8774,1343
ORD05271,17-01-2024,January,Nikhil Bansal,Jaipur,Home & Kitchen,Air Fryer,1,14554,3930
ORD05272,14-07-2024,July,Rohan Kulkarni,Surat,Furniture,Bookshelf,5,48691,3228
ORD05273,14-10-2022,October,Aditi Patel,Ahmedabad,Home & Kitchen,Mixer Grinder,4,27192,3308
ORD05274,20-03-2023,March,Sana Khan,Coimbatore,Furniture,Office Chair,1,8251,2238
ORD05275,29-10-2024,October,Shreya Ghosh,Hyderabad,Furniture,Dining Table,1,27360,6320
ORD05276,05-05-2024,May,Sana Khan,Lucknow,Electronics,Mouse,2,2589,164
ORD05277,24-10-2024,October,Kavya Nair,Coimbatore,Office Supplies,Notebook Set,3,514,102
ORD05278,28-07-2024,July,Karan Malhotra,Kolkata,Office Supplies,Desk Organizer,3,3450,529
ORD05279,20-05-2023,May,Varun Chawla,Indore,Home & Kitchen,Table Lamp,1,859,236
ORD05280,28-05-2024,May,Rahul Joshi,Chennai,Furniture,Dining Table,2,51118,9379
ORD05281,04-08-2023,August,Shreya Ghosh,Mumbai,Home & Kitchen,Mixer Grinder,2,16731,3519
ORD05282,05-09-2025,September,Shreya Ghosh,Bengaluru,Home & Kitchen,Cookware Set,1,4390,1118
ORD05283,02-09-2023,September,Karan Malhotra,Indore,Office Supplies,Printer Paper,1,844,65
ORD05284,02-02-2023,February,Kabir Jain,Ahmedabad,Furniture,Dining Table,1,22925,4173
ORD05285,30-01-2023,January,Riya Kapoor,Nagpur,Clothing,Jacket,1,1960,348
ORD05286,21-07-2022,July,Neha Reddy,Bengaluru,Electronics,Mouse,1,1376,336
ORD05287,03-06-2024,June,Sneha Bose,Chennai,Clothing,Formal Shirt,3,2459,453
ORD05288,04-04-2022,April,Manish Yadav,Jaipur,Furniture,Office Chair,1,10364,1539
ORD05289,08-09-2023,September,Pooja Sethi,Surat,Electronics,Monitor,1,15658,1630
ORD05290,06-03-2024,March,Devika Pillai,Pune,Home & Kitchen,Air Fryer,2,23692,5564
ORD05291,18-11-2023,November,Karan Malhotra,Kolkata,Electronics,Smartphone,5,142473,39761
ORD05292,18-08-2024,August,Karan Malhotra,Lucknow,Clothing,Backpack,1,2643,708
ORD05293,05-12-2024,December,Zoya Das,Bengaluru,Clothing,Jeans,4,7173,1294
ORD05294,19-11-2024,November,Diya Singh,Mumbai,Office Supplies,Pen Pack,2,395,92
ORD05295,17-11-2022,November,Sneha Bose,Mumbai,Clothing,Formal Shirt,1,2435,367
ORD05296,29-01-2024,January,Varun Chawla,Delhi,Furniture,Desk,2,17642,2297
ORD05297,13-08-2025,August,Rohan Kulkarni,Lucknow,Furniture,Dining Table,1,34020,2244
ORD05298,16-09-2025,September,Arjun Mehta,Bengaluru,Electronics,Keyboard,2,3004,468
ORD05299,23-08-2025,August,Priya Menon,Surat,Furniture,Dining Table,1,9600,1828
ORD05300,04-08-2023,August,Karan Malhotra,Mumbai,Office Supplies,Desk Organizer,4,4364,1036
ORD05301,08-04-2022,April,Diya Singh,Nagpur,Furniture,Coffee Table,2,8808,1840
ORD05302,29-01-2024,January,Shreya Ghosh,Surat,Electronics,Laptop,1,84842,21651
ORD05303,06-12-2022,December,Devika Pillai,Mumbai,Office Supplies,File Folder Set,1,119,11
ORD05304,03-04-2025,April,Varun Chawla,Jaipur,Furniture,Dining Table,2,21787,5496
ORD05305,22-11-2024,November,Priya Menon,Kochi,Home & Kitchen,Air Fryer,1,14148,1708
ORD05306,29-10-2023,October,Riya Kapoor,Chennai,Electronics,Speaker,3,22619,5860
ORD05307,22-06-2024,June,Pooja Sethi,Jaipur,Furniture,Coffee Table,1,5724,1528
ORD05308,11-05-2022,May,Zoya Das,Delhi,Office Supplies,Stapler,2,452,86
ORD05309,22-08-2023,August,Diya Singh,Surat,Home & Kitchen,Storage Container Set,4,5263,1390
ORD05310,08-02-2022,February,Sneha Bose,Hyderabad,Home & Kitchen,Mixer Grinder,4,18377,2485
ORD05311,09-08-2024,August,Pooja Sethi,Kochi,Home & Kitchen,Cookware Set,2,17218,3246
ORD05312,18-07-2023,July,Rohan Kulkarni,Ahmedabad,Office Supplies,Printer Paper,3,2384,245
ORD05313,02-05-2022,May,Meera Shah,Kolkata,Electronics,Keyboard,2,6134,1449
ORD05314,29-08-2023,August,Karan Malhotra,Ahmedabad,Clothing,T-Shirt,1,647,171
ORD05315,25-12-2025,December,Karan Malhotra,Jaipur,Office Supplies,Notebook Set,2,1196,133
ORD05316,04-04-2024,April,Amit Verma,Coimbatore,Furniture,Desk,1,16762,1490
ORD05317,25-11-2023,November,Vikram Rao,Indore,Clothing,Sneakers,5,9606,704
ORD05318,12-06-2023,June,Sneha Bose,Surat,Electronics,Monitor,2,29679,5149
ORD05319,12-09-2024,September,Neha Reddy,Indore,Furniture,Sofa,1,28004,7671
ORD05320,20-01-2022,January,Devika Pillai,Lucknow,Furniture,Desk,3,32959,8014
ORD05321,27-07-2025,July,Rahul Joshi,Mumbai,Electronics,Tablet,1,13519,2459
ORD05322,17-04-2023,April,Aditi Patel,Coimbatore,Electronics,Speaker,2,5488,1232
ORD05323,09-09-2024,September,Diya Singh,Indore,Clothing,Formal Shirt,2,5696,1050
ORD05324,23-08-2022,August,Shreya Ghosh,Hyderabad,Home & Kitchen,Air Fryer,1,11768,1078
ORD05325,12-07-2022,July,Aarav Sharma,Surat,Furniture,Dining Table,1,28383,7645
ORD05326,30-01-2024,January,Varun Chawla,Ahmedabad,Electronics,Monitor,1,12554,3470
ORD05327,16-04-2024,April,Riya Kapoor,Kolkata,Electronics,Keyboard,1,2865,209
ORD05328,17-07-2024,July,Simran Kaur,Kochi,Home & Kitchen,Air Fryer,1,7552,1605
ORD05329,02-11-2022,November,Rahul Joshi,Jaipur,Electronics,Keyboard,1,1509,420
ORD05330,18-02-2025,February,Ananya Iyer,Pune,Electronics,Monitor,1,11304,767
ORD05331,03-06-2022,June,Manish Yadav,Coimbatore,Furniture,Sofa,1,51786,4086
ORD05332,24-05-2023,May,Zoya Das,Lucknow,Electronics,Headphones,1,5933,818
ORD05333,25-06-2025,June,Riya Kapoor,Pune,Electronics,Keyboard,2,4305,578
ORD05334,18-09-2025,September,Nikhil Bansal,Delhi,Home & Kitchen,Table Lamp,2,3733,376
ORD05335,27-02-2022,February,Pooja Sethi,Kolkata,Electronics,Laptop,1,64726,9102
ORD05336,08-05-2024,May,Pooja Sethi,Lucknow,Home & Kitchen,Air Fryer,1,9036,1015
ORD05337,29-09-2022,September,Aditya Desai,Chennai,Electronics,Keyboard,1,1377,198
ORD05338,09-06-2022,June,Rohan Kulkarni,Bengaluru,Home & Kitchen,Cookware Set,3,11308,1740
ORD05339,13-12-2023,December,Sana Khan,Indore,Furniture,Desk,2,18156,3795
ORD05340,03-10-2022,October,Tanvi Kulkarni,Surat,Home & Kitchen,Water Bottle,1,891,119
ORD05341,04-11-2025,November,Amit Verma,Kolkata,Electronics,Smartphone,2,64817,12122
ORD05342,02-04-2024,April,Tanvi Kulkarni,Kochi,Furniture,Dining Table,2,67658,12218
ORD05343,26-12-2022,December,Sneha Bose,Chennai,Home & Kitchen,Storage Container Set,2,2861,250
ORD05344,07-07-2023,July,Nikhil Bansal,Kolkata,Electronics,Speaker,2,5143,936
ORD05345,26-06-2025,June,Zoya Das,Coimbatore,Clothing,Backpack,4,6825,940
ORD05346,01-11-2025,November,Rahul Joshi,Indore,Home & Kitchen,Mixer Grinder,3,26388,3646
ORD05347,07-08-2023,August,Varun Chawla,Lucknow,Office Supplies,Desk Organizer,1,989,183
ORD05348,01-04-2022,April,Simran Kaur,Jaipur,Office Supplies,Desk Organizer,3,3182,538
ORD05349,22-01-2024,January,Nikhil Bansal,Bengaluru,Clothing,Formal Shirt,2,4108,1123
ORD05350,09-11-2024,November,Aarav Sharma,Pune,Furniture,Bookshelf,2,6662,1389
ORD05351,06-03-2023,March,Sneha Bose,Delhi,Furniture,Sofa,1,43895,12239
ORD05352,24-06-2025,June,Rahul Joshi,Bengaluru,Home & Kitchen,Mixer Grinder,1,8158,1204
ORD05353,28-02-2024,February,Diya Singh,Indore,Furniture,Sofa,1,21824,4934
ORD05354,04-12-2025,December,Pooja Sethi,Nagpur,Furniture,Sofa,2,77284,18256
ORD05355,29-01-2023,January,Riya Kapoor,Coimbatore,Electronics,Tablet,2,38693,9596
ORD05356,26-07-2022,July,Devika Pillai,Surat,Clothing,Jeans,4,3749,968
ORD05357,02-05-2024,May,Rahul Joshi,Pune,Electronics,Laptop,2,110386,27814
ORD05358,02-06-2023,June,Kabir Jain,Nagpur,Electronics,Speaker,1,6487,1807
ORD05359,16-12-2024,December,Aditya Desai,Mumbai,Furniture,Dining Table,1,20811,3419
ORD05360,02-12-2024,December,Meera Shah,Mumbai,Home & Kitchen,Cookware Set,3,27294,7040
ORD05361,17-03-2023,March,Kabir Jain,Indore,Clothing,Jeans,1,1256,321
ORD05362,07-07-2025,July,Ira Mukherjee,Jaipur,Office Supplies,File Folder Set,1,645,155
ORD05363,24-04-2024,April,Sneha Bose,Pune,Clothing,T-Shirt,1,431,103
ORD05364,05-11-2022,November,Devika Pillai,Hyderabad,Furniture,Desk,1,19740,4476
ORD05365,02-11-2025,November,Simran Kaur,Chennai,Office Supplies,Desk Organizer,1,472,70
ORD05366,22-01-2023,January,Neha Reddy,Pune,Home & Kitchen,Air Fryer,1,6924,778
ORD05367,08-05-2024,May,Diya Singh,Kochi,Clothing,Sneakers,1,4016,1034
ORD05368,27-09-2022,September,Ira Mukherjee,Kolkata,Furniture,Coffee Table,5,50178,11112
ORD05369,09-12-2025,December,Riya Kapoor,Kochi,Clothing,Backpack,1,1966,454
ORD05370,11-12-2022,December,Varun Chawla,Chennai,Electronics,Headphones,2,14245,1350
ORD05371,23-03-2024,March,Varun Chawla,Nagpur,Home & Kitchen,Table Lamp,1,2157,131
ORD05372,27-11-2024,November,Diya Singh,Kolkata,Electronics,Smartphone,1,18759,2838
ORD05373,16-12-2024,December,Aditi Patel,Kolkata,Electronics,Headphones,1,7623,1416
ORD05374,21-09-2022,September,Kavya Nair,Bengaluru,Office Supplies,Desk Organizer,5,4524,855
ORD05375,30-11-2024,November,Zoya Das,Ahmedabad,Office Supplies,Printer Paper,1,843,146
ORD05376,20-06-2025,June,Ishaan Gupta,Kochi,Home & Kitchen,Storage Container Set,1,782,74
ORD05377,29-10-2024,October,Kabir Jain,Coimbatore,Office Supplies,Desk Organizer,2,878,226
ORD05378,23-01-2022,January,Pooja Sethi,Jaipur,Furniture,Desk,1,14267,3308
ORD05379,30-03-2023,March,Nikhil Bansal,Lucknow,Furniture,Desk,3,56237,12354
ORD05380,05-08-2025,August,Sana Khan,Coimbatore,Office Supplies,File Folder Set,3,425,44
ORD05381,26-04-2022,April,Neha Reddy,Surat,Electronics,Laptop,1,46794,12688
ORD05382,02-04-2022,April,Ira Mukherjee,Jaipur,Electronics,Headphones,1,1947,471
ORD05383,11-03-2025,March,Manish Yadav,Jaipur,Furniture,Coffee Table,2,17455,4674
ORD05384,07-01-2024,January,Kavya Nair,Bengaluru,Home & Kitchen,Water Bottle,1,792,100
ORD05385,08-02-2022,February,Neha Reddy,Mumbai,Electronics,Speaker,1,8177,1430
ORD05386,19-12-2022,December,Aditya Desai,Chennai,Electronics,Monitor,1,19387,1357
ORD05387,01-07-2023,July,Neha Reddy,Bengaluru,Office Supplies,Pen Pack,1,137,28
ORD05388,23-06-2025,June,Shreya Ghosh,Mumbai,Home & Kitchen,Mixer Grinder,1,5066,810
ORD05389,28-01-2024,January,Tanvi Kulkarni,Kochi,Office Supplies,Desk Organizer,1,1102,271
ORD05390,22-02-2025,February,Diya Singh,Mumbai,Home & Kitchen,Air Fryer,1,12408,3118
ORD05391,13-09-2024,September,Arjun Mehta,Delhi,Office Supplies,File Folder Set,2,831,93
ORD05392,20-02-2025,February,Sana Khan,Bengaluru,Clothing,Sneakers,5,11724,955
ORD05393,10-07-2022,July,Kavya Nair,Hyderabad,Clothing,T-Shirt,2,711,104
ORD05394,21-02-2022,February,Aarav Sharma,Chennai,Home & Kitchen,Cookware Set,6,24725,6379
ORD05395,19-10-2022,October,Pooja Sethi,Indore,Electronics,Keyboard,1,3451,912
ORD05396,16-01-2024,January,Simran Kaur,Nagpur,Electronics,Headphones,3,16921,4008
ORD05397,20-07-2025,July,Sneha Bose,Bengaluru,Furniture,Bookshelf,1,4900,773
ORD05398,21-01-2024,January,Devika Pillai,Pune,Electronics,Keyboard,2,6334,839
ORD05399,12-08-2023,August,Simran Kaur,Mumbai,Electronics,Tablet,1,29157,7165
ORD05400,04-05-2025,May,Sana Khan,Jaipur,Furniture,Coffee Table,5,32094,5751
ORD05401,26-10-2022,October,Aarav Sharma,Pune,Electronics,Monitor,2,42847,8073
ORD05402,07-12-2022,December,Ishaan Gupta,Chennai,Office Supplies,Notebook Set,3,1524,114
ORD05403,24-05-2024,May,Manish Yadav,Pune,Clothing,Backpack,2,3984,782
ORD05404,22-05-2024,May,Shreya Ghosh,Nagpur,Furniture,Coffee Table,5,35009,7393
ORD05405,13-03-2025,March,Meera Shah,Hyderabad,Electronics,Mouse,1,783,154
ORD05406,05-03-2024,March,Aditi Patel,Delhi,Electronics,Smartphone,6,236367,33122
ORD05407,15-09-2023,September,Rohan Kulkarni,Mumbai,Furniture,Desk,1,18071,2039
ORD05408,11-10-2024,October,Shreya Ghosh,Jaipur,Home & Kitchen,Cookware Set,1,2782,725
ORD05409,04-02-2024,February,Kavya Nair,Kolkata,Furniture,Desk,3,26438,6859
ORD05410,27-07-2025,July,Kabir Jain,Surat,Clothing,Sneakers,2,8153,845
ORD05411,06-08-2023,August,Vikram Rao,Pune,Furniture,Sofa,3,72264,10107
ORD05412,10-07-2025,July,Pooja Sethi,Hyderabad,Electronics,Smartphone,2,104706,17494
ORD05413,03-01-2025,January,Neha Reddy,Jaipur,Office Supplies,Notebook Set,1,129,22
ORD05414,31-03-2025,March,Ira Mukherjee,Hyderabad,Office Supplies,Desk Organizer,2,1264,105
ORD05415,11-07-2025,July,Aditi Patel,Bengaluru,Electronics,Tablet,4,109443,14271
ORD05416,24-11-2023,November,Ananya Iyer,Chennai,Home & Kitchen,Mixer Grinder,1,4524,528
ORD05417,19-09-2024,September,Varun Chawla,Jaipur,Clothing,Jeans,4,6713,593
ORD05418,25-08-2025,August,Kavya Nair,Bengaluru,Home & Kitchen,Water Bottle,1,824,96
ORD05419,05-08-2023,August,Riya Kapoor,Hyderabad,Office Supplies,Printer Paper,2,981,81
ORD05420,21-03-2024,March,Rohan Kulkarni,Coimbatore,Office Supplies,Desk Organizer,5,3255,683
ORD05421,04-11-2024,November,Simran Kaur,Surat,Electronics,Tablet,1,19484,4858
ORD05422,05-04-2024,April,Aarav Sharma,Lucknow,Electronics,Smartphone,1,33323,2574
ORD05423,24-10-2024,October,Riya Kapoor,Bengaluru,Furniture,Sofa,3,158412,43974
ORD05424,17-10-2023,October,Varun Chawla,Mumbai,Office Supplies,Pen Pack,1,254,64
ORD05425,25-03-2022,March,Amit Verma,Coimbatore,Home & Kitchen,Cookware Set,1,8604,927
ORD05426,02-06-2023,June,Simran Kaur,Mumbai,Electronics,Laptop,1,62052,13760
ORD05427,21-01-2023,January,Nikhil Bansal,Chennai,Home & Kitchen,Storage Container Set,2,753,53
ORD05428,06-12-2023,December,Meera Shah,Delhi,Clothing,Jeans,2,5810,870
ORD05429,31-01-2022,January,Priya Menon,Surat,Furniture,Desk,3,48255,12409
ORD05430,15-11-2024,November,Vikram Rao,Chennai,Clothing,Jeans,1,1069,206
ORD05431,05-03-2023,March,Kabir Jain,Nagpur,Electronics,Tablet,3,94374,25459
ORD05432,06-10-2025,October,Sneha Bose,Kolkata,Home & Kitchen,Mixer Grinder,2,15259,963
ORD05433,02-06-2024,June,Amit Verma,Coimbatore,Home & Kitchen,Mixer Grinder,5,28036,3026
ORD05434,06-09-2023,September,Zoya Das,Bengaluru,Clothing,T-Shirt,1,433,58
ORD05435,05-04-2023,April,Pooja Sethi,Indore,Electronics,Headphones,1,3756,763
ORD05436,30-12-2022,December,Priya Menon,Pune,Office Supplies,Stapler,1,438,94
ORD05437,17-04-2024,April,Amit Verma,Delhi,Furniture,Coffee Table,2,12032,2472
ORD05438,16-04-2023,April,Kavya Nair,Lucknow,Office Supplies,Notebook Set,1,251,57
ORD05439,07-12-2022,December,Priya Menon,Jaipur,Office Supplies,Notebook Set,1,535,139
ORD05440,18-04-2023,April,Zoya Das,Chennai,Home & Kitchen,Storage Container Set,1,1726,181
ORD05441,29-04-2025,April,Tanvi Kulkarni,Lucknow,Office Supplies,Printer Paper,2,720,52
ORD05442,17-07-2024,July,Sneha Bose,Bengaluru,Electronics,Mouse,5,10769,1758
ORD05443,29-11-2025,November,Arjun Mehta,Kolkata,Furniture,Desk,6,94315,14029
ORD05444,13-09-2025,September,Zoya Das,Lucknow,Electronics,Laptop,3,239666,51502
ORD05445,23-01-2025,January,Vikram Rao,Kochi,Furniture,Office Chair,1,12377,1934
ORD05446,26-04-2023,April,Tanvi Kulkarni,Ahmedabad,Electronics,Mouse,3,2869,302
ORD05447,14-06-2025,June,Diya Singh,Surat,Furniture,Bookshelf,1,3576,390
ORD05448,22-04-2023,April,Devika Pillai,Jaipur,Clothing,Jacket,1,6271,960
ORD05449,21-02-2024,February,Meera Shah,Nagpur,Home & Kitchen,Storage Container Set,2,2681,698
ORD05450,30-10-2025,October,Simran Kaur,Chennai,Office Supplies,File Folder Set,1,232,50
ORD05451,14-10-2025,October,Karan Malhotra,Delhi,Office Supplies,Pen Pack,1,162,44
ORD05452,18-09-2023,September,Aditya Desai,Lucknow,Home & Kitchen,Storage Container Set,3,5366,559
ORD05453,20-05-2023,May,Vikram Rao,Coimbatore,Clothing,Formal Shirt,2,3175,425
ORD05454,04-03-2024,March,Aarav Sharma,Hyderabad,Home & Kitchen,Mixer Grinder,2,15564,3277
ORD05455,25-10-2024,October,Simran Kaur,Coimbatore,Home & Kitchen,Mixer Grinder,2,15606,2172
ORD05456,20-11-2025,November,Karan Malhotra,Surat,Office Supplies,Printer Paper,1,905,168
ORD05457,07-02-2024,February,Diya Singh,Hyderabad,Furniture,Sofa,1,20253,4265
ORD05458,11-04-2023,April,Devika Pillai,Delhi,Home & Kitchen,Mixer Grinder,5,38976,4119
ORD05459,03-03-2024,March,Zoya Das,Lucknow,Electronics,Tablet,2,37631,6128
ORD05460,13-03-2024,March,Varun Chawla,Chennai,Office Supplies,File Folder Set,1,113,7
ORD05461,01-09-2022,September,Kabir Jain,Pune,Office Supplies,Desk Organizer,1,866,173
ORD05462,20-03-2022,March,Ira Mukherjee,Ahmedabad,Electronics,Mouse,1,1387,343
ORD05463,26-03-2023,March,Simran Kaur,Lucknow,Clothing,Sneakers,2,2983,479
ORD05464,04-05-2023,May,Nikhil Bansal,Hyderabad,Clothing,T-Shirt,1,1033,91
ORD05465,21-11-2022,November,Aarav Sharma,Bengaluru,Clothing,Jacket,3,14977,2251
ORD05466,31-07-2024,July,Vikram Rao,Chennai,Electronics,Smartphone,1,35237,6275
ORD05467,27-11-2023,November,Tanvi Kulkarni,Lucknow,Clothing,Jacket,2,5147,1342
ORD05468,22-10-2025,October,Shreya Ghosh,Lucknow,Clothing,T-Shirt,3,2714,487
ORD05469,21-04-2025,April,Aditya Desai,Kolkata,Furniture,Desk,3,34727,9189
ORD05470,10-11-2023,November,Shreya Ghosh,Jaipur,Home & Kitchen,Storage Container Set,3,2891,529
ORD05471,06-09-2025,September,Pooja Sethi,Pune,Electronics,Smartphone,3,200209,17340
ORD05472,09-08-2022,August,Neha Reddy,Indore,Furniture,Coffee Table,2,20465,2869
ORD05473,05-11-2023,November,Rahul Joshi,Hyderabad,Home & Kitchen,Cookware Set,1,9128,2098
ORD05474,04-07-2023,July,Amit Verma,Hyderabad,Electronics,Mouse,3,1633,285
ORD05475,01-06-2025,June,Manish Yadav,Coimbatore,Furniture,Dining Table,1,21134,3204
ORD05476,17-04-2024,April,Kabir Jain,Jaipur,Electronics,Keyboard,4,16832,2983
ORD05477,19-12-2024,December,Ira Mukherjee,Lucknow,Home & Kitchen,Air Fryer,3,44551,5671
ORD05478,26-05-2022,May,Ira Mukherjee,Hyderabad,Home & Kitchen,Table Lamp,2,1658,171
ORD05479,03-03-2024,March,Amit Verma,Nagpur,Furniture,Desk,1,17352,1807
ORD05480,17-04-2024,April,Sneha Bose,Ahmedabad,Clothing,Sneakers,1,2999,587
ORD05481,24-09-2025,September,Diya Singh,Kolkata,Electronics,Monitor,1,9550,1627
ORD05482,13-12-2024,December,Shreya Ghosh,Pune,Electronics,Tablet,1,23395,5225
ORD05483,19-03-2023,March,Riya Kapoor,Ahmedabad,Electronics,Tablet,1,21346,4012
ORD05484,13-08-2023,August,Zoya Das,Delhi,Clothing,Backpack,2,1631,446
ORD05485,24-03-2025,March,Aditya Desai,Chennai,Electronics,Smartphone,2,36424,2750
ORD05486,01-11-2023,November,Priya Menon,Delhi,Clothing,T-Shirt,1,1029,108
ORD05487,30-08-2023,August,Sana Khan,Kochi,Electronics,Laptop,3,263839,20125
ORD05488,27-06-2024,June,Amit Verma,Bengaluru,Electronics,Smartphone,2,118544,32556
ORD05489,20-03-2022,March,Neha Reddy,Kochi,Clothing,Backpack,1,716,100
ORD05490,02-09-2025,September,Sana Khan,Mumbai,Office Supplies,Notebook Set,2,940,194
ORD05491,01-03-2024,March,Devika Pillai,Kolkata,Clothing,Backpack,2,4634,830
ORD05492,23-07-2025,July,Kavya Nair,Nagpur,Electronics,Mouse,2,3886,886
ORD05493,07-04-2024,April,Kabir Jain,Chennai,Electronics,Keyboard,1,3350,809
ORD05494,25-03-2025,March,Zoya Das,Kochi,Home & Kitchen,Air Fryer,2,19309,3340
ORD05495,12-11-2022,November,Diya Singh,Delhi,Furniture,Dining Table,1,13822,983
ORD05496,08-11-2023,November,Ira Mukherjee,Lucknow,Electronics,Mouse,1,701,160
ORD05497,10-09-2024,September,Varun Chawla,Surat,Home & Kitchen,Storage Container Set,1,1129,202
ORD05498,17-07-2024,July,Sana Khan,Surat,Electronics,Speaker,1,5160,736
ORD05499,21-07-2025,July,Ananya Iyer,Ahmedabad,Clothing,Jacket,3,13600,2080
ORD05500,28-11-2022,November,Pooja Sethi,Ahmedabad,Furniture,Office Chair,1,11188,1077
ORD05501,03-02-2025,February,Ananya Iyer,Lucknow,Electronics,Smartphone,4,96470,23120
ORD05502,04-02-2025,February,Tanvi Kulkarni,Pune,Office Supplies,Printer Paper,2,1455,149
ORD05503,06-07-2022,July,Aarav Sharma,Ahmedabad,Office Supplies,Printer Paper,3,799,154
ORD05504,31-07-2023,July,Varun Chawla,Mumbai,Furniture,Coffee Table,2,19631,3937
ORD05505,09-01-2025,January,Neha Reddy,Indore,Home & Kitchen,Mixer Grinder,1,7444,2062
ORD05506,28-01-2025,January,Kavya Nair,Bengaluru,Clothing,T-Shirt,2,1009,129
ORD05507,18-07-2022,July,Ananya Iyer,Pune,Home & Kitchen,Air Fryer,1,6403,637
ORD05508,07-02-2024,February,Aditi Patel,Surat,Electronics,Tablet,1,33364,7452
ORD05509,08-05-2024,May,Meera Shah,Lucknow,Electronics,Keyboard,1,2795,356
ORD05510,28-09-2025,September,Rahul Joshi,Kolkata,Office Supplies,Notebook Set,5,1604,268
ORD05511,17-09-2023,September,Ira Mukherjee,Coimbatore,Electronics,Laptop,1,86766,18767
ORD05512,11-07-2024,July,Diya Singh,Indore,Home & Kitchen,Mixer Grinder,5,16956,4460
ORD05513,25-09-2023,September,Aarav Sharma,Kochi,Electronics,Laptop,1,46464,9956
ORD05514,02-09-2022,September,Amit Verma,Kochi,Home & Kitchen,Storage Container Set,1,497,63
ORD05515,18-09-2023,September,Ananya Iyer,Hyderabad,Home & Kitchen,Table Lamp,6,10080,1251
ORD05516,05-08-2024,August,Rohan Kulkarni,Indore,Home & Kitchen,Cookware Set,1,9220,856
ORD05517,19-01-2023,January,Aarav Sharma,Coimbatore,Electronics,Mouse,5,9213,1310
ORD05518,15-01-2024,January,Karan Malhotra,Mumbai,Electronics,Tablet,3,68573,14813
ORD05519,17-08-2024,August,Aarav Sharma,Indore,Electronics,Tablet,1,27479,3716
ORD05520,05-09-2023,September,Sana Khan,Delhi,Office Supplies,Stapler,5,646,50
ORD05521,27-07-2025,July,Nikhil Bansal,Delhi,Office Supplies,Notebook Set,1,425,105
ORD05522,05-06-2024,June,Riya Kapoor,Delhi,Furniture,Bookshelf,2,12915,1280
ORD05523,10-04-2023,April,Sneha Bose,Kochi,Clothing,T-Shirt,4,3747,465
ORD05524,22-10-2025,October,Zoya Das,Surat,Electronics,Tablet,1,34329,8355
ORD05525,24-05-2022,May,Karan Malhotra,Ahmedabad,Electronics,Mouse,1,1939,188
ORD05526,24-12-2023,December,Zoya Das,Lucknow,Furniture,Bookshelf,1,7090,610
ORD05527,16-12-2022,December,Arjun Mehta,Jaipur,Office Supplies,Notebook Set,3,687,167
ORD05528,14-05-2024,May,Ananya Iyer,Ahmedabad,Furniture,Sofa,1,43973,8090
ORD05529,31-12-2023,December,Sneha Bose,Indore,Clothing,Jeans,1,1676,358
ORD05530,02-05-2022,May,Karan Malhotra,Nagpur,Home & Kitchen,Water Bottle,3,1479,332
ORD05531,06-02-2023,February,Manish Yadav,Chennai,Electronics,Smartphone,1,18516,4721
ORD05532,17-10-2022,October,Nikhil Bansal,Pune,Clothing,Jacket,4,15276,4087
ORD05533,12-07-2024,July,Riya Kapoor,Hyderabad,Furniture,Sofa,1,20509,3361
ORD05534,16-05-2024,May,Shreya Ghosh,Jaipur,Electronics,Monitor,3,38495,4005
ORD05535,02-04-2025,April,Aditi Patel,Coimbatore,Furniture,Coffee Table,2,15263,4066
ORD05536,18-09-2023,September,Kabir Jain,Lucknow,Clothing,Backpack,1,1195,150
ORD05537,22-02-2024,February,Diya Singh,Delhi,Home & Kitchen,Air Fryer,2,28939,3080
ORD05538,15-06-2023,June,Neha Reddy,Pune,Office Supplies,Pen Pack,1,301,34
ORD05539,17-04-2022,April,Diya Singh,Nagpur,Clothing,Jeans,1,1769,236
ORD05540,05-08-2022,August,Manish Yadav,Kochi,Electronics,Keyboard,1,1208,239
ORD05541,19-05-2022,May,Zoya Das,Bengaluru,Furniture,Sofa,3,141549,30657
ORD05542,08-12-2025,December,Arjun Mehta,Mumbai,Electronics,Laptop,1,77966,14884
ORD05543,25-04-2024,April,Kabir Jain,Chennai,Office Supplies,Printer Paper,2,954,160
ORD05544,31-05-2022,May,Tanvi Kulkarni,Chennai,Furniture,Coffee Table,1,5512,936
ORD05545,03-04-2024,April,Aarav Sharma,Coimbatore,Home & Kitchen,Air Fryer,2,18739,4786
ORD05546,17-02-2023,February,Pooja Sethi,Chennai,Furniture,Office Chair,3,20025,2683
ORD05547,26-11-2023,November,Diya Singh,Delhi,Electronics,Tablet,2,22883,5417
ORD05548,30-10-2022,October,Simran Kaur,Chennai,Office Supplies,Stapler,1,103,14
ORD05549,25-10-2022,October,Shreya Ghosh,Hyderabad,Furniture,Desk,4,44712,9027
ORD05550,08-06-2024,June,Simran Kaur,Jaipur,Office Supplies,Stapler,2,595,165
ORD05551,17-07-2025,July,Pooja Sethi,Kochi,Office Supplies,Notebook Set,3,382,82
ORD05552,17-10-2022,October,Ishaan Gupta,Chennai,Furniture,Coffee Table,1,4214,833
ORD05553,21-03-2023,March,Amit Verma,Kolkata,Home & Kitchen,Air Fryer,1,12292,874
ORD05554,12-03-2023,March,Rohan Kulkarni,Coimbatore,Furniture,Coffee Table,1,5909,360
ORD05555,04-08-2025,August,Priya Menon,Jaipur,Home & Kitchen,Air Fryer,4,27115,6067
ORD05556,29-06-2024,June,Sneha Bose,Bengaluru,Electronics,Keyboard,4,15278,1228
ORD05557,15-05-2022,May,Rahul Joshi,Mumbai,Clothing,Formal Shirt,3,3215,832
ORD05558,20-10-2023,October,Amit Verma,Indore,Electronics,Monitor,1,10022,897
ORD05559,18-03-2023,March,Neha Reddy,Mumbai,Home & Kitchen,Storage Container Set,1,507,71
ORD05560,24-06-2022,June,Kavya Nair,Ahmedabad,Furniture,Dining Table,1,27710,2164
ORD05561,31-07-2023,July,Kavya Nair,Chennai,Furniture,Coffee Table,1,6359,1326
ORD05562,08-12-2023,December,Zoya Das,Delhi,Electronics,Mouse,3,3441,256
ORD05563,27-10-2025,October,Ira Mukherjee,Bengaluru,Furniture,Sofa,1,38293,6961
ORD05564,08-11-2024,November,Riya Kapoor,Mumbai,Electronics,Monitor,1,13335,1635
ORD05565,13-04-2024,April,Ira Mukherjee,Delhi,Electronics,Monitor,1,22255,4524
ORD05566,06-07-2022,July,Kabir Jain,Ahmedabad,Home & Kitchen,Storage Container Set,1,1574,368
ORD05567,30-01-2024,January,Rahul Joshi,Lucknow,Office Supplies,Notebook Set,1,393,40
ORD05568,18-10-2022,October,Sana Khan,Pune,Electronics,Smartphone,2,62252,10139
ORD05569,25-05-2024,May,Shreya Ghosh,Surat,Clothing,Jeans,2,5468,1490
ORD05570,16-11-2025,November,Meera Shah,Nagpur,Furniture,Bookshelf,4,33195,5509
ORD05571,29-04-2024,April,Aditi Patel,Mumbai,Home & Kitchen,Mixer Grinder,6,37774,4178
ORD05572,29-07-2024,July,Meera Shah,Nagpur,Electronics,Laptop,3,162259,37178
ORD05573,16-02-2023,February,Neha Reddy,Kochi,Electronics,Laptop,3,261328,19376
ORD05574,22-07-2022,July,Tanvi Kulkarni,Indore,Electronics,Smartphone,1,67041,4307
ORD05575,21-07-2025,July,Zoya Das,Kochi,Furniture,Coffee Table,2,19487,4591
ORD05576,27-08-2022,August,Pooja Sethi,Lucknow,Electronics,Mouse,2,3250,629
ORD05577,19-02-2022,February,Karan Malhotra,Bengaluru,Clothing,Backpack,4,9234,2283
ORD05578,10-11-2024,November,Manish Yadav,Mumbai,Electronics,Tablet,2,29785,5322
ORD05579,23-02-2023,February,Aditya Desai,Nagpur,Electronics,Headphones,4,32487,6289
ORD05580,03-12-2022,December,Amit Verma,Coimbatore,Clothing,Sneakers,2,7912,1216
ORD05581,29-09-2024,September,Ira Mukherjee,Jaipur,Electronics,Monitor,1,16873,4222
ORD05582,08-08-2022,August,Pooja Sethi,Indore,Clothing,Jeans,2,6241,675
ORD05583,12-08-2022,August,Pooja Sethi,Hyderabad,Furniture,Coffee Table,1,5346,889
ORD05584,24-06-2025,June,Simran Kaur,Kolkata,Electronics,Tablet,2,51789,5074
ORD05585,16-06-2023,June,Riya Kapoor,Delhi,Furniture,Desk,1,11676,2248
ORD05586,25-02-2024,February,Ira Mukherjee,Mumbai,Office Supplies,Pen Pack,1,204,43
ORD05587,17-06-2023,June,Aarav Sharma,Pune,Electronics,Smartphone,3,172333,30981
ORD05588,05-12-2022,December,Pooja Sethi,Ahmedabad,Furniture,Coffee Table,2,15374,1501
ORD05589,12-12-2025,December,Kabir Jain,Ahmedabad,Clothing,Formal Shirt,2,4736,396
ORD05590,10-02-2023,February,Sneha Bose,Indore,Electronics,Mouse,1,1365,100
ORD05591,21-09-2025,September,Sana Khan,Lucknow,Electronics,Tablet,1,28151,5798
ORD05592,30-05-2025,May,Zoya Das,Kochi,Furniture,Bookshelf,1,3871,465
ORD05593,22-04-2023,April,Arjun Mehta,Delhi,Electronics,Laptop,2,106879,9361
ORD05594,08-08-2024,August,Kabir Jain,Nagpur,Office Supplies,Desk Organizer,2,1972,200
ORD05595,03-11-2025,November,Shreya Ghosh,Bengaluru,Furniture,Desk,1,7582,1345
ORD05596,16-09-2025,September,Diya Singh,Nagpur,Clothing,Jacket,2,8285,1509
ORD05597,18-07-2023,July,Rohan Kulkarni,Jaipur,Clothing,Sneakers,1,5069,600
ORD05598,22-09-2024,September,Varun Chawla,Lucknow,Home & Kitchen,Table Lamp,2,4089,630
ORD05599,18-10-2025,October,Rohan Kulkarni,Jaipur,Furniture,Desk,1,13207,1830
ORD05600,20-01-2024,January,Aditya Desai,Lucknow,Electronics,Speaker,1,3514,306
ORD05601,22-09-2025,September,Rohan Kulkarni,Ahmedabad,Electronics,Monitor,1,9103,2252
ORD05602,02-05-2024,May,Meera Shah,Delhi,Electronics,Tablet,2,51361,9317
ORD05603,11-10-2023,October,Rohan Kulkarni,Jaipur,Clothing,Jacket,2,7390,718
ORD05604,26-11-2022,November,Pooja Sethi,Hyderabad,Furniture,Coffee Table,1,7218,451
ORD05605,22-07-2023,July,Kavya Nair,Surat,Clothing,T-Shirt,1,1005,252
ORD05606,26-07-2022,July,Manish Yadav,Pune,Clothing,Formal Shirt,4,6258,1277
ORD05607,25-05-2022,May,Aditi Patel,Hyderabad,Office Supplies,Desk Organizer,1,1125,176
ORD05608,15-12-2025,December,Neha Reddy,Hyderabad,Clothing,Sneakers,1,1771,349
ORD05609,09-08-2023,August,Aarav Sharma,Kolkata,Electronics,Tablet,1,36453,7402
ORD05610,27-08-2023,August,Priya Menon,Ahmedabad,Electronics,Keyboard,1,2431,375
ORD05611,25-05-2024,May,Rahul Joshi,Chennai,Electronics,Mouse,3,3440,662
ORD05612,02-04-2024,April,Riya Kapoor,Delhi,Home & Kitchen,Cookware Set,1,4104,472
ORD05613,27-10-2022,October,Aarav Sharma,Bengaluru,Electronics,Keyboard,2,6882,1145
ORD05614,25-05-2024,May,Zoya Das,Jaipur,Electronics,Tablet,2,33588,2625
ORD05615,17-10-2023,October,Rahul Joshi,Surat,Electronics,Smartphone,5,299432,23552
ORD05616,09-11-2025,November,Amit Verma,Jaipur,Furniture,Coffee Table,1,8379,2113
ORD05617,02-05-2024,May,Priya Menon,Bengaluru,Furniture,Desk,3,31329,6593
ORD05618,06-06-2023,June,Nikhil Bansal,Lucknow,Electronics,Mouse,1,1326,170
ORD05619,10-08-2025,August,Ishaan Gupta,Hyderabad,Furniture,Dining Table,1,28921,4250
ORD05620,05-10-2023,October,Varun Chawla,Ahmedabad,Clothing,Formal Shirt,1,720,85
ORD05621,03-06-2024,June,Kabir Jain,Delhi,Office Supplies,Notebook Set,1,583,92
ORD05622,28-07-2023,July,Ishaan Gupta,Lucknow,Electronics,Monitor,1,8782,2427
ORD05623,27-12-2024,December,Rahul Joshi,Ahmedabad,Office Supplies,Printer Paper,6,3710,622
ORD05624,30-06-2022,June,Shreya Ghosh,Chennai,Electronics,Tablet,1,20377,1872
ORD05625,24-01-2022,January,Pooja Sethi,Kolkata,Office Supplies,Pen Pack,2,123,18
ORD05626,21-05-2024,May,Ananya Iyer,Pune,Clothing,Formal Shirt,2,4851,907
ORD05627,07-03-2023,March,Sneha Bose,Ahmedabad,Home & Kitchen,Storage Container Set,5,1832,494
ORD05628,11-06-2024,June,Devika Pillai,Coimbatore,Electronics,Monitor,1,19137,3492
ORD05629,03-11-2022,November,Arjun Mehta,Chennai,Office Supplies,Notebook Set,4,1572,203
ORD05630,22-09-2023,September,Karan Malhotra,Ahmedabad,Furniture,Office Chair,2,28509,5960
ORD05631,11-05-2022,May,Varun Chawla,Indore,Home & Kitchen,Cookware Set,1,9184,1416
ORD05632,22-06-2024,June,Ira Mukherjee,Coimbatore,Clothing,Jacket,1,3331,677
ORD05633,14-03-2025,March,Priya Menon,Nagpur,Office Supplies,Notebook Set,2,660,87
ORD05634,27-03-2023,March,Devika Pillai,Bengaluru,Electronics,Tablet,3,30754,6084
ORD05635,01-10-2023,October,Rahul Joshi,Coimbatore,Furniture,Sofa,4,249408,31542
ORD05636,27-05-2023,May,Riya Kapoor,Pune,Electronics,Monitor,2,27210,4839
ORD05637,07-07-2025,July,Tanvi Kulkarni,Hyderabad,Electronics,Speaker,2,9148,2295
ORD05638,02-05-2023,May,Karan Malhotra,Lucknow,Office Supplies,Desk Organizer,3,3500,347
ORD05639,05-10-2022,October,Karan Malhotra,Mumbai,Home & Kitchen,Air Fryer,5,31903,3350
ORD05640,31-03-2022,March,Shreya Ghosh,Coimbatore,Office Supplies,Desk Organizer,1,205,14
ORD05641,18-12-2023,December,Rahul Joshi,Pune,Electronics,Speaker,1,5400,1140
ORD05642,03-07-2024,July,Sana Khan,Nagpur,Furniture,Bookshelf,1,6420,1096
ORD05643,07-10-2023,October,Aditi Patel,Mumbai,Electronics,Smartphone,1,54624,10626
ORD05644,13-11-2024,November,Shreya Ghosh,Kolkata,Furniture,Dining Table,1,30927,6572
ORD05645,09-09-2022,September,Simran Kaur,Ahmedabad,Office Supplies,Desk Organizer,2,1204,249
ORD05646,16-06-2024,June,Meera Shah,Coimbatore,Electronics,Monitor,4,46221,5190
ORD05647,25-08-2023,August,Rohan Kulkarni,Delhi,Clothing,Sneakers,3,7606,2014
ORD05648,03-05-2025,May,Priya Menon,Lucknow,Furniture,Coffee Table,3,31789,3212
ORD05649,25-02-2022,February,Meera Shah,Ahmedabad,Office Supplies,Stapler,4,665,81
ORD05650,01-10-2024,October,Diya Singh,Bengaluru,Office Supplies,Printer Paper,1,335,57
ORD05651,12-02-2023,February,Meera Shah,Ahmedabad,Office Supplies,Notebook Set,1,221,56
ORD05652,12-03-2022,March,Diya Singh,Ahmedabad,Clothing,Formal Shirt,2,5330,381
ORD05653,17-11-2025,November,Kavya Nair,Ahmedabad,Home & Kitchen,Air Fryer,4,38625,6109
ORD05654,15-05-2023,May,Varun Chawla,Kolkata,Office Supplies,File Folder Set,4,2722,435
ORD05655,17-02-2024,February,Aarav Sharma,Lucknow,Clothing,T-Shirt,2,1361,125
ORD05656,23-07-2025,July,Sneha Bose,Bengaluru,Office Supplies,File Folder Set,6,2116,390
ORD05657,11-01-2024,January,Simran Kaur,Hyderabad,Office Supplies,Printer Paper,1,342,66
ORD05658,05-09-2024,September,Kavya Nair,Nagpur,Clothing,Backpack,1,554,83
ORD05659,12-01-2025,January,Diya Singh,Chennai,Home & Kitchen,Cookware Set,3,26470,3603
ORD05660,22-06-2022,June,Manish Yadav,Chennai,Clothing,Sneakers,1,2612,596
ORD05661,12-05-2024,May,Aditya Desai,Delhi,Clothing,Sneakers,2,5919,916
ORD05662,16-06-2022,June,Varun Chawla,Kochi,Electronics,Mouse,2,2415,467
ORD05663,28-04-2022,April,Ananya Iyer,Surat,Clothing,Formal Shirt,2,2001,377
ORD05664,30-03-2024,March,Sana Khan,Delhi,Home & Kitchen,Cookware Set,1,1940,210
ORD05665,05-11-2022,November,Pooja Sethi,Jaipur,Furniture,Office Chair,3,21582,3586
ORD05666,22-11-2025,November,Vikram Rao,Jaipur,Clothing,T-Shirt,1,334,29
ORD05667,11-08-2024,August,Ananya Iyer,Surat,Electronics,Monitor,2,46446,3256
ORD05668,04-08-2024,August,Zoya Das,Delhi,Furniture,Office Chair,2,19057,5246
ORD05669,30-08-2024,August,Ananya Iyer,Bengaluru,Electronics,Mouse,3,4115,1125
ORD05670,03-04-2022,April,Meera Shah,Chennai,Clothing,Formal Shirt,5,10493,2356
ORD05671,29-08-2024,August,Arjun Mehta,Surat,Electronics,Speaker,3,14885,3401
ORD05672,22-11-2024,November,Zoya Das,Ahmedabad,Electronics,Speaker,1,2592,499
ORD05673,25-10-2022,October,Shreya Ghosh,Pune,Electronics,Laptop,3,242529,41306
ORD05674,31-08-2025,August,Aarav Sharma,Ahmedabad,Clothing,Backpack,1,2323,248
ORD05675,11-09-2023,September,Tanvi Kulkarni,Ahmedabad,Home & Kitchen,Water Bottle,2,1519,206
ORD05676,24-03-2023,March,Rahul Joshi,Kochi,Electronics,Mouse,3,6558,1214
ORD05677,15-04-2025,April,Shreya Ghosh,Lucknow,Electronics,Smartphone,1,16221,1272
ORD05678,04-03-2022,March,Sneha Bose,Surat,Clothing,T-Shirt,1,1046,84
ORD05679,04-04-2023,April,Neha Reddy,Indore,Electronics,Monitor,1,22269,1481
ORD05680,09-09-2023,September,Ira Mukherjee,Delhi,Furniture,Bookshelf,3,15164,3231
ORD05681,08-01-2024,January,Meera Shah,Kochi,Clothing,T-Shirt,5,1294,158
ORD05682,21-06-2022,June,Priya Menon,Kochi,Home & Kitchen,Table Lamp,2,3520,762
ORD05683,28-04-2022,April,Arjun Mehta,Delhi,Clothing,T-Shirt,1,311,30
ORD05684,16-09-2022,September,Zoya Das,Lucknow,Clothing,Sneakers,2,6078,646
ORD05685,01-02-2025,February,Pooja Sethi,Hyderabad,Clothing,T-Shirt,1,380,28
ORD05686,04-10-2023,October,Pooja Sethi,Delhi,Electronics,Speaker,1,2680,457
ORD05687,29-03-2025,March,Karan Malhotra,Chennai,Office Supplies,Pen Pack,3,575,59
ORD05688,11-08-2025,August,Sneha Bose,Surat,Furniture,Bookshelf,1,6831,1297
ORD05689,22-09-2024,September,Sana Khan,Delhi,Electronics,Smartphone,1,29372,2813
ORD05690,05-01-2022,January,Devika Pillai,Jaipur,Electronics,Mouse,2,1520,263
ORD05691,05-08-2023,August,Vikram Rao,Jaipur,Electronics,Smartphone,2,110368,18125
ORD05692,26-08-2022,August,Aditi Patel,Kolkata,Clothing,Backpack,4,9667,1400
ORD05693,22-09-2024,September,Vikram Rao,Delhi,Furniture,Office Chair,1,7132,1049
ORD05694,24-01-2025,January,Aditi Patel,Chennai,Clothing,Sneakers,1,3977,604
ORD05695,11-04-2024,April,Ishaan Gupta,Pune,Electronics,Tablet,3,41201,10127
ORD05696,27-08-2023,August,Kavya Nair,Coimbatore,Office Supplies,Desk Organizer,2,2045,127
ORD05697,10-04-2022,April,Aarav Sharma,Delhi,Furniture,Dining Table,1,18509,1986
ORD05698,07-12-2022,December,Neha Reddy,Lucknow,Electronics,Keyboard,4,13120,812
ORD05699,25-03-2023,March,Nikhil Bansal,Coimbatore,Clothing,Backpack,4,7660,1522
ORD05700,31-12-2023,December,Amit Verma,Bengaluru,Electronics,Monitor,3,46898,9068
ORD05701,10-08-2023,August,Rahul Joshi,Mumbai,Furniture,Bookshelf,5,47799,7861
ORD05702,26-05-2025,May,Aditi Patel,Coimbatore,Electronics,Speaker,3,16692,1299
ORD05703,10-03-2023,March,Simran Kaur,Hyderabad,Clothing,Backpack,2,5401,607
ORD05704,26-04-2025,April,Varun Chawla,Bengaluru,Office Supplies,File Folder Set,5,3410,731
ORD05705,29-11-2023,November,Neha Reddy,Indore,Electronics,Mouse,2,1556,291
ORD05706,25-05-2023,May,Neha Reddy,Nagpur,Home & Kitchen,Storage Container Set,1,438,76
ORD05707,20-06-2025,June,Amit Verma,Nagpur,Electronics,Speaker,1,3979,1051
ORD05708,25-07-2023,July,Vikram Rao,Delhi,Clothing,Jacket,2,5707,648
ORD05709,15-03-2024,March,Diya Singh,Coimbatore,Electronics,Tablet,1,33720,7123
ORD05710,17-03-2025,March,Rahul Joshi,Kolkata,Clothing,Sneakers,1,4128,840
ORD05711,10-10-2022,October,Priya Menon,Coimbatore,Electronics,Keyboard,1,3139,592
ORD05712,12-04-2023,April,Rohan Kulkarni,Indore,Clothing,Formal Shirt,1,2474,419
ORD05713,26-07-2022,July,Kabir Jain,Pune,Home & Kitchen,Air Fryer,3,16047,1866
ORD05714,29-03-2022,March,Shreya Ghosh,Indore,Home & Kitchen,Air Fryer,1,7615,2116
ORD05715,02-10-2023,October,Meera Shah,Indore,Electronics,Headphones,5,24909,3976
ORD05716,15-10-2022,October,Ira Mukherjee,Surat,Electronics,Smartphone,4,237768,64819
ORD05717,21-04-2025,April,Devika Pillai,Kolkata,Clothing,Backpack,1,1740,480
ORD05718,05-03-2025,March,Aarav Sharma,Mumbai,Clothing,Jacket,3,10698,2017
ORD05719,26-07-2024,July,Shreya Ghosh,Hyderabad,Electronics,Laptop,1,59238,14631
ORD05720,04-11-2024,November,Aditi Patel,Surat,Electronics,Keyboard,5,12782,2256
ORD05721,04-04-2022,April,Rohan Kulkarni,Mumbai,Electronics,Laptop,1,87166,7941
ORD05722,07-01-2022,January,Meera Shah,Coimbatore,Electronics,Mouse,1,731,168
ORD05723,25-09-2024,September,Manish Yadav,Surat,Home & Kitchen,Air Fryer,2,12920,2735
ORD05724,24-07-2022,July,Neha Reddy,Bengaluru,Office Supplies,Desk Organizer,2,1764,136
ORD05725,30-04-2025,April,Ishaan Gupta,Jaipur,Office Supplies,Desk Organizer,5,3487,461
ORD05726,16-12-2023,December,Pooja Sethi,Kolkata,Clothing,Formal Shirt,1,2574,539
ORD05727,27-10-2022,October,Rohan Kulkarni,Indore,Furniture,Sofa,2,50220,12432
ORD05728,01-02-2025,February,Ira Mukherjee,Chennai,Electronics,Monitor,1,25116,4869
ORD05729,21-06-2024,June,Kabir Jain,Bengaluru,Home & Kitchen,Air Fryer,4,30916,2011
ORD05730,27-07-2023,July,Aditi Patel,Jaipur,Home & Kitchen,Air Fryer,1,4935,411
ORD05731,14-02-2025,February,Devika Pillai,Indore,Electronics,Smartphone,1,36588,8900
ORD05732,02-07-2025,July,Kavya Nair,Indore,Office Supplies,Stapler,3,1313,310
ORD05733,22-05-2022,May,Pooja Sethi,Pune,Furniture,Coffee Table,1,5114,1250
ORD05734,04-03-2022,March,Riya Kapoor,Pune,Furniture,Bookshelf,2,22280,3341
ORD05735,20-06-2025,June,Tanvi Kulkarni,Chennai,Furniture,Sofa,1,27758,5675
ORD05736,19-10-2024,October,Ishaan Gupta,Kolkata,Clothing,T-Shirt,1,886,136
ORD05737,07-06-2025,June,Neha Reddy,Surat,Home & Kitchen,Cookware Set,2,10289,2211
ORD05738,20-11-2025,November,Priya Menon,Pune,Furniture,Sofa,1,34241,9339
ORD05739,24-04-2025,April,Varun Chawla,Indore,Clothing,T-Shirt,1,1164,132
ORD05740,19-09-2023,September,Manish Yadav,Surat,Home & Kitchen,Storage Container Set,2,2480,252
ORD05741,07-08-2024,August,Nikhil Bansal,Pune,Office Supplies,Printer Paper,1,872,135
ORD05742,21-11-2022,November,Simran Kaur,Delhi,Home & Kitchen,Water Bottle,3,1331,249
ORD05743,02-01-2025,January,Pooja Sethi,Coimbatore,Electronics,Mouse,1,2109,324
ORD05744,09-12-2022,December,Manish Yadav,Ahmedabad,Clothing,Jacket,1,2512,442
ORD05745,19-07-2022,July,Sneha Bose,Surat,Home & Kitchen,Air Fryer,1,8800,1975
ORD05746,03-08-2024,August,Amit Verma,Surat,Office Supplies,Stapler,3,310,68
ORD05747,12-06-2024,June,Sneha Bose,Mumbai,Electronics,Smartphone,3,79234,16911
ORD05748,18-04-2022,April,Kabir Jain,Bengaluru,Office Supplies,Notebook Set,4,1525,343
ORD05749,11-09-2023,September,Shreya Ghosh,Bengaluru,Electronics,Laptop,1,84749,9605
ORD05750,12-09-2023,September,Simran Kaur,Nagpur,Furniture,Coffee Table,1,9918,1711
ORD05751,23-06-2024,June,Varun Chawla,Mumbai,Clothing,Sneakers,2,9921,1887
ORD05752,03-12-2023,December,Aditya Desai,Chennai,Electronics,Mouse,5,6843,1373
ORD05753,08-07-2025,July,Sneha Bose,Indore,Clothing,Formal Shirt,2,2498,340
ORD05754,12-02-2024,February,Neha Reddy,Bengaluru,Home & Kitchen,Table Lamp,2,4896,896
ORD05755,16-04-2023,April,Aarav Sharma,Lucknow,Office Supplies,Printer Paper,2,797,129
ORD05756,02-01-2022,January,Aditya Desai,Mumbai,Electronics,Speaker,2,11543,2735
ORD05757,04-05-2024,May,Ananya Iyer,Delhi,Office Supplies,Desk Organizer,1,1083,261
ORD05758,29-12-2025,December,Vikram Rao,Coimbatore,Electronics,Monitor,2,17714,4118
ORD05759,16-10-2025,October,Kavya Nair,Kolkata,Clothing,Formal Shirt,4,7861,2041
ORD05760,06-03-2023,March,Aarav Sharma,Kolkata,Home & Kitchen,Cookware Set,1,4554,778
ORD05761,09-02-2024,February,Rahul Joshi,Ahmedabad,Home & Kitchen,Air Fryer,1,6502,903
ORD05762,10-12-2025,December,Riya Kapoor,Kolkata,Clothing,Backpack,4,3067,474
ORD05763,08-11-2024,November,Aditya Desai,Pune,Furniture,Desk,1,15194,2727
ORD05764,03-05-2024,May,Varun Chawla,Lucknow,Furniture,Office Chair,1,14224,1925
ORD05765,25-10-2023,October,Rohan Kulkarni,Lucknow,Electronics,Headphones,4,3643,520
ORD05766,05-08-2022,August,Karan Malhotra,Ahmedabad,Home & Kitchen,Mixer Grinder,2,10573,1392
ORD05767,17-03-2025,March,Diya Singh,Kolkata,Furniture,Office Chair,1,4085,958
ORD05768,17-02-2022,February,Ananya Iyer,Coimbatore,Electronics,Tablet,3,80535,20189
ORD05769,19-07-2022,July,Kavya Nair,Nagpur,Home & Kitchen,Storage Container Set,1,1529,152
ORD05770,10-03-2025,March,Neha Reddy,Indore,Electronics,Monitor,2,36091,2345
ORD05771,09-11-2024,November,Aditi Patel,Kolkata,Office Supplies,Printer Paper,2,1358,247
ORD05772,22-04-2023,April,Aditi Patel,Mumbai,Office Supplies,File Folder Set,1,504,75
ORD05773,18-01-2022,January,Ananya Iyer,Jaipur,Electronics,Monitor,2,31279,2062
ORD05774,17-02-2023,February,Arjun Mehta,Mumbai,Home & Kitchen,Mixer Grinder,2,10021,1388
ORD05775,29-01-2022,January,Shreya Ghosh,Jaipur,Furniture,Desk,1,17721,4190
ORD05776,23-01-2024,January,Zoya Das,Nagpur,Home & Kitchen,Mixer Grinder,2,11238,1398
ORD05777,15-02-2023,February,Priya Menon,Pune,Home & Kitchen,Air Fryer,2,15720,3529
ORD05778,07-11-2025,November,Rohan Kulkarni,Jaipur,Clothing,Formal Shirt,1,2862,417
ORD05779,08-11-2022,November,Diya Singh,Nagpur,Electronics,Speaker,3,20624,2381
ORD05780,09-03-2022,March,Devika Pillai,Mumbai,Clothing,Jacket,1,1354,304
ORD05781,17-01-2025,January,Kabir Jain,Delhi,Home & Kitchen,Cookware Set,2,9991,1154
ORD05782,04-07-2024,July,Ishaan Gupta,Jaipur,Office Supplies,Stapler,2,693,119
ORD05783,23-01-2024,January,Rohan Kulkarni,Jaipur,Home & Kitchen,Storage Container Set,4,3400,593
ORD05784,01-06-2022,June,Nikhil Bansal,Coimbatore,Office Supplies,Pen Pack,2,622,155
ORD05785,28-04-2022,April,Aditya Desai,Pune,Clothing,T-Shirt,1,946,141
ORD05786,27-10-2025,October,Kabir Jain,Indore,Electronics,Keyboard,1,3048,595
ORD05787,21-10-2022,October,Priya Menon,Lucknow,Furniture,Desk,1,6749,903
ORD05788,23-08-2025,August,Vikram Rao,Pune,Clothing,Formal Shirt,1,2134,521
ORD05789,03-12-2022,December,Simran Kaur,Coimbatore,Clothing,Jacket,2,4027,896
ORD05790,30-06-2024,June,Rahul Joshi,Indore,Office Supplies,Pen Pack,3,255,70
ORD05791,06-08-2024,August,Neha Reddy,Hyderabad,Electronics,Smartphone,1,24183,1878
ORD05792,04-10-2022,October,Meera Shah,Kolkata,Home & Kitchen,Table Lamp,1,2788,670
ORD05793,24-06-2022,June,Diya Singh,Delhi,Electronics,Monitor,1,25268,4939
ORD05794,21-09-2025,September,Tanvi Kulkarni,Hyderabad,Furniture,Sofa,4,77037,15091
ORD05795,22-08-2024,August,Kavya Nair,Coimbatore,Electronics,Monitor,1,19378,1656
ORD05796,03-10-2025,October,Varun Chawla,Chennai,Clothing,T-Shirt,3,3212,361
ORD05797,26-01-2025,January,Meera Shah,Mumbai,Home & Kitchen,Storage Container Set,2,1291,336
ORD05798,11-09-2022,September,Rahul Joshi,Indore,Furniture,Coffee Table,3,18623,4157
ORD05799,03-01-2025,January,Kavya Nair,Bengaluru,Electronics,Smartphone,4,210610,29992
ORD05800,20-05-2024,May,Ira Mukherjee,Kolkata,Office Supplies,Desk Organizer,3,2671,268
ORD05801,18-03-2023,March,Ishaan Gupta,Lucknow,Electronics,Laptop,6,481772,58644
ORD05802,26-07-2023,July,Nikhil Bansal,Hyderabad,Furniture,Bookshelf,2,13287,1720
ORD05803,23-07-2024,July,Rohan Kulkarni,Chennai,Electronics,Headphones,1,5062,1171
ORD05804,11-01-2022,January,Tanvi Kulkarni,Lucknow,Office Supplies,Stapler,1,331,46
ORD05805,06-10-2023,October,Riya Kapoor,Chennai,Clothing,Sneakers,1,2813,221
ORD05806,02-10-2022,October,Vikram Rao,Kolkata,Electronics,Headphones,1,5017,1365
ORD05807,05-12-2024,December,Riya Kapoor,Indore,Home & Kitchen,Water Bottle,1,627,82
ORD05808,03-09-2023,September,Kavya Nair,Lucknow,Furniture,Desk,2,17015,3248
ORD05809,18-04-2024,April,Priya Menon,Indore,Clothing,Jeans,1,1323,104
ORD05810,22-02-2025,February,Varun Chawla,Lucknow,Furniture,Office Chair,2,8456,1271
ORD05811,21-10-2025,October,Karan Malhotra,Indore,Furniture,Desk,5,69393,7842
ORD05812,11-09-2022,September,Karan Malhotra,Chennai,Home & Kitchen,Water Bottle,4,3393,698
ORD05813,06-02-2025,February,Meera Shah,Bengaluru,Home & Kitchen,Air Fryer,1,9336,1505
ORD05814,26-02-2025,February,Nikhil Bansal,Bengaluru,Home & Kitchen,Storage Container Set,2,1687,135
ORD05815,16-12-2025,December,Diya Singh,Hyderabad,Furniture,Desk,1,9749,1726
ORD05816,02-11-2022,November,Aditi Patel,Coimbatore,Clothing,Jacket,2,2879,391
ORD05817,29-06-2023,June,Varun Chawla,Lucknow,Clothing,Backpack,1,1721,217
ORD05818,02-10-2024,October,Meera Shah,Kochi,Furniture,Desk,3,31445,7446
ORD05819,15-01-2024,January,Shreya Ghosh,Ahmedabad,Home & Kitchen,Storage Container Set,2,1699,464
ORD05820,12-09-2023,September,Arjun Mehta,Ahmedabad,Furniture,Desk,2,19238,3234
ORD05821,25-03-2022,March,Vikram Rao,Lucknow,Office Supplies,File Folder Set,2,1092,157
ORD05822,17-04-2023,April,Varun Chawla,Chennai,Electronics,Monitor,3,70237,13167
ORD05823,13-06-2023,June,Zoya Das,Mumbai,Office Supplies,File Folder Set,3,329,92
ORD05824,05-02-2022,February,Riya Kapoor,Indore,Office Supplies,File Folder Set,2,744,168
ORD05825,08-06-2024,June,Aditi Patel,Hyderabad,Electronics,Smartphone,1,41123,7667
ORD05826,18-01-2023,January,Devika Pillai,Bengaluru,Electronics,Tablet,1,19337,1268
ORD05827,19-02-2022,February,Neha Reddy,Mumbai,Electronics,Headphones,2,3643,833
ORD05828,25-11-2024,November,Varun Chawla,Surat,Clothing,Jeans,2,4681,1177
ORD05829,18-10-2023,October,Arjun Mehta,Kochi,Clothing,Sneakers,3,11502,2513
ORD05830,01-07-2022,July,Meera Shah,Nagpur,Electronics,Smartphone,3,152973,40011
ORD05831,01-09-2025,September,Simran Kaur,Bengaluru,Furniture,Bookshelf,2,13985,2616
ORD05832,25-05-2023,May,Arjun Mehta,Kolkata,Home & Kitchen,Cookware Set,3,19377,4152
ORD05833,01-07-2023,July,Amit Verma,Hyderabad,Home & Kitchen,Storage Container Set,1,703,54
ORD05834,20-04-2024,April,Ishaan Gupta,Surat,Home & Kitchen,Mixer Grinder,2,14067,3199
ORD05835,20-05-2024,May,Zoya Das,Mumbai,Electronics,Tablet,2,63274,9663
ORD05836,02-07-2025,July,Rahul Joshi,Coimbatore,Electronics,Keyboard,6,23988,1675
ORD05837,24-06-2025,June,Meera Shah,Ahmedabad,Furniture,Desk,5,60996,7782
ORD05838,27-02-2025,February,Shreya Ghosh,Hyderabad,Office Supplies,Stapler,1,240,20
ORD05839,08-08-2024,August,Shreya Ghosh,Kolkata,Clothing,T-Shirt,1,883,73
ORD05840,08-03-2025,March,Ishaan Gupta,Mumbai,Home & Kitchen,Water Bottle,2,833,108
ORD05841,11-09-2023,September,Amit Verma,Hyderabad,Home & Kitchen,Table Lamp,4,4249,595
ORD05842,03-06-2023,June,Arjun Mehta,Lucknow,Electronics,Smartphone,2,108852,13443
ORD05843,20-05-2024,May,Kabir Jain,Mumbai,Office Supplies,Notebook Set,1,347,65
ORD05844,02-12-2024,December,Kavya Nair,Kochi,Electronics,Keyboard,1,3572,262
ORD05845,29-06-2024,June,Pooja Sethi,Pune,Electronics,Mouse,1,1113,197
ORD05846,28-03-2023,March,Shreya Ghosh,Jaipur,Home & Kitchen,Mixer Grinder,1,7312,711
ORD05847,11-02-2023,February,Rohan Kulkarni,Pune,Electronics,Laptop,3,126522,30471
ORD05848,21-08-2023,August,Sana Khan,Delhi,Electronics,Headphones,1,2164,413
ORD05849,13-06-2025,June,Vikram Rao,Indore,Clothing,Jeans,4,10418,1483
ORD05850,08-07-2025,July,Ananya Iyer,Hyderabad,Clothing,Jeans,3,7638,489
ORD05851,28-02-2022,February,Rahul Joshi,Jaipur,Clothing,Jeans,2,2103,455
ORD05852,05-09-2024,September,Rahul Joshi,Surat,Office Supplies,Pen Pack,1,117,9
ORD05853,18-07-2023,July,Rahul Joshi,Coimbatore,Clothing,Jacket,2,5357,768
ORD05854,22-11-2022,November,Neha Reddy,Chennai,Clothing,Backpack,3,6455,1377
ORD05855,09-07-2022,July,Varun Chawla,Delhi,Clothing,Sneakers,5,20412,3466
ORD05856,16-09-2025,September,Priya Menon,Mumbai,Office Supplies,Desk Organizer,1,385,42
ORD05857,11-02-2022,February,Aditya Desai,Delhi,Home & Kitchen,Air Fryer,3,27962,4174
ORD05858,20-01-2025,January,Ananya Iyer,Hyderabad,Clothing,Backpack,3,1469,282
ORD05859,19-08-2023,August,Manish Yadav,Delhi,Furniture,Desk,2,16784,2628
ORD05860,01-12-2025,December,Pooja Sethi,Jaipur,Electronics,Headphones,1,3132,659
ORD05861,01-07-2025,July,Pooja Sethi,Indore,Clothing,T-Shirt,1,1173,174
ORD05862,14-03-2022,March,Rahul Joshi,Surat,Home & Kitchen,Cookware Set,2,13350,1574
ORD05863,19-02-2023,February,Kavya Nair,Lucknow,Furniture,Dining Table,3,33995,6720
ORD05864,17-03-2024,March,Vikram Rao,Coimbatore,Office Supplies,Desk Organizer,3,2858,268
ORD05865,17-12-2025,December,Arjun Mehta,Ahmedabad,Office Supplies,File Folder Set,2,1253,127
ORD05866,10-09-2022,September,Priya Menon,Surat,Home & Kitchen,Water Bottle,4,2559,612
ORD05867,10-09-2025,September,Sana Khan,Surat,Office Supplies,Notebook Set,4,511,76
ORD05868,03-12-2023,December,Devika Pillai,Jaipur,Office Supplies,Printer Paper,1,888,106
ORD05869,18-07-2023,July,Priya Menon,Coimbatore,Furniture,Office Chair,2,20614,3040
ORD05870,15-09-2024,September,Rahul Joshi,Chennai,Home & Kitchen,Mixer Grinder,1,7355,610
ORD05871,13-04-2023,April,Tanvi Kulkarni,Kochi,Furniture,Office Chair,4,43017,8118
ORD05872,29-04-2025,April,Devika Pillai,Lucknow,Clothing,Formal Shirt,3,6927,590
ORD05873,06-05-2025,May,Vikram Rao,Kochi,Home & Kitchen,Cookware Set,1,3024,830
ORD05874,22-04-2025,April,Tanvi Kulkarni,Kolkata,Home & Kitchen,Mixer Grinder,1,5318,477
ORD05875,24-03-2023,March,Pooja Sethi,Surat,Office Supplies,Stapler,2,1055,273
ORD05876,25-11-2023,November,Neha Reddy,Chennai,Furniture,Dining Table,4,81898,13992
ORD05877,11-07-2023,July,Kabir Jain,Chennai,Clothing,Jeans,1,1849,373
ORD05878,20-05-2023,May,Ira Mukherjee,Lucknow,Office Supplies,Stapler,3,1094,201
ORD05879,18-11-2024,November,Amit Verma,Mumbai,Home & Kitchen,Mixer Grinder,3,20836,1842
ORD05880,27-05-2025,May,Sneha Bose,Ahmedabad,Office Supplies,File Folder Set,2,1009,79
ORD05881,22-04-2025,April,Tanvi Kulkarni,Hyderabad,Clothing,Sneakers,3,8939,1710
ORD05882,16-06-2023,June,Sana Khan,Chennai,Clothing,Backpack,2,4781,433
ORD05883,07-12-2023,December,Ananya Iyer,Coimbatore,Home & Kitchen,Air Fryer,2,26029,7253
ORD05884,09-04-2023,April,Priya Menon,Nagpur,Furniture,Bookshelf,1,8005,2182
ORD05885,03-09-2024,September,Karan Malhotra,Kolkata,Home & Kitchen,Storage Container Set,4,1703,295
ORD05886,11-05-2023,May,Devika Pillai,Kolkata,Electronics,Monitor,1,8753,1767
ORD05887,23-05-2025,May,Rohan Kulkarni,Kolkata,Office Supplies,Notebook Set,3,1292,228
ORD05888,25-11-2025,November,Pooja Sethi,Kochi,Office Supplies,Desk Organizer,1,261,63
ORD05889,10-12-2024,December,Ishaan Gupta,Lucknow,Home & Kitchen,Air Fryer,2,19797,3752
ORD05890,25-03-2022,March,Varun Chawla,Delhi,Electronics,Speaker,3,20733,3747
ORD05891,20-04-2023,April,Riya Kapoor,Indore,Electronics,Tablet,1,37244,5893
ORD05892,28-04-2025,April,Rohan Kulkarni,Kolkata,Home & Kitchen,Mixer Grinder,1,11366,879
ORD05893,02-04-2024,April,Ira Mukherjee,Chennai,Office Supplies,Printer Paper,2,1004,86
ORD05894,20-01-2024,January,Manish Yadav,Nagpur,Furniture,Office Chair,5,69984,6759
ORD05895,06-06-2023,June,Manish Yadav,Indore,Clothing,Sneakers,1,3384,624
ORD05896,05-09-2024,September,Pooja Sethi,Lucknow,Home & Kitchen,Mixer Grinder,2,7727,919
ORD05897,20-02-2022,February,Sneha Bose,Ahmedabad,Electronics,Headphones,2,11304,1168
ORD05898,23-06-2024,June,Sneha Bose,Surat,Furniture,Sofa,2,100824,12984
ORD05899,04-07-2025,July,Meera Shah,Kolkata,Furniture,Dining Table,2,46129,10589
ORD05900,28-11-2023,November,Karan Malhotra,Kolkata,Home & Kitchen,Storage Container Set,1,638,84
ORD05901,08-10-2025,October,Amit Verma,Pune,Office Supplies,Notebook Set,1,395,51
ORD05902,22-01-2022,January,Manish Yadav,Surat,Electronics,Mouse,1,1414,259
ORD05903,08-01-2024,January,Neha Reddy,Bengaluru,Electronics,Monitor,1,22064,3929
ORD05904,02-10-2023,October,Aarav Sharma,Coimbatore,Office Supplies,Pen Pack,3,241,31
ORD05905,06-03-2025,March,Simran Kaur,Surat,Furniture,Office Chair,2,24792,3281
ORD05906,24-05-2023,May,Rohan Kulkarni,Surat,Furniture,Bookshelf,2,16559,1534
ORD05907,29-06-2024,June,Meera Shah,Coimbatore,Furniture,Desk,2,39142,6056
ORD05908,17-05-2022,May,Diya Singh,Chennai,Clothing,Sneakers,1,1370,127
ORD05909,23-05-2023,May,Ira Mukherjee,Kolkata,Electronics,Keyboard,2,4850,1250
ORD05910,23-03-2024,March,Kabir Jain,Coimbatore,Furniture,Coffee Table,3,27025,5070
ORD05911,02-06-2023,June,Nikhil Bansal,Jaipur,Furniture,Coffee Table,2,20843,5215
ORD05912,03-09-2024,September,Kabir Jain,Kochi,Furniture,Bookshelf,1,4403,358
ORD05913,15-04-2025,April,Pooja Sethi,Kochi,Clothing,Jacket,2,11655,2923
ORD05914,18-04-2024,April,Amit Verma,Bengaluru,Clothing,Jacket,1,5058,818
ORD05915,08-03-2022,March,Tanvi Kulkarni,Hyderabad,Home & Kitchen,Table Lamp,2,3448,759
ORD05916,05-08-2023,August,Sneha Bose,Mumbai,Furniture,Desk,1,15670,3322
ORD05917,23-09-2024,September,Shreya Ghosh,Nagpur,Electronics,Keyboard,2,6361,1596
ORD05918,13-07-2024,July,Tanvi Kulkarni,Indore,Office Supplies,Pen Pack,1,78,10
ORD05919,24-09-2025,September,Ira Mukherjee,Bengaluru,Electronics,Monitor,1,21035,5110
ORD05920,01-12-2023,December,Ishaan Gupta,Coimbatore,Electronics,Mouse,5,10965,718
ORD05921,13-01-2025,January,Arjun Mehta,Bengaluru,Home & Kitchen,Air Fryer,3,20464,3180
ORD05922,04-01-2022,January,Devika Pillai,Mumbai,Office Supplies,Desk Organizer,1,756,177
ORD05923,14-12-2024,December,Diya Singh,Chennai,Home & Kitchen,Storage Container Set,4,2000,233
ORD05924,06-07-2025,July,Priya Menon,Ahmedabad,Electronics,Headphones,2,15136,1805
ORD05925,14-04-2024,April,Aditi Patel,Coimbatore,Clothing,T-Shirt,1,950,260
ORD05926,28-11-2024,November,Vikram Rao,Pune,Electronics,Tablet,3,50155,12663
ORD05927,14-05-2024,May,Diya Singh,Ahmedabad,Electronics,Monitor,2,18277,2331
ORD05928,16-12-2023,December,Riya Kapoor,Lucknow,Furniture,Desk,1,7064,572
ORD05929,18-11-2023,November,Priya Menon,Jaipur,Office Supplies,Printer Paper,4,3601,380
ORD05930,11-01-2023,January,Neha Reddy,Delhi,Office Supplies,File Folder Set,4,667,74
ORD05931,07-08-2022,August,Varun Chawla,Kolkata,Furniture,Coffee Table,1,5014,970
ORD05932,12-04-2023,April,Kabir Jain,Lucknow,Electronics,Smartphone,2,75585,20582
ORD05933,02-02-2023,February,Pooja Sethi,Nagpur,Electronics,Monitor,1,10247,2208
ORD05934,12-12-2023,December,Diya Singh,Nagpur,Office Supplies,Printer Paper,1,537,62
ORD05935,13-10-2024,October,Diya Singh,Bengaluru,Clothing,Sneakers,1,3170,845
ORD05936,13-12-2023,December,Varun Chawla,Coimbatore,Furniture,Desk,1,11398,2124
ORD05937,05-07-2022,July,Rohan Kulkarni,Kochi,Home & Kitchen,Mixer Grinder,3,7980,654
ORD05938,04-01-2023,January,Karan Malhotra,Indore,Home & Kitchen,Water Bottle,3,1436,283
ORD05939,31-07-2024,July,Rahul Joshi,Kochi,Home & Kitchen,Mixer Grinder,2,20996,3511
ORD05940,21-12-2024,December,Shreya Ghosh,Indore,Furniture,Sofa,1,62896,4879
ORD05941,17-07-2024,July,Arjun Mehta,Hyderabad,Office Supplies,Desk Organizer,1,579,106
ORD05942,15-01-2024,January,Ananya Iyer,Pune,Clothing,Jacket,4,24436,2588
ORD05943,16-10-2025,October,Devika Pillai,Jaipur,Home & Kitchen,Storage Container Set,2,3187,368
ORD05944,01-12-2024,December,Ira Mukherjee,Chennai,Furniture,Bookshelf,2,6586,1280
ORD05945,03-12-2022,December,Kabir Jain,Pune,Electronics,Smartphone,3,168654,20986
ORD05946,10-12-2023,December,Riya Kapoor,Mumbai,Electronics,Smartphone,2,35711,6841
ORD05947,05-03-2023,March,Sana Khan,Hyderabad,Office Supplies,Notebook Set,4,1712,324
ORD05948,29-03-2023,March,Manish Yadav,Indore,Furniture,Desk,2,37813,7254
ORD05949,06-01-2023,January,Manish Yadav,Nagpur,Office Supplies,File Folder Set,2,303,27
ORD05950,23-03-2024,March,Sneha Bose,Chennai,Clothing,Jacket,2,10772,1003
ORD05951,15-12-2023,December,Simran Kaur,Nagpur,Electronics,Laptop,6,467085,59636
ORD05952,23-09-2022,September,Varun Chawla,Ahmedabad,Electronics,Tablet,2,68674,7953
ORD05953,03-02-2025,February,Kavya Nair,Delhi,Electronics,Monitor,1,20960,2266
ORD05954,07-05-2025,May,Vikram Rao,Hyderabad,Electronics,Mouse,3,1204,85
ORD05955,10-09-2025,September,Zoya Das,Hyderabad,Furniture,Bookshelf,1,10781,724
ORD05956,05-03-2022,March,Kabir Jain,Surat,Clothing,Backpack,3,3286,897
ORD05957,27-08-2025,August,Diya Singh,Delhi,Furniture,Bookshelf,1,3348,628
ORD05958,10-12-2023,December,Simran Kaur,Kochi,Electronics,Speaker,1,3776,977
ORD05959,19-04-2024,April,Vikram Rao,Mumbai,Office Supplies,File Folder Set,1,299,20
ORD05960,20-05-2025,May,Kavya Nair,Delhi,Home & Kitchen,Mixer Grinder,5,24261,4671
ORD05961,03-06-2025,June,Devika Pillai,Jaipur,Office Supplies,Printer Paper,1,262,17
ORD05962,11-03-2024,March,Pooja Sethi,Jaipur,Furniture,Office Chair,3,27709,5186
ORD05963,07-07-2023,July,Kavya Nair,Lucknow,Office Supplies,Pen Pack,2,430,59
ORD05964,15-10-2025,October,Meera Shah,Coimbatore,Office Supplies,Desk Organizer,4,858,175
ORD05965,21-12-2022,December,Ananya Iyer,Bengaluru,Furniture,Dining Table,1,16148,3829
ORD05966,26-05-2025,May,Ananya Iyer,Lucknow,Home & Kitchen,Water Bottle,3,1946,164
ORD05967,09-05-2024,May,Aarav Sharma,Lucknow,Electronics,Smartphone,1,64620,9515
ORD05968,23-08-2024,August,Rahul Joshi,Mumbai,Home & Kitchen,Water Bottle,2,847,165
ORD05969,10-05-2024,May,Rahul Joshi,Kolkata,Office Supplies,Printer Paper,3,2301,571
ORD05970,12-01-2023,January,Rohan Kulkarni,Chennai,Electronics,Laptop,3,170876,18315
ORD05971,03-08-2022,August,Neha Reddy,Kolkata,Furniture,Coffee Table,2,8723,1251
ORD05972,01-08-2023,August,Riya Kapoor,Nagpur,Home & Kitchen,Water Bottle,4,2095,417
ORD05973,10-06-2023,June,Aarav Sharma,Bengaluru,Home & Kitchen,Air Fryer,2,11481,1060
ORD05974,01-04-2025,April,Rohan Kulkarni,Hyderabad,Electronics,Speaker,1,2598,558
ORD05975,22-06-2024,June,Devika Pillai,Chennai,Clothing,T-Shirt,1,827,185
ORD05976,02-07-2024,July,Priya Menon,Pune,Office Supplies,Desk Organizer,1,670,150
ORD05977,22-04-2024,April,Aditi Patel,Kochi,Home & Kitchen,Air Fryer,2,18623,4392
ORD05978,15-10-2022,October,Amit Verma,Ahmedabad,Home & Kitchen,Air Fryer,5,38150,3428
ORD05979,12-08-2024,August,Manish Yadav,Indore,Home & Kitchen,Cookware Set,1,8037,1703
ORD05980,30-05-2022,May,Kabir Jain,Coimbatore,Electronics,Laptop,1,47393,10840
ORD05981,01-09-2024,September,Ananya Iyer,Mumbai,Home & Kitchen,Air Fryer,2,21817,2243
ORD05982,22-08-2022,August,Sana Khan,Kochi,Electronics,Tablet,1,11567,2020
ORD05983,31-12-2024,December,Devika Pillai,Hyderabad,Home & Kitchen,Cookware Set,2,6703,659
ORD05984,06-03-2024,March,Manish Yadav,Surat,Office Supplies,Notebook Set,3,1855,153
ORD05985,19-04-2023,April,Aarav Sharma,Ahmedabad,Office Supplies,Printer Paper,1,781,90
ORD05986,31-10-2024,October,Vikram Rao,Pune,Office Supplies,File Folder Set,3,878,204
ORD05987,09-04-2025,April,Amit Verma,Coimbatore,Clothing,Formal Shirt,2,4587,602
ORD05988,24-02-2025,February,Kavya Nair,Nagpur,Home & Kitchen,Storage Container Set,3,3867,331
ORD05989,22-03-2025,March,Aditi Patel,Coimbatore,Furniture,Coffee Table,3,15230,2540
ORD05990,17-11-2023,November,Ishaan Gupta,Kochi,Furniture,Office Chair,4,39032,9329
ORD05991,28-06-2023,June,Pooja Sethi,Kochi,Furniture,Dining Table,3,59304,5372
ORD05992,27-05-2022,May,Nikhil Bansal,Bengaluru,Office Supplies,Notebook Set,1,440,44
ORD05993,17-06-2025,June,Amit Verma,Pune,Furniture,Bookshelf,1,5398,832
ORD05994,07-10-2023,October,Aarav Sharma,Kochi,Furniture,Coffee Table,2,10246,2410
ORD05995,04-04-2024,April,Aditya Desai,Hyderabad,Home & Kitchen,Table Lamp,2,3745,466
ORD05996,30-03-2024,March,Ananya Iyer,Delhi,Furniture,Coffee Table,1,7038,1503
ORD05997,30-05-2023,May,Kavya Nair,Pune,Clothing,Backpack,1,1276,87
ORD05998,19-02-2024,February,Priya Menon,Kochi,Home & Kitchen,Air Fryer,1,9302,833
ORD05999,31-03-2025,March,Aditi Patel,Indore,Electronics,Tablet,2,70315,17325
ORD06000,14-03-2025,March,Devika Pillai,Lucknow,Electronics,Keyboard,2,4092,489
ORD06001,22-11-2024,November,Simran Kaur,Delhi,Furniture,Coffee Table,3,28657,3489
ORD06002,22-01-2025,January,Varun Chawla,Kolkata,Clothing,Jacket,2,11752,1997
ORD06003,05-03-2023,March,Vikram Rao,Nagpur,Electronics,Laptop,4,242310,46679
ORD06004,23-04-2024,April,Amit Verma,Jaipur,Electronics,Smartphone,4,198723,35711
ORD06005,01-03-2024,March,Arjun Mehta,Ahmedabad,Office Supplies,Pen Pack,1,134,12
ORD06006,07-03-2025,March,Aarav Sharma,Ahmedabad,Furniture,Office Chair,2,21905,2895
ORD06007,27-01-2023,January,Simran Kaur,Kolkata,Furniture,Bookshelf,2,17725,4098
ORD06008,28-04-2022,April,Sneha Bose,Chennai,Electronics,Keyboard,1,2756,214
ORD06009,30-01-2024,January,Rahul Joshi,Pune,Office Supplies,Printer Paper,2,935,105
ORD06010,09-10-2024,October,Meera Shah,Chennai,Electronics,Speaker,3,18591,2107
ORD06011,09-10-2025,October,Neha Reddy,Delhi,Office Supplies,Stapler,1,104,21
ORD06012,30-01-2024,January,Varun Chawla,Nagpur,Home & Kitchen,Mixer Grinder,1,9151,2274
ORD06013,21-07-2022,July,Riya Kapoor,Mumbai,Home & Kitchen,Air Fryer,1,12618,2428
ORD06014,13-05-2023,May,Rahul Joshi,Indore,Office Supplies,File Folder Set,5,3204,533
ORD06015,31-10-2023,October,Aditya Desai,Mumbai,Clothing,Sneakers,4,18060,4403
ORD06016,08-07-2022,July,Tanvi Kulkarni,Chennai,Furniture,Dining Table,1,10098,1691
ORD06017,14-08-2024,August,Kabir Jain,Jaipur,Clothing,Sneakers,1,4914,1010
ORD06018,07-11-2023,November,Priya Menon,Kolkata,Office Supplies,Pen Pack,1,78,16
ORD06019,16-06-2025,June,Simran Kaur,Indore,Office Supplies,File Folder Set,1,634,150
ORD06020,20-03-2025,March,Kavya Nair,Delhi,Electronics,Laptop,1,53905,5512
ORD06021,11-06-2022,June,Aarav Sharma,Mumbai,Home & Kitchen,Water Bottle,1,707,192
ORD06022,30-10-2022,October,Neha Reddy,Kochi,Electronics,Mouse,2,4251,416
ORD06023,18-10-2023,October,Arjun Mehta,Bengaluru,Furniture,Bookshelf,4,19786,3364
ORD06024,19-11-2024,November,Simran Kaur,Indore,Electronics,Monitor,4,71386,16042
ORD06025,28-08-2024,August,Priya Menon,Surat,Clothing,T-Shirt,5,4010,793
ORD06026,15-02-2025,February,Karan Malhotra,Delhi,Clothing,Jeans,2,4707,851
ORD06027,04-08-2024,August,Kabir Jain,Delhi,Clothing,Jacket,1,2430,329
ORD06028,22-12-2025,December,Diya Singh,Ahmedabad,Electronics,Headphones,3,16602,2002
ORD06029,31-07-2023,July,Sana Khan,Indore,Clothing,Jacket,1,5882,1091
ORD06030,29-10-2023,October,Shreya Ghosh,Lucknow,Electronics,Monitor,2,28281,4534
ORD06031,03-02-2024,February,Varun Chawla,Coimbatore,Furniture,Office Chair,2,7642,473
ORD06032,04-02-2023,February,Sneha Bose,Coimbatore,Clothing,Backpack,4,9317,1829
ORD06033,06-12-2022,December,Priya Menon,Hyderabad,Home & Kitchen,Mixer Grinder,1,9966,2350
ORD06034,30-04-2025,April,Ira Mukherjee,Coimbatore,Home & Kitchen,Table Lamp,5,15273,3044
ORD06035,11-08-2022,August,Amit Verma,Bengaluru,Home & Kitchen,Mixer Grinder,1,11016,2749
ORD06036,27-03-2022,March,Neha Reddy,Pune,Home & Kitchen,Table Lamp,2,5443,1510
ORD06037,06-03-2023,March,Diya Singh,Ahmedabad,Electronics,Keyboard,2,4337,404
ORD06038,28-06-2024,June,Rahul Joshi,Jaipur,Clothing,Backpack,1,1798,436
ORD06039,11-04-2023,April,Ananya Iyer,Kochi,Home & Kitchen,Mixer Grinder,2,4851,1125
ORD06040,21-02-2023,February,Meera Shah,Kochi,Clothing,Jacket,2,9239,1959
ORD06041,07-12-2024,December,Vikram Rao,Nagpur,Electronics,Mouse,1,871,95
ORD06042,14-12-2023,December,Ishaan Gupta,Pune,Electronics,Speaker,1,4451,612
ORD06043,11-12-2024,December,Riya Kapoor,Delhi,Electronics,Tablet,2,75704,12022
ORD06044,20-04-2022,April,Amit Verma,Pune,Electronics,Keyboard,1,2904,183
ORD06045,11-07-2022,July,Priya Menon,Nagpur,Electronics,Monitor,1,18900,3535
ORD06046,18-08-2022,August,Vikram Rao,Nagpur,Furniture,Bookshelf,2,20951,5694
ORD06047,21-09-2022,September,Ishaan Gupta,Nagpur,Furniture,Bookshelf,1,9522,2190
ORD06048,07-05-2022,May,Kavya Nair,Nagpur,Home & Kitchen,Storage Container Set,1,1124,227
ORD06049,09-07-2024,July,Ira Mukherjee,Chennai,Office Supplies,Stapler,3,927,151
ORD06050,01-08-2024,August,Zoya Das,Surat,Electronics,Monitor,1,12035,1108
ORD06051,29-04-2023,April,Riya Kapoor,Nagpur,Electronics,Tablet,2,65106,12125
ORD06052,15-09-2023,September,Priya Menon,Nagpur,Furniture,Bookshelf,1,11878,714
ORD06053,17-06-2022,June,Pooja Sethi,Kochi,Office Supplies,Notebook Set,2,1298,267
ORD06054,08-04-2023,April,Aarav Sharma,Delhi,Home & Kitchen,Storage Container Set,1,645,154
ORD06055,06-10-2022,October,Arjun Mehta,Kochi,Office Supplies,File Folder Set,3,1811,474
ORD06056,02-08-2024,August,Pooja Sethi,Lucknow,Clothing,Formal Shirt,1,819,106
ORD06057,14-07-2023,July,Vikram Rao,Coimbatore,Clothing,T-Shirt,1,345,83
ORD06058,24-05-2024,May,Kabir Jain,Hyderabad,Electronics,Headphones,1,3280,285
ORD06059,15-01-2024,January,Pooja Sethi,Surat,Electronics,Keyboard,1,1391,328
ORD06060,27-10-2023,October,Arjun Mehta,Hyderabad,Electronics,Keyboard,2,8016,2100
ORD06061,18-08-2025,August,Aarav Sharma,Hyderabad,Clothing,Jacket,3,16256,4222
ORD06062,20-10-2023,October,Varun Chawla,Coimbatore,Clothing,Formal Shirt,3,6718,546
ORD06063,26-05-2024,May,Manish Yadav,Chennai,Electronics,Monitor,1,23936,2880
ORD06064,12-08-2022,August,Arjun Mehta,Pune,Home & Kitchen,Air Fryer,5,70174,10315
ORD06065,10-08-2024,August,Pooja Sethi,Kochi,Electronics,Speaker,1,4304,304
ORD06066,11-05-2022,May,Meera Shah,Ahmedabad,Electronics,Keyboard,2,7400,1206
ORD06067,18-10-2024,October,Vikram Rao,Delhi,Electronics,Smartphone,3,196476,24679
ORD06068,13-03-2024,March,Sana Khan,Lucknow,Office Supplies,Notebook Set,2,1206,129
ORD06069,14-11-2022,November,Sana Khan,Nagpur,Electronics,Laptop,1,91844,23287
ORD06070,09-01-2024,January,Kavya Nair,Delhi,Electronics,Monitor,2,24813,5531
ORD06071,04-04-2022,April,Neha Reddy,Delhi,Home & Kitchen,Cookware Set,2,7874,516
ORD06072,10-02-2023,February,Aditi Patel,Nagpur,Electronics,Mouse,4,1246,150
ORD06073,14-04-2022,April,Arjun Mehta,Chennai,Office Supplies,Printer Paper,1,539,50
ORD06074,14-12-2024,December,Tanvi Kulkarni,Hyderabad,Clothing,Formal Shirt,1,1159,147
ORD06075,15-06-2022,June,Rohan Kulkarni,Delhi,Office Supplies,Printer Paper,4,2539,232
ORD06076,03-06-2023,June,Meera Shah,Bengaluru,Office Supplies,File Folder Set,1,691,186
ORD06077,22-05-2025,May,Aditya Desai,Kolkata,Home & Kitchen,Cookware Set,3,28126,4314
ORD06078,05-06-2024,June,Ishaan Gupta,Hyderabad,Furniture,Bookshelf,1,10271,2417
ORD06079,03-01-2023,January,Ishaan Gupta,Kochi,Clothing,Formal Shirt,2,4145,264
ORD06080,31-07-2024,July,Rohan Kulkarni,Delhi,Furniture,Dining Table,3,79013,9539
ORD06081,13-10-2025,October,Karan Malhotra,Delhi,Electronics,Laptop,2,176377,11359
ORD06082,23-12-2023,December,Tanvi Kulkarni,Kochi,Home & Kitchen,Water Bottle,2,1406,219
ORD06083,16-02-2025,February,Riya Kapoor,Pune,Home & Kitchen,Cookware Set,2,15878,2564
ORD06084,22-10-2022,October,Aarav Sharma,Coimbatore,Home & Kitchen,Storage Container Set,5,6441,1425
ORD06085,06-10-2025,October,Manish Yadav,Jaipur,Electronics,Keyboard,4,14740,3056
ORD06086,19-11-2025,November,Tanvi Kulkarni,Coimbatore,Home & Kitchen,Storage Container Set,2,745,51
ORD06087,12-04-2023,April,Sana Khan,Surat,Home & Kitchen,Air Fryer,1,6812,1249
ORD06088,07-01-2022,January,Arjun Mehta,Delhi,Furniture,Sofa,1,41827,11052
ORD06089,14-05-2023,May,Rahul Joshi,Lucknow,Home & Kitchen,Cookware Set,2,8442,2326
ORD06090,10-09-2022,September,Kabir Jain,Pune,Furniture,Office Chair,2,25590,5135
ORD06091,03-08-2022,August,Zoya Das,Kolkata,Electronics,Speaker,2,15946,3884
ORD06092,02-05-2022,May,Devika Pillai,Mumbai,Electronics,Smartphone,4,187914,16744
ORD06093,13-07-2023,July,Amit Verma,Surat,Clothing,T-Shirt,1,1096,199
ORD06094,05-02-2022,February,Ishaan Gupta,Mumbai,Electronics,Speaker,1,8990,2089
ORD06095,26-03-2024,March,Shreya Ghosh,Lucknow,Electronics,Keyboard,4,17268,3746
ORD06096,03-01-2023,January,Neha Reddy,Ahmedabad,Home & Kitchen,Air Fryer,5,45587,3755
ORD06097,21-02-2022,February,Nikhil Bansal,Chennai,Electronics,Keyboard,3,8422,727
ORD06098,19-03-2025,March,Riya Kapoor,Hyderabad,Electronics,Smartphone,2,97781,25517
ORD06099,10-07-2022,July,Varun Chawla,Chennai,Home & Kitchen,Cookware Set,1,9468,1469
ORD06100,17-07-2024,July,Neha Reddy,Delhi,Furniture,Dining Table,1,29902,7438
ORD06101,02-07-2023,July,Aditya Desai,Jaipur,Office Supplies,File Folder Set,2,722,164
ORD06102,21-11-2022,November,Aarav Sharma,Kolkata,Electronics,Smartphone,2,121176,17589
ORD06103,27-02-2023,February,Kavya Nair,Hyderabad,Electronics,Speaker,1,6731,1696
ORD06104,17-09-2023,September,Rahul Joshi,Jaipur,Home & Kitchen,Table Lamp,3,7006,1500
ORD06105,16-10-2024,October,Aditya Desai,Coimbatore,Furniture,Dining Table,1,13480,3249
ORD06106,19-08-2025,August,Ishaan Gupta,Lucknow,Office Supplies,Desk Organizer,1,1109,267
ORD06107,13-04-2025,April,Amit Verma,Nagpur,Electronics,Laptop,4,342949,74668
ORD06108,21-04-2024,April,Aditya Desai,Pune,Electronics,Tablet,1,13353,1392
ORD06109,03-06-2024,June,Ishaan Gupta,Pune,Clothing,Jacket,1,4988,789
ORD06110,29-03-2024,March,Amit Verma,Mumbai,Electronics,Keyboard,5,18888,4668
ORD06111,12-10-2022,October,Ira Mukherjee,Delhi,Electronics,Laptop,1,67864,14956
ORD06112,31-08-2022,August,Kabir Jain,Coimbatore,Office Supplies,Notebook Set,1,331,77
ORD06113,21-04-2025,April,Pooja Sethi,Hyderabad,Electronics,Smartphone,1,38376,2783
ORD06114,14-05-2023,May,Ishaan Gupta,Hyderabad,Office Supplies,Pen Pack,3,350,24
ORD06115,12-12-2023,December,Karan Malhotra,Nagpur,Home & Kitchen,Table Lamp,3,2642,464
ORD06116,13-03-2024,March,Vikram Rao,Coimbatore,Furniture,Dining Table,4,46818,7797
ORD06117,28-11-2022,November,Nikhil Bansal,Coimbatore,Furniture,Sofa,1,51978,13785
ORD06118,25-02-2022,February,Kavya Nair,Surat,Clothing,Sneakers,2,3609,932
ORD06119,05-04-2024,April,Varun Chawla,Coimbatore,Electronics,Keyboard,3,10536,929
ORD06120,19-11-2025,November,Pooja Sethi,Delhi,Home & Kitchen,Mixer Grinder,2,14185,3176
ORD06121,24-03-2023,March,Aarav Sharma,Delhi,Electronics,Keyboard,1,4281,524
ORD06122,06-01-2022,January,Arjun Mehta,Pune,Office Supplies,Printer Paper,6,5310,663
ORD06123,22-11-2025,November,Zoya Das,Hyderabad,Clothing,Jeans,1,2099,514
ORD06124,13-07-2025,July,Priya Menon,Mumbai,Home & Kitchen,Cookware Set,1,6709,671
ORD06125,07-08-2023,August,Aarav Sharma,Indore,Home & Kitchen,Water Bottle,2,735,200
ORD06126,05-09-2023,September,Zoya Das,Indore,Home & Kitchen,Storage Container Set,1,1500,397
ORD06127,21-01-2024,January,Arjun Mehta,Ahmedabad,Office Supplies,File Folder Set,2,368,68
ORD06128,12-12-2022,December,Rahul Joshi,Nagpur,Clothing,Jeans,3,4811,1317
ORD06129,01-05-2025,May,Devika Pillai,Delhi,Office Supplies,Desk Organizer,1,861,175
ORD06130,20-05-2024,May,Nikhil Bansal,Chennai,Electronics,Headphones,1,3563,283
ORD06131,20-03-2025,March,Sana Khan,Indore,Electronics,Headphones,1,3806,790
ORD06132,04-03-2023,March,Sneha Bose,Coimbatore,Home & Kitchen,Storage Container Set,1,425,39
ORD06133,27-03-2022,March,Pooja Sethi,Mumbai,Electronics,Mouse,4,7737,2004
ORD06134,14-11-2023,November,Zoya Das,Mumbai,Clothing,Sneakers,1,4631,512
ORD06135,28-11-2025,November,Arjun Mehta,Lucknow,Office Supplies,File Folder Set,1,678,47
ORD06136,22-12-2022,December,Riya Kapoor,Jaipur,Clothing,Jeans,2,3975,634
ORD06137,14-01-2024,January,Simran Kaur,Surat,Electronics,Tablet,1,26101,3611
ORD06138,28-04-2025,April,Ira Mukherjee,Chennai,Office Supplies,File Folder Set,3,952,261
ORD06139,17-01-2022,January,Priya Menon,Coimbatore,Furniture,Office Chair,1,8262,1630
ORD06140,07-04-2022,April,Manish Yadav,Surat,Office Supplies,Printer Paper,2,1832,225
ORD06141,02-07-2023,July,Kavya Nair,Ahmedabad,Office Supplies,File Folder Set,1,102,23
ORD06142,08-05-2024,May,Ananya Iyer,Nagpur,Electronics,Smartphone,2,53157,10925
ORD06143,19-06-2023,June,Kabir Jain,Kolkata,Home & Kitchen,Cookware Set,1,8144,2040
ORD06144,20-08-2024,August,Vikram Rao,Nagpur,Furniture,Office Chair,1,11590,3066
ORD06145,06-05-2023,May,Priya Menon,Lucknow,Home & Kitchen,Cookware Set,2,8730,653
ORD06146,01-04-2022,April,Karan Malhotra,Ahmedabad,Electronics,Speaker,1,5446,562
ORD06147,14-05-2025,May,Manish Yadav,Coimbatore,Clothing,Jeans,2,4732,576
ORD06148,07-03-2022,March,Devika Pillai,Coimbatore,Home & Kitchen,Air Fryer,2,19210,4213
ORD06149,10-11-2023,November,Zoya Das,Mumbai,Furniture,Desk,5,79375,8439
ORD06150,12-07-2025,July,Sana Khan,Nagpur,Furniture,Sofa,1,23711,1610
ORD06151,07-06-2023,June,Devika Pillai,Chennai,Clothing,Backpack,1,946,142
ORD06152,11-07-2025,July,Amit Verma,Indore,Furniture,Sofa,2,117737,27461
ORD06153,09-04-2023,April,Ishaan Gupta,Kochi,Clothing,Sneakers,5,21554,5754
ORD06154,26-08-2022,August,Aditi Patel,Jaipur,Home & Kitchen,Mixer Grinder,1,2702,372
ORD06155,23-10-2022,October,Shreya Ghosh,Chennai,Furniture,Sofa,2,103690,13463
ORD06156,03-08-2024,August,Aditi Patel,Surat,Clothing,Backpack,1,2736,188
ORD06157,04-06-2025,June,Shreya Ghosh,Nagpur,Electronics,Laptop,2,122083,16443
ORD06158,31-03-2025,March,Meera Shah,Kochi,Electronics,Headphones,2,9918,1005
ORD06159,26-11-2024,November,Aditya Desai,Bengaluru,Electronics,Tablet,1,21380,1342
ORD06160,18-12-2023,December,Aditi Patel,Jaipur,Electronics,Smartphone,3,165153,43947
ORD06161,13-05-2024,May,Varun Chawla,Hyderabad,Office Supplies,Desk Organizer,3,3464,294
ORD06162,05-03-2025,March,Kavya Nair,Coimbatore,Office Supplies,Stapler,3,672,147
ORD06163,23-07-2023,July,Tanvi Kulkarni,Bengaluru,Home & Kitchen,Mixer Grinder,2,9588,1944
ORD06164,11-10-2024,October,Amit Verma,Surat,Electronics,Mouse,4,4621,303
ORD06165,05-08-2024,August,Aditya Desai,Bengaluru,Electronics,Keyboard,1,2715,549
ORD06166,23-05-2025,May,Rahul Joshi,Delhi,Furniture,Sofa,5,141270,38462
ORD06167,03-10-2023,October,Tanvi Kulkarni,Mumbai,Clothing,Sneakers,1,1462,132
ORD06168,06-11-2023,November,Priya Menon,Ahmedabad,Office Supplies,Notebook Set,2,1168,151
ORD06169,06-06-2025,June,Ishaan Gupta,Surat,Clothing,Backpack,3,1436,398
ORD06170,05-09-2022,September,Zoya Das,Bengaluru,Home & Kitchen,Cookware Set,2,5076,784
ORD06171,09-06-2025,June,Devika Pillai,Mumbai,Office Supplies,Stapler,3,1291,214
ORD06172,05-06-2024,June,Vikram Rao,Kolkata,Furniture,Dining Table,3,101408,23971
ORD06173,25-03-2023,March,Aditya Desai,Hyderabad,Furniture,Coffee Table,4,18676,3259
ORD06174,28-12-2022,December,Pooja Sethi,Mumbai,Office Supplies,Pen Pack,1,264,67
ORD06175,12-11-2024,November,Varun Chawla,Kolkata,Home & Kitchen,Mixer Grinder,1,3675,835
ORD06176,01-06-2025,June,Simran Kaur,Chennai,Electronics,Laptop,1,53108,13780
ORD06177,20-04-2023,April,Zoya Das,Nagpur,Home & Kitchen,Cookware Set,5,23132,5371
ORD06178,30-12-2022,December,Kavya Nair,Coimbatore,Electronics,Laptop,2,172731,33836
ORD06179,23-03-2023,March,Tanvi Kulkarni,Surat,Furniture,Office Chair,1,10191,1907
ORD06180,03-06-2024,June,Arjun Mehta,Hyderabad,Furniture,Bookshelf,1,5107,993
ORD06181,25-07-2023,July,Aarav Sharma,Jaipur,Clothing,Sneakers,1,2823,320
ORD06182,16-11-2023,November,Kavya Nair,Indore,Electronics,Keyboard,1,1192,289
ORD06183,08-06-2025,June,Shreya Ghosh,Delhi,Office Supplies,Desk Organizer,1,425,58
ORD06184,05-09-2023,September,Ira Mukherjee,Ahmedabad,Electronics,Smartphone,1,14192,1542
ORD06185,27-02-2025,February,Meera Shah,Hyderabad,Electronics,Tablet,3,103236,14938
ORD06186,28-02-2024,February,Manish Yadav,Chennai,Home & Kitchen,Water Bottle,1,645,126
ORD06187,23-02-2023,February,Riya Kapoor,Jaipur,Clothing,Formal Shirt,5,13321,2163
ORD06188,04-11-2022,November,Aditya Desai,Jaipur,Home & Kitchen,Table Lamp,3,9100,1971
ORD06189,17-04-2025,April,Arjun Mehta,Coimbatore,Electronics,Tablet,1,36582,7428
ORD06190,24-03-2023,March,Neha Reddy,Coimbatore,Furniture,Bookshelf,1,3846,745
ORD06191,19-07-2023,July,Sneha Bose,Chennai,Home & Kitchen,Water Bottle,2,852,71
ORD06192,10-06-2024,June,Aarav Sharma,Jaipur,Office Supplies,Desk Organizer,3,2033,369
ORD06193,01-04-2022,April,Kabir Jain,Mumbai,Electronics,Tablet,2,68082,5319
ORD06194,30-11-2024,November,Kabir Jain,Chennai,Clothing,Backpack,2,5360,433
ORD06195,01-02-2022,February,Kavya Nair,Nagpur,Clothing,Formal Shirt,1,2801,745
ORD06196,19-09-2025,September,Ira Mukherjee,Nagpur,Home & Kitchen,Air Fryer,3,41424,10456
ORD06197,20-11-2024,November,Kabir Jain,Kolkata,Clothing,Sneakers,2,8471,1131
ORD06198,10-02-2025,February,Simran Kaur,Kolkata,Home & Kitchen,Air Fryer,2,14770,2170
ORD06199,15-05-2025,May,Sneha Bose,Lucknow,Furniture,Bookshelf,1,4189,1108
ORD06200,29-10-2023,October,Aditi Patel,Kolkata,Office Supplies,Pen Pack,1,195,36
ORD06201,11-12-2025,December,Sana Khan,Delhi,Clothing,Formal Shirt,1,1692,364
ORD06202,15-12-2025,December,Karan Malhotra,Indore,Clothing,Jacket,2,6619,1264
ORD06203,15-12-2022,December,Manish Yadav,Lucknow,Office Supplies,Pen Pack,5,1370,115
ORD06204,03-10-2023,October,Shreya Ghosh,Kochi,Electronics,Laptop,2,97550,25025
ORD06205,21-04-2024,April,Tanvi Kulkarni,Jaipur,Furniture,Sofa,2,71997,18941
ORD06206,06-12-2024,December,Nikhil Bansal,Surat,Office Supplies,File Folder Set,3,577,81
ORD06207,21-01-2022,January,Diya Singh,Hyderabad,Clothing,Formal Shirt,1,1577,192
ORD06208,29-07-2022,July,Pooja Sethi,Pune,Clothing,Formal Shirt,1,2407,296
ORD06209,20-12-2025,December,Vikram Rao,Lucknow,Electronics,Speaker,2,11589,872
ORD06210,19-09-2023,September,Meera Shah,Chennai,Clothing,Formal Shirt,2,3619,854
ORD06211,26-07-2024,July,Amit Verma,Kochi,Clothing,T-Shirt,1,1190,302
ORD06212,05-12-2024,December,Shreya Ghosh,Coimbatore,Furniture,Bookshelf,1,8585,776
ORD06213,05-10-2022,October,Aarav Sharma,Indore,Furniture,Sofa,1,41280,10607
ORD06214,27-09-2024,September,Kabir Jain,Kolkata,Furniture,Office Chair,3,33689,7980
ORD06215,06-02-2025,February,Nikhil Bansal,Kolkata,Home & Kitchen,Storage Container Set,3,2147,130
ORD06216,12-03-2022,March,Tanvi Kulkarni,Jaipur,Home & Kitchen,Cookware Set,2,18524,2874
ORD06217,28-11-2025,November,Meera Shah,Surat,Clothing,Jeans,3,9275,1517
ORD06218,09-11-2025,November,Amit Verma,Indore,Electronics,Laptop,1,85133,23170
ORD06219,08-03-2024,March,Neha Reddy,Ahmedabad,Office Supplies,File Folder Set,1,399,73
ORD06220,18-06-2023,June,Meera Shah,Chennai,Electronics,Tablet,1,27526,6160
ORD06221,26-08-2024,August,Tanvi Kulkarni,Nagpur,Furniture,Office Chair,3,39118,6748
ORD06222,25-08-2025,August,Neha Reddy,Kolkata,Clothing,Formal Shirt,3,3850,523
ORD06223,16-12-2022,December,Tanvi Kulkarni,Kolkata,Clothing,Backpack,2,1652,322
ORD06224,13-09-2023,September,Ira Mukherjee,Kolkata,Electronics,Monitor,2,28404,3698
ORD06225,12-10-2025,October,Vikram Rao,Chennai,Electronics,Speaker,2,11935,3089
ORD06226,08-08-2023,August,Priya Menon,Chennai,Home & Kitchen,Water Bottle,1,349,64
ORD06227,18-03-2023,March,Sana Khan,Jaipur,Furniture,Dining Table,1,27070,7567
ORD06228,14-05-2024,May,Arjun Mehta,Hyderabad,Electronics,Speaker,2,14894,2814
ORD06229,02-06-2024,June,Pooja Sethi,Kochi,Furniture,Coffee Table,3,26113,6539
ORD06230,23-09-2022,September,Devika Pillai,Mumbai,Clothing,Backpack,1,2789,253
ORD06231,22-01-2023,January,Devika Pillai,Pune,Furniture,Office Chair,1,6579,961
ORD06232,09-08-2023,August,Ananya Iyer,Kolkata,Clothing,Jeans,1,3246,797
ORD06233,08-04-2025,April,Riya Kapoor,Indore,Electronics,Mouse,1,443,75
ORD06234,10-11-2022,November,Sneha Bose,Hyderabad,Furniture,Office Chair,4,23364,1422
ORD06235,01-02-2024,February,Pooja Sethi,Delhi,Electronics,Monitor,1,19393,1987
ORD06236,16-08-2025,August,Sneha Bose,Mumbai,Electronics,Monitor,3,55870,6102
ORD06237,25-02-2024,February,Rahul Joshi,Chennai,Furniture,Desk,1,5355,549
ORD06238,24-07-2022,July,Manish Yadav,Bengaluru,Electronics,Speaker,6,15004,3342
ORD06239,28-06-2025,June,Riya Kapoor,Kochi,Clothing,Sneakers,2,2169,197
ORD06240,21-05-2023,May,Aditya Desai,Delhi,Electronics,Mouse,3,1103,295
ORD06241,12-04-2022,April,Aarav Sharma,Bengaluru,Furniture,Office Chair,1,6376,987
ORD06242,18-08-2024,August,Kavya Nair,Indore,Office Supplies,Stapler,1,332,81
ORD06243,09-11-2023,November,Manish Yadav,Chennai,Home & Kitchen,Cookware Set,4,14726,3453
ORD06244,01-06-2024,June,Vikram Rao,Kochi,Electronics,Laptop,1,54385,12914
ORD06245,09-07-2025,July,Aditi Patel,Delhi,Office Supplies,Desk Organizer,5,5132,1380
ORD06246,01-11-2023,November,Diya Singh,Hyderabad,Furniture,Dining Table,3,90539,18298
ORD06247,06-12-2022,December,Simran Kaur,Nagpur,Electronics,Mouse,6,9928,958
ORD06248,19-02-2022,February,Priya Menon,Nagpur,Electronics,Laptop,4,302139,44506
ORD06249,03-03-2022,March,Varun Chawla,Hyderabad,Furniture,Office Chair,1,9318,2068
ORD06250,27-09-2025,September,Varun Chawla,Coimbatore,Furniture,Office Chair,2,26625,2487
ORD06251,16-01-2023,January,Shreya Ghosh,Jaipur,Electronics,Speaker,1,3473,926
ORD06252,17-08-2025,August,Vikram Rao,Chennai,Home & Kitchen,Mixer Grinder,2,20142,3109
ORD06253,22-12-2024,December,Shreya Ghosh,Ahmedabad,Clothing,Backpack,1,2524,176
ORD06254,16-06-2023,June,Shreya Ghosh,Indore,Furniture,Bookshelf,1,4053,578
ORD06255,04-10-2022,October,Karan Malhotra,Pune,Office Supplies,Printer Paper,1,520,50
ORD06256,14-01-2022,January,Pooja Sethi,Nagpur,Office Supplies,Stapler,4,1631,287
ORD06257,04-08-2024,August,Ananya Iyer,Mumbai,Furniture,Sofa,1,60852,7247
ORD06258,28-11-2024,November,Neha Reddy,Mumbai,Office Supplies,File Folder Set,1,588,114
ORD06259,25-06-2024,June,Aditya Desai,Mumbai,Clothing,Backpack,1,590,96
ORD06260,04-07-2022,July,Rohan Kulkarni,Nagpur,Office Supplies,Printer Paper,2,1626,213
ORD06261,17-07-2023,July,Sana Khan,Nagpur,Office Supplies,Pen Pack,1,167,18
ORD06262,05-05-2024,May,Devika Pillai,Pune,Furniture,Desk,3,13637,913
ORD06263,24-06-2022,June,Ananya Iyer,Lucknow,Office Supplies,Stapler,1,249,31
ORD06264,24-09-2023,September,Aarav Sharma,Kochi,Electronics,Monitor,2,33836,6586
ORD06265,15-01-2022,January,Aarav Sharma,Delhi,Office Supplies,Desk Organizer,3,1577,148
ORD06266,02-12-2022,December,Devika Pillai,Chennai,Electronics,Smartphone,3,90617,21847
ORD06267,02-11-2025,November,Priya Menon,Chennai,Office Supplies,Notebook Set,1,539,49
ORD06268,04-05-2023,May,Manish Yadav,Delhi,Clothing,Sneakers,1,4550,915
ORD06269,23-02-2023,February,Ananya Iyer,Lucknow,Electronics,Laptop,5,436465,56802
ORD06270,18-12-2024,December,Amit Verma,Jaipur,Home & Kitchen,Table Lamp,2,1019,69
ORD06271,14-01-2024,January,Arjun Mehta,Coimbatore,Electronics,Laptop,1,77440,13014
ORD06272,16-11-2025,November,Simran Kaur,Delhi,Electronics,Mouse,3,2902,421
ORD06273,13-12-2023,December,Sana Khan,Indore,Office Supplies,Notebook Set,1,188,32
ORD06274,05-07-2024,July,Nikhil Bansal,Kochi,Furniture,Coffee Table,4,42986,7163
ORD06275,25-11-2024,November,Varun Chawla,Indore,Clothing,Backpack,1,617,55
ORD06276,03-07-2022,July,Zoya Das,Chennai,Home & Kitchen,Water Bottle,1,427,54
ORD06277,15-01-2024,January,Pooja Sethi,Coimbatore,Furniture,Bookshelf,1,6436,453
ORD06278,07-11-2022,November,Aditya Desai,Kolkata,Office Supplies,File Folder Set,1,443,90
ORD06279,28-02-2022,February,Varun Chawla,Ahmedabad,Office Supplies,File Folder Set,1,522,89
ORD06280,26-08-2022,August,Aditya Desai,Ahmedabad,Electronics,Mouse,3,2130,223
ORD06281,24-06-2022,June,Amit Verma,Bengaluru,Electronics,Speaker,4,20048,3018
ORD06282,06-07-2025,July,Pooja Sethi,Kolkata,Electronics,Keyboard,4,2763,747
ORD06283,25-12-2025,December,Amit Verma,Surat,Electronics,Mouse,1,1071,208
ORD06284,29-07-2025,July,Ishaan Gupta,Mumbai,Electronics,Monitor,1,24602,4792
ORD06285,13-03-2025,March,Rahul Joshi,Pune,Clothing,Formal Shirt,2,4289,568
ORD06286,28-05-2022,May,Nikhil Bansal,Coimbatore,Clothing,Jeans,3,5432,1039
ORD06287,25-03-2023,March,Aarav Sharma,Kochi,Office Supplies,Desk Organizer,1,633,125
ORD06288,10-04-2023,April,Amit Verma,Ahmedabad,Furniture,Sofa,2,77657,5779
ORD06289,08-05-2025,May,Kavya Nair,Kochi,Electronics,Headphones,3,24167,6365
ORD06290,01-06-2025,June,Diya Singh,Hyderabad,Office Supplies,File Folder Set,5,2251,194
ORD06291,21-05-2022,May,Nikhil Bansal,Ahmedabad,Furniture,Coffee Table,1,9256,805
ORD06292,18-09-2023,September,Amit Verma,Pune,Home & Kitchen,Water Bottle,2,475,132
ORD06293,15-02-2025,February,Diya Singh,Coimbatore,Home & Kitchen,Storage Container Set,1,437,61
ORD06294,16-09-2024,September,Ira Mukherjee,Ahmedabad,Electronics,Mouse,2,2575,675
ORD06295,24-08-2024,August,Arjun Mehta,Kolkata,Clothing,Formal Shirt,2,4516,556
ORD06296,19-08-2024,August,Kavya Nair,Bengaluru,Clothing,T-Shirt,2,1546,217
ORD06297,08-03-2025,March,Rahul Joshi,Nagpur,Office Supplies,Stapler,3,1086,138
ORD06298,16-12-2023,December,Devika Pillai,Lucknow,Electronics,Keyboard,1,3646,550
ORD06299,02-08-2024,August,Sana Khan,Mumbai,Clothing,Formal Shirt,1,754,206
ORD06300,11-10-2022,October,Rohan Kulkarni,Coimbatore,Home & Kitchen,Storage Container Set,2,1390,94
ORD06301,21-03-2024,March,Zoya Das,Kolkata,Electronics,Mouse,1,1027,132
ORD06302,24-10-2023,October,Ananya Iyer,Bengaluru,Electronics,Speaker,2,14588,2391
ORD06303,14-08-2023,August,Aditya Desai,Kochi,Clothing,Backpack,2,4584,768
ORD06304,14-02-2024,February,Zoya Das,Coimbatore,Furniture,Sofa,2,56654,9744
ORD06305,17-03-2024,March,Sana Khan,Pune,Furniture,Bookshelf,1,11029,2170
ORD06306,19-07-2023,July,Karan Malhotra,Surat,Electronics,Speaker,2,12195,852
ORD06307,28-04-2025,April,Simran Kaur,Lucknow,Electronics,Tablet,1,33216,3369
ORD06308,12-09-2022,September,Sana Khan,Pune,Electronics,Keyboard,1,901,179
ORD06309,09-07-2024,July,Aditya Desai,Kolkata,Office Supplies,Notebook Set,2,1252,161
ORD06310,09-04-2022,April,Kabir Jain,Kochi,Office Supplies,Pen Pack,2,473,105
ORD06311,26-11-2022,November,Ishaan Gupta,Pune,Office Supplies,Pen Pack,1,210,50
ORD06312,13-01-2023,January,Diya Singh,Mumbai,Furniture,Coffee Table,1,4921,890
ORD06313,20-07-2023,July,Rohan Kulkarni,Bengaluru,Furniture,Bookshelf,3,22046,2647
ORD06314,09-01-2023,January,Ananya Iyer,Ahmedabad,Office Supplies,Pen Pack,1,109,25
ORD06315,14-02-2024,February,Tanvi Kulkarni,Indore,Electronics,Tablet,1,34523,4256
ORD06316,11-08-2025,August,Aarav Sharma,Lucknow,Home & Kitchen,Storage Container Set,1,1599,269
ORD06317,21-07-2024,July,Ishaan Gupta,Mumbai,Electronics,Smartphone,2,37300,6153
ORD06318,05-06-2022,June,Zoya Das,Ahmedabad,Office Supplies,Printer Paper,4,1995,208
ORD06319,05-05-2023,May,Aditya Desai,Coimbatore,Home & Kitchen,Water Bottle,1,648,144
ORD06320,31-10-2024,October,Sneha Bose,Delhi,Home & Kitchen,Mixer Grinder,1,7905,852
ORD06321,13-06-2022,June,Meera Shah,Ahmedabad,Electronics,Tablet,1,13650,3087
ORD06322,04-01-2023,January,Rahul Joshi,Kochi,Electronics,Smartphone,2,66117,7287
ORD06323,06-09-2022,September,Simran Kaur,Indore,Clothing,Jacket,1,5754,1204
ORD06324,17-11-2023,November,Rohan Kulkarni,Ahmedabad,Clothing,Jacket,3,18307,3602
ORD06325,18-09-2024,September,Amit Verma,Mumbai,Clothing,Backpack,3,2151,197
ORD06326,22-04-2023,April,Shreya Ghosh,Indore,Home & Kitchen,Storage Container Set,3,1245,109
ORD06327,05-07-2025,July,Zoya Das,Chennai,Electronics,Headphones,1,3604,893
ORD06328,16-09-2025,September,Manish Yadav,Pune,Home & Kitchen,Table Lamp,3,4805,318
ORD06329,01-06-2023,June,Kabir Jain,Kochi,Furniture,Desk,1,11791,2740
ORD06330,21-11-2022,November,Zoya Das,Kolkata,Office Supplies,Stapler,3,1000,133
ORD06331,18-03-2024,March,Riya Kapoor,Bengaluru,Clothing,Jacket,1,4939,1310
ORD06332,13-03-2024,March,Shreya Ghosh,Indore,Clothing,Jeans,1,3473,474
ORD06333,12-06-2023,June,Karan Malhotra,Indore,Furniture,Dining Table,1,19236,3523
ORD06334,11-01-2022,January,Diya Singh,Surat,Office Supplies,File Folder Set,5,2804,616
ORD06335,10-09-2024,September,Riya Kapoor,Ahmedabad,Electronics,Tablet,6,150336,35317
ORD06336,09-01-2023,January,Nikhil Bansal,Jaipur,Furniture,Dining Table,1,33998,7223
ORD06337,25-12-2023,December,Vikram Rao,Bengaluru,Furniture,Coffee Table,1,7063,1301
ORD06338,19-07-2022,July,Meera Shah,Jaipur,Clothing,Jacket,4,20807,1921
ORD06339,09-01-2022,January,Sneha Bose,Bengaluru,Office Supplies,File Folder Set,2,562,40
ORD06340,05-11-2022,November,Vikram Rao,Kochi,Electronics,Laptop,1,71042,19546
ORD06341,24-01-2023,January,Pooja Sethi,Chennai,Electronics,Keyboard,1,1109,305
ORD06342,26-01-2024,January,Shreya Ghosh,Delhi,Furniture,Dining Table,2,60979,9280
ORD06343,20-10-2022,October,Sana Khan,Kolkata,Office Supplies,Pen Pack,1,239,36
ORD06344,31-01-2022,January,Vikram Rao,Chennai,Electronics,Laptop,1,46156,9914
ORD06345,07-11-2022,November,Riya Kapoor,Bengaluru,Office Supplies,Printer Paper,3,757,92
ORD06346,26-03-2025,March,Vikram Rao,Indore,Clothing,Formal Shirt,2,2042,516
ORD06347,08-09-2023,September,Aditya Desai,Chennai,Home & Kitchen,Cookware Set,1,5677,940
ORD06348,28-05-2023,May,Neha Reddy,Hyderabad,Electronics,Keyboard,2,8359,2284
ORD06349,17-01-2025,January,Pooja Sethi,Kochi,Furniture,Dining Table,1,33653,2230
ORD06350,11-05-2022,May,Nikhil Bansal,Ahmedabad,Office Supplies,Pen Pack,3,559,148
ORD06351,20-12-2022,December,Ishaan Gupta,Hyderabad,Electronics,Laptop,2,146493,37031
ORD06352,05-01-2022,January,Kavya Nair,Bengaluru,Electronics,Speaker,1,4202,435
ORD06353,17-05-2023,May,Meera Shah,Jaipur,Furniture,Office Chair,1,12413,1709
ORD06354,16-01-2025,January,Manish Yadav,Delhi,Electronics,Headphones,1,2924,475
ORD06355,14-04-2025,April,Shreya Ghosh,Ahmedabad,Office Supplies,Desk Organizer,1,522,88
ORD06356,05-10-2023,October,Devika Pillai,Bengaluru,Clothing,Sneakers,4,5325,846
ORD06357,19-12-2024,December,Meera Shah,Kochi,Home & Kitchen,Air Fryer,1,14187,3785
ORD06358,15-02-2023,February,Pooja Sethi,Nagpur,Office Supplies,Stapler,3,416,33
ORD06359,20-09-2024,September,Manish Yadav,Ahmedabad,Clothing,Jacket,3,14910,2682
ORD06360,31-03-2024,March,Rohan Kulkarni,Chennai,Clothing,Backpack,4,6905,491
ORD06361,08-01-2025,January,Ishaan Gupta,Chennai,Electronics,Mouse,2,2762,705
ORD06362,20-03-2022,March,Diya Singh,Surat,Home & Kitchen,Table Lamp,2,2010,276
ORD06363,07-04-2022,April,Rohan Kulkarni,Bengaluru,Electronics,Tablet,1,25851,3131
ORD06364,05-03-2023,March,Devika Pillai,Chennai,Home & Kitchen,Storage Container Set,5,6618,623
ORD06365,10-01-2025,January,Sana Khan,Hyderabad,Office Supplies,File Folder Set,1,486,126
ORD06366,20-07-2024,July,Neha Reddy,Pune,Electronics,Headphones,2,7049,965
ORD06367,13-03-2024,March,Ira Mukherjee,Indore,Furniture,Coffee Table,3,29209,1889
ORD06368,21-10-2022,October,Kavya Nair,Delhi,Home & Kitchen,Mixer Grinder,4,17019,4039
ORD06369,29-07-2022,July,Varun Chawla,Kolkata,Home & Kitchen,Mixer Grinder,1,7837,1722
ORD06370,24-02-2023,February,Shreya Ghosh,Indore,Home & Kitchen,Air Fryer,2,14668,3778
ORD06371,12-01-2023,January,Zoya Das,Pune,Office Supplies,File Folder Set,4,1834,255
ORD06372,26-01-2025,January,Priya Menon,Kochi,Electronics,Mouse,1,835,214
ORD06373,16-07-2022,July,Devika Pillai,Pune,Office Supplies,Notebook Set,1,352,61
ORD06374,21-02-2024,February,Varun Chawla,Pune,Electronics,Speaker,4,8513,1037
ORD06375,24-12-2025,December,Ananya Iyer,Surat,Furniture,Sofa,2,42380,7449
ORD06376,14-10-2024,October,Rahul Joshi,Coimbatore,Home & Kitchen,Table Lamp,2,5452,1381
ORD06377,29-01-2023,January,Tanvi Kulkarni,Pune,Home & Kitchen,Cookware Set,1,5208,657
ORD06378,26-08-2024,August,Karan Malhotra,Lucknow,Electronics,Mouse,2,2044,172
ORD06379,12-10-2025,October,Devika Pillai,Lucknow,Electronics,Monitor,1,19248,1689
ORD06380,11-04-2025,April,Manish Yadav,Kolkata,Office Supplies,Printer Paper,5,1455,162
ORD06381,17-12-2024,December,Simran Kaur,Mumbai,Furniture,Dining Table,2,70655,8221
ORD06382,19-01-2022,January,Vikram Rao,Bengaluru,Clothing,Formal Shirt,1,2480,162
ORD06383,07-12-2025,December,Nikhil Bansal,Kochi,Electronics,Smartphone,1,67114,5836
ORD06384,29-10-2023,October,Rahul Joshi,Indore,Clothing,Jeans,2,1874,480
ORD06385,26-01-2022,January,Karan Malhotra,Chennai,Electronics,Smartphone,2,96942,18738
ORD06386,23-01-2022,January,Aditya Desai,Chennai,Clothing,T-Shirt,2,688,76
ORD06387,19-12-2025,December,Varun Chawla,Surat,Electronics,Headphones,3,14935,2160
ORD06388,16-11-2022,November,Manish Yadav,Indore,Clothing,T-Shirt,2,1908,202
ORD06389,19-08-2022,August,Sneha Bose,Indore,Electronics,Tablet,3,58631,13259
ORD06390,28-05-2024,May,Riya Kapoor,Kolkata,Home & Kitchen,Storage Container Set,1,510,92
ORD06391,22-06-2023,June,Aditya Desai,Mumbai,Office Supplies,Pen Pack,6,521,145
ORD06392,10-12-2022,December,Rohan Kulkarni,Indore,Office Supplies,Pen Pack,2,119,9
ORD06393,15-04-2023,April,Amit Verma,Pune,Electronics,Monitor,1,25574,4964
ORD06394,18-02-2025,February,Rahul Joshi,Coimbatore,Clothing,T-Shirt,3,1100,138
ORD06395,08-12-2022,December,Arjun Mehta,Chennai,Home & Kitchen,Water Bottle,1,500,78
ORD06396,16-05-2023,May,Pooja Sethi,Jaipur,Furniture,Dining Table,1,26460,5699
ORD06397,29-03-2023,March,Rohan Kulkarni,Indore,Office Supplies,File Folder Set,1,124,26
ORD06398,08-01-2022,January,Manish Yadav,Ahmedabad,Home & Kitchen,Table Lamp,4,8565,2155
ORD06399,08-12-2022,December,Pooja Sethi,Hyderabad,Electronics,Smartphone,2,60888,6799
ORD06400,05-04-2022,April,Nikhil Bansal,Jaipur,Furniture,Coffee Table,4,41289,6530
ORD06401,17-10-2023,October,Amit Verma,Delhi,Home & Kitchen,Table Lamp,1,659,176
ORD06402,26-02-2022,February,Priya Menon,Jaipur,Furniture,Office Chair,2,20900,1565
ORD06403,12-01-2023,January,Karan Malhotra,Bengaluru,Furniture,Sofa,3,155147,38618
ORD06404,22-07-2023,July,Rohan Kulkarni,Surat,Home & Kitchen,Storage Container Set,1,1341,81
ORD06405,20-11-2022,November,Varun Chawla,Pune,Furniture,Desk,4,62442,12101
ORD06406,04-10-2024,October,Tanvi Kulkarni,Indore,Home & Kitchen,Air Fryer,3,27439,3955
ORD06407,04-09-2024,September,Manish Yadav,Nagpur,Electronics,Headphones,2,11265,1098
ORD06408,13-10-2022,October,Meera Shah,Coimbatore,Furniture,Sofa,3,134670,28456
ORD06409,01-03-2022,March,Meera Shah,Coimbatore,Electronics,Smartphone,3,61002,4971
ORD06410,13-09-2022,September,Shreya Ghosh,Lucknow,Office Supplies,Stapler,1,470,112
ORD06411,25-08-2025,August,Rahul Joshi,Chennai,Office Supplies,Printer Paper,1,756,126
ORD06412,04-12-2023,December,Arjun Mehta,Hyderabad,Furniture,Office Chair,2,7682,1897
ORD06413,27-01-2025,January,Shreya Ghosh,Coimbatore,Office Supplies,Stapler,2,776,119
ORD06414,29-08-2024,August,Devika Pillai,Ahmedabad,Clothing,Jeans,2,5646,344
ORD06415,21-06-2024,June,Simran Kaur,Indore,Electronics,Monitor,2,36184,5782
ORD06416,19-06-2024,June,Aditya Desai,Nagpur,Furniture,Sofa,2,53169,5332
ORD06417,15-12-2024,December,Vikram Rao,Kochi,Furniture,Desk,1,19497,2957
ORD06418,11-02-2025,February,Devika Pillai,Lucknow,Office Supplies,Pen Pack,6,933,228
ORD06419,21-09-2024,September,Arjun Mehta,Nagpur,Home & Kitchen,Table Lamp,2,1478,277
ORD06420,29-01-2024,January,Devika Pillai,Jaipur,Home & Kitchen,Air Fryer,1,8450,1123
ORD06421,28-08-2024,August,Devika Pillai,Bengaluru,Home & Kitchen,Water Bottle,1,542,104
ORD06422,15-05-2025,May,Zoya Das,Kolkata,Clothing,Backpack,2,5221,591
ORD06423,13-07-2024,July,Manish Yadav,Lucknow,Home & Kitchen,Storage Container Set,3,1843,329
ORD06424,26-08-2025,August,Nikhil Bansal,Bengaluru,Furniture,Coffee Table,1,10201,1212
ORD06425,02-09-2022,September,Aditya Desai,Ahmedabad,Home & Kitchen,Mixer Grinder,1,9718,1501
ORD06426,08-08-2023,August,Manish Yadav,Coimbatore,Home & Kitchen,Mixer Grinder,4,24036,3540
ORD06427,02-12-2023,December,Diya Singh,Indore,Furniture,Desk,3,63924,8668
ORD06428,18-01-2025,January,Tanvi Kulkarni,Mumbai,Electronics,Smartphone,6,359234,70084
ORD06429,25-10-2022,October,Priya Menon,Bengaluru,Clothing,Jacket,5,29302,5838
ORD06430,11-03-2025,March,Rohan Kulkarni,Bengaluru,Office Supplies,Pen Pack,1,198,41
ORD06431,18-02-2023,February,Shreya Ghosh,Nagpur,Electronics,Headphones,1,8449,1603
ORD06432,23-07-2024,July,Aditi Patel,Hyderabad,Office Supplies,Stapler,3,876,195
ORD06433,23-03-2024,March,Tanvi Kulkarni,Bengaluru,Electronics,Mouse,1,1459,225
ORD06434,10-12-2022,December,Diya Singh,Mumbai,Furniture,Coffee Table,3,20957,3678
ORD06435,13-12-2025,December,Diya Singh,Chennai,Electronics,Smartphone,2,67828,7018
ORD06436,21-03-2025,March,Arjun Mehta,Lucknow,Clothing,T-Shirt,4,1903,511
ORD06437,23-08-2023,August,Karan Malhotra,Indore,Electronics,Monitor,2,23620,4516
ORD06438,23-06-2024,June,Vikram Rao,Indore,Home & Kitchen,Storage Container Set,2,3331,305
ORD06439,08-12-2025,December,Aarav Sharma,Ahmedabad,Office Supplies,Printer Paper,4,1159,115
ORD06440,01-06-2022,June,Amit Verma,Ahmedabad,Office Supplies,File Folder Set,3,1213,107
ORD06441,08-08-2024,August,Aarav Sharma,Pune,Home & Kitchen,Water Bottle,1,688,53
ORD06442,01-10-2025,October,Varun Chawla,Chennai,Clothing,Formal Shirt,2,3838,760
ORD06443,05-02-2024,February,Neha Reddy,Mumbai,Home & Kitchen,Air Fryer,2,23729,4671
ORD06444,06-12-2022,December,Vikram Rao,Ahmedabad,Electronics,Laptop,2,119481,14272
ORD06445,20-02-2024,February,Ananya Iyer,Jaipur,Office Supplies,Desk Organizer,5,1703,148
ORD06446,20-08-2024,August,Nikhil Bansal,Kochi,Electronics,Headphones,3,13583,3237
ORD06447,28-01-2025,January,Kabir Jain,Delhi,Furniture,Sofa,3,48010,7360
ORD06448,25-03-2022,March,Ishaan Gupta,Coimbatore,Electronics,Mouse,1,1871,371
ORD06449,26-04-2024,April,Manish Yadav,Ahmedabad,Electronics,Headphones,3,20191,2247
ORD06450,30-12-2025,December,Devika Pillai,Bengaluru,Furniture,Coffee Table,2,18830,1990
ORD06451,11-05-2022,May,Pooja Sethi,Surat,Electronics,Speaker,2,11572,1055
ORD06452,25-04-2024,April,Simran Kaur,Lucknow,Office Supplies,Printer Paper,2,1722,251
ORD06453,04-08-2023,August,Meera Shah,Delhi,Home & Kitchen,Storage Container Set,1,1055,260
ORD06454,30-06-2025,June,Meera Shah,Surat,Clothing,Backpack,5,4145,501
ORD06455,05-04-2023,April,Aditya Desai,Coimbatore,Electronics,Speaker,1,3006,342
ORD06456,07-01-2022,January,Meera Shah,Surat,Office Supplies,Pen Pack,1,241,44
ORD06457,04-05-2023,May,Kavya Nair,Pune,Electronics,Keyboard,1,3007,221
ORD06458,20-08-2025,August,Sneha Bose,Jaipur,Home & Kitchen,Storage Container Set,2,2668,477
ORD06459,17-10-2024,October,Aditya Desai,Mumbai,Office Supplies,Pen Pack,2,119,16
ORD06460,19-03-2023,March,Kavya Nair,Delhi,Electronics,Headphones,2,2367,364
ORD06461,04-01-2023,January,Varun Chawla,Bengaluru,Office Supplies,Stapler,1,464,76
ORD06462,27-08-2023,August,Ananya Iyer,Lucknow,Electronics,Keyboard,3,8488,799
ORD06463,21-09-2024,September,Meera Shah,Mumbai,Furniture,Sofa,1,37793,3058
ORD06464,10-11-2023,November,Sneha Bose,Delhi,Clothing,Backpack,4,9389,2355
ORD06465,31-10-2022,October,Ananya Iyer,Ahmedabad,Office Supplies,Printer Paper,1,343,42
ORD06466,08-05-2022,May,Rohan Kulkarni,Ahmedabad,Electronics,Keyboard,2,6550,1382
ORD06467,17-04-2023,April,Aarav Sharma,Indore,Electronics,Keyboard,3,11035,1971
ORD06468,15-05-2023,May,Aarav Sharma,Hyderabad,Home & Kitchen,Water Bottle,1,526,121
ORD06469,04-02-2025,February,Neha Reddy,Coimbatore,Office Supplies,Desk Organizer,4,4151,626
ORD06470,15-02-2022,February,Varun Chawla,Pune,Electronics,Keyboard,1,4311,1030
ORD06471,18-11-2023,November,Meera Shah,Delhi,Office Supplies,Desk Organizer,1,1059,209
ORD06472,23-03-2025,March,Kavya Nair,Indore,Clothing,Sneakers,1,1509,180
ORD06473,27-11-2024,November,Devika Pillai,Chennai,Furniture,Dining Table,2,69682,12980
ORD06474,26-05-2023,May,Simran Kaur,Hyderabad,Home & Kitchen,Air Fryer,3,44950,6321
ORD06475,18-09-2023,September,Karan Malhotra,Indore,Clothing,Formal Shirt,1,1999,338
ORD06476,02-11-2022,November,Karan Malhotra,Nagpur,Furniture,Bookshelf,1,6264,1038
ORD06477,14-02-2025,February,Aarav Sharma,Mumbai,Clothing,Backpack,4,8352,1919
ORD06478,07-02-2025,February,Vikram Rao,Chennai,Furniture,Office Chair,2,8290,1471
ORD06479,03-10-2025,October,Amit Verma,Kolkata,Office Supplies,File Folder Set,5,817,196
ORD06480,21-09-2022,September,Neha Reddy,Surat,Office Supplies,Printer Paper,2,733,58
ORD06481,26-08-2025,August,Kavya Nair,Kochi,Electronics,Mouse,6,12541,2649
ORD06482,24-06-2024,June,Amit Verma,Kolkata,Office Supplies,Printer Paper,2,1610,411
ORD06483,05-03-2024,March,Varun Chawla,Chennai,Office Supplies,Pen Pack,2,264,24
ORD06484,27-01-2025,January,Aditi Patel,Bengaluru,Clothing,Formal Shirt,3,3130,232
ORD06485,04-10-2023,October,Simran Kaur,Kochi,Furniture,Desk,1,21071,5312
ORD06486,10-05-2022,May,Arjun Mehta,Hyderabad,Furniture,Sofa,2,43456,2911
ORD06487,18-02-2022,February,Karan Malhotra,Lucknow,Electronics,Speaker,3,22828,2909
ORD06488,25-01-2023,January,Ira Mukherjee,Hyderabad,Office Supplies,Pen Pack,1,159,10
ORD06489,31-08-2023,August,Sneha Bose,Hyderabad,Furniture,Bookshelf,2,18788,1996
ORD06490,18-01-2022,January,Aarav Sharma,Nagpur,Furniture,Desk,3,38393,5601
ORD06491,25-10-2025,October,Vikram Rao,Lucknow,Office Supplies,Pen Pack,3,228,23
ORD06492,30-08-2024,August,Devika Pillai,Coimbatore,Electronics,Keyboard,1,3112,756
ORD06493,25-06-2022,June,Aditi Patel,Nagpur,Furniture,Sofa,3,98709,27037
ORD06494,20-05-2025,May,Kavya Nair,Nagpur,Home & Kitchen,Air Fryer,2,10633,2709
ORD06495,01-11-2024,November,Kavya Nair,Indore,Clothing,T-Shirt,3,1312,170
ORD06496,15-04-2022,April,Vikram Rao,Pune,Clothing,Backpack,1,2413,222
ORD06497,17-04-2023,April,Zoya Das,Kolkata,Home & Kitchen,Water Bottle,1,269,28
ORD06498,13-08-2025,August,Simran Kaur,Indore,Clothing,Jeans,1,1127,70
ORD06499,06-11-2024,November,Riya Kapoor,Jaipur,Electronics,Speaker,1,7323,1389
ORD06500,23-01-2025,January,Simran Kaur,Surat,Clothing,Backpack,1,1877,316
ORD06501,27-03-2023,March,Aditya Desai,Delhi,Electronics,Headphones,1,5094,365
ORD06502,09-08-2023,August,Shreya Ghosh,Nagpur,Electronics,Tablet,1,17987,4662
ORD06503,13-03-2023,March,Tanvi Kulkarni,Kochi,Furniture,Dining Table,1,32203,3612
ORD06504,03-10-2022,October,Manish Yadav,Bengaluru,Office Supplies,File Folder Set,3,1981,243
ORD06505,22-11-2024,November,Vikram Rao,Lucknow,Furniture,Office Chair,2,15178,4026
ORD06506,09-04-2022,April,Rohan Kulkarni,Ahmedabad,Furniture,Office Chair,1,7555,980
ORD06507,18-05-2025,May,Rahul Joshi,Chennai,Clothing,Backpack,2,1157,162
ORD06508,01-10-2024,October,Vikram Rao,Chennai,Electronics,Monitor,1,7576,1302
ORD06509,27-06-2024,June,Nikhil Bansal,Delhi,Clothing,Sneakers,1,1535,394
ORD06510,10-05-2024,May,Nikhil Bansal,Nagpur,Office Supplies,Notebook Set,3,1077,111
ORD06511,04-07-2025,July,Shreya Ghosh,Ahmedabad,Electronics,Tablet,2,51240,11409
ORD06512,26-03-2022,March,Aditi Patel,Kolkata,Office Supplies,Notebook Set,3,1747,171
ORD06513,13-10-2025,October,Devika Pillai,Bengaluru,Office Supplies,Stapler,1,368,98
ORD06514,16-09-2025,September,Aditi Patel,Ahmedabad,Furniture,Dining Table,1,23170,5947
ORD06515,18-12-2023,December,Riya Kapoor,Nagpur,Office Supplies,Pen Pack,1,264,16
ORD06516,22-07-2025,July,Ishaan Gupta,Indore,Furniture,Desk,2,25469,6260
ORD06517,16-10-2022,October,Arjun Mehta,Bengaluru,Electronics,Speaker,1,8196,641
ORD06518,19-05-2023,May,Riya Kapoor,Jaipur,Electronics,Headphones,4,17280,3983
ORD06519,15-10-2023,October,Priya Menon,Kolkata,Office Supplies,File Folder Set,1,237,44
ORD06520,02-02-2024,February,Tanvi Kulkarni,Jaipur,Home & Kitchen,Water Bottle,1,773,209
ORD06521,30-01-2024,January,Vikram Rao,Bengaluru,Office Supplies,File Folder Set,2,425,85
ORD06522,02-07-2025,July,Pooja Sethi,Ahmedabad,Electronics,Headphones,3,14833,3026
ORD06523,12-12-2024,December,Nikhil Bansal,Ahmedabad,Furniture,Sofa,2,66554,4137
ORD06524,07-01-2024,January,Kavya Nair,Kolkata,Clothing,Sneakers,3,6671,896
ORD06525,23-07-2024,July,Amit Verma,Ahmedabad,Office Supplies,Printer Paper,1,920,194
ORD06526,15-05-2024,May,Rohan Kulkarni,Ahmedabad,Home & Kitchen,Cookware Set,2,6747,417
ORD06527,12-11-2022,November,Aditi Patel,Kolkata,Furniture,Sofa,1,62224,15242
ORD06528,08-01-2022,January,Manish Yadav,Jaipur,Furniture,Bookshelf,2,15013,1265
ORD06529,22-11-2022,November,Ishaan Gupta,Delhi,Electronics,Monitor,1,13123,1024
ORD06530,02-04-2022,April,Karan Malhotra,Lucknow,Office Supplies,Desk Organizer,1,1036,99
ORD06531,08-12-2025,December,Ira Mukherjee,Lucknow,Clothing,T-Shirt,1,1062,110
ORD06532,25-01-2025,January,Kavya Nair,Bengaluru,Office Supplies,Desk Organizer,2,576,151
ORD06533,03-06-2025,June,Diya Singh,Chennai,Electronics,Laptop,2,139719,26587
ORD06534,10-01-2022,January,Aditya Desai,Lucknow,Furniture,Coffee Table,2,19589,2962
ORD06535,11-10-2023,October,Devika Pillai,Chennai,Home & Kitchen,Cookware Set,1,1973,400
ORD06536,22-03-2023,March,Amit Verma,Nagpur,Electronics,Smartphone,2,103709,12129
ORD06537,29-08-2023,August,Sneha Bose,Mumbai,Clothing,Jacket,1,3060,797
ORD06538,27-02-2024,February,Manish Yadav,Kolkata,Clothing,T-Shirt,1,1176,201
ORD06539,08-05-2023,May,Rahul Joshi,Kolkata,Office Supplies,Desk Organizer,1,518,106
ORD06540,01-02-2022,February,Ira Mukherjee,Coimbatore,Clothing,Sneakers,1,4654,809
ORD06541,11-01-2022,January,Kavya Nair,Hyderabad,Clothing,Sneakers,1,1851,316
ORD06542,13-11-2022,November,Aarav Sharma,Nagpur,Furniture,Sofa,1,49432,6240
ORD06543,28-09-2023,September,Arjun Mehta,Surat,Electronics,Mouse,1,2060,156
ORD06544,24-05-2022,May,Vikram Rao,Bengaluru,Office Supplies,File Folder Set,2,1079,247
ORD06545,13-07-2022,July,Kabir Jain,Delhi,Office Supplies,Desk Organizer,5,2459,382
ORD06546,17-04-2025,April,Pooja Sethi,Delhi,Home & Kitchen,Table Lamp,2,5927,1549
ORD06547,18-03-2022,March,Tanvi Kulkarni,Hyderabad,Furniture,Office Chair,1,4970,341
ORD06548,13-08-2025,August,Shreya Ghosh,Surat,Electronics,Tablet,2,50021,5220
ORD06549,30-10-2024,October,Neha Reddy,Coimbatore,Furniture,Sofa,2,105040,18545
ORD06550,13-10-2023,October,Aarav Sharma,Bengaluru,Office Supplies,Desk Organizer,2,875,106
ORD06551,28-05-2024,May,Devika Pillai,Kochi,Office Supplies,Stapler,2,225,62
ORD06552,27-11-2022,November,Diya Singh,Bengaluru,Clothing,Jeans,3,8580,869
ORD06553,06-02-2025,February,Riya Kapoor,Ahmedabad,Electronics,Mouse,2,1341,308
ORD06554,06-12-2025,December,Arjun Mehta,Delhi,Furniture,Bookshelf,1,4705,1120
ORD06555,30-07-2024,July,Simran Kaur,Delhi,Home & Kitchen,Storage Container Set,1,1349,225
ORD06556,15-09-2024,September,Riya Kapoor,Hyderabad,Clothing,Jacket,1,1775,228
ORD06557,08-10-2024,October,Pooja Sethi,Ahmedabad,Clothing,Formal Shirt,1,1614,190
ORD06558,26-05-2024,May,Ananya Iyer,Coimbatore,Office Supplies,Desk Organizer,1,846,85
ORD06559,25-02-2023,February,Neha Reddy,Chennai,Home & Kitchen,Cookware Set,1,7833,1960
ORD06560,13-08-2024,August,Nikhil Bansal,Chennai,Electronics,Monitor,3,73435,19027
ORD06561,06-10-2025,October,Amit Verma,Chennai,Electronics,Laptop,1,87060,19124
ORD06562,05-10-2022,October,Pooja Sethi,Hyderabad,Furniture,Bookshelf,1,9404,1139
ORD06563,12-04-2023,April,Priya Menon,Ahmedabad,Furniture,Bookshelf,1,4793,483
ORD06564,09-12-2023,December,Priya Menon,Jaipur,Clothing,Backpack,4,4877,614
ORD06565,02-01-2022,January,Aarav Sharma,Kochi,Furniture,Office Chair,2,10331,1117
ORD06566,20-02-2024,February,Ananya Iyer,Lucknow,Office Supplies,Stapler,1,397,54
ORD06567,08-02-2023,February,Rahul Joshi,Mumbai,Furniture,Bookshelf,2,16017,1406
ORD06568,14-05-2024,May,Rahul Joshi,Lucknow,Office Supplies,Notebook Set,4,580,99
ORD06569,18-02-2023,February,Rohan Kulkarni,Bengaluru,Clothing,Jacket,2,6585,1033
ORD06570,02-04-2025,April,Manish Yadav,Kolkata,Office Supplies,Desk Organizer,1,760,106
ORD06571,11-04-2023,April,Aditi Patel,Surat,Office Supplies,Stapler,1,316,44
ORD06572,24-07-2024,July,Nikhil Bansal,Mumbai,Electronics,Laptop,3,173729,19640
ORD06573,12-06-2024,June,Riya Kapoor,Jaipur,Electronics,Tablet,4,147659,30670
ORD06574,17-04-2025,April,Vikram Rao,Bengaluru,Electronics,Headphones,1,1342,96
ORD06575,24-11-2023,November,Aarav Sharma,Hyderabad,Furniture,Dining Table,2,30433,3676
ORD06576,07-07-2024,July,Aditya Desai,Coimbatore,Home & Kitchen,Air Fryer,1,4640,1288
ORD06577,14-09-2022,September,Pooja Sethi,Hyderabad,Furniture,Desk,3,30392,6453
ORD06578,01-01-2025,January,Shreya Ghosh,Ahmedabad,Furniture,Office Chair,1,9739,1831
ORD06579,27-08-2024,August,Devika Pillai,Pune,Clothing,Jeans,2,6186,1595
ORD06580,08-11-2024,November,Rahul Joshi,Nagpur,Furniture,Sofa,1,23553,2007
ORD06581,14-09-2025,September,Varun Chawla,Hyderabad,Furniture,Dining Table,2,69201,11488
ORD06582,24-04-2024,April,Karan Malhotra,Jaipur,Electronics,Tablet,2,64844,13332
ORD06583,14-11-2024,November,Karan Malhotra,Hyderabad,Office Supplies,File Folder Set,6,2425,423
ORD06584,27-01-2024,January,Shreya Ghosh,Pune,Home & Kitchen,Table Lamp,4,3554,342
ORD06585,16-02-2025,February,Arjun Mehta,Coimbatore,Electronics,Tablet,5,97972,17223
ORD06586,26-11-2022,November,Diya Singh,Bengaluru,Clothing,Sneakers,2,4257,547
ORD06587,01-06-2023,June,Neha Reddy,Ahmedabad,Home & Kitchen,Water Bottle,1,937,242
ORD06588,21-09-2023,September,Amit Verma,Delhi,Electronics,Monitor,1,8071,1433
ORD06589,24-12-2024,December,Ira Mukherjee,Lucknow,Home & Kitchen,Air Fryer,1,12614,898
ORD06590,03-05-2022,May,Aarav Sharma,Jaipur,Electronics,Tablet,1,36961,6846
ORD06591,01-10-2022,October,Amit Verma,Bengaluru,Electronics,Laptop,1,57373,14554
ORD06592,24-01-2023,January,Amit Verma,Delhi,Electronics,Speaker,3,7130,1888
ORD06593,23-04-2025,April,Manish Yadav,Surat,Home & Kitchen,Water Bottle,3,1194,82
ORD06594,10-09-2025,September,Priya Menon,Coimbatore,Office Supplies,Printer Paper,1,385,106
ORD06595,01-02-2022,February,Devika Pillai,Coimbatore,Electronics,Smartphone,3,71494,5284
ORD06596,12-08-2022,August,Aarav Sharma,Nagpur,Home & Kitchen,Storage Container Set,5,7065,1858
ORD06597,23-10-2024,October,Aditi Patel,Nagpur,Electronics,Mouse,5,9988,980
ORD06598,08-06-2023,June,Diya Singh,Ahmedabad,Electronics,Speaker,1,5986,1323
ORD06599,15-06-2025,June,Riya Kapoor,Jaipur,Clothing,Jeans,1,2956,330
ORD06600,15-12-2024,December,Priya Menon,Surat,Electronics,Laptop,2,140871,9895
ORD06601,05-01-2025,January,Amit Verma,Mumbai,Office Supplies,Desk Organizer,3,678,57
ORD06602,10-05-2025,May,Neha Reddy,Mumbai,Office Supplies,File Folder Set,1,678,65
ORD06603,26-11-2022,November,Shreya Ghosh,Lucknow,Electronics,Keyboard,2,5935,1167
ORD06604,27-09-2024,September,Ishaan Gupta,Chennai,Home & Kitchen,Storage Container Set,3,2617,670
ORD06605,25-02-2025,February,Aditya Desai,Indore,Electronics,Mouse,5,4393,947
ORD06606,04-08-2023,August,Pooja Sethi,Hyderabad,Electronics,Headphones,2,11392,1378
ORD06607,24-02-2023,February,Riya Kapoor,Mumbai,Clothing,Jacket,4,9219,942
ORD06608,17-06-2023,June,Nikhil Bansal,Coimbatore,Clothing,T-Shirt,2,1168,266
ORD06609,22-03-2025,March,Varun Chawla,Indore,Electronics,Mouse,1,757,99
ORD06610,05-12-2022,December,Karan Malhotra,Indore,Clothing,T-Shirt,5,2973,565
ORD06611,25-05-2022,May,Aarav Sharma,Kochi,Furniture,Bookshelf,1,5382,614
ORD06612,01-05-2025,May,Kabir Jain,Coimbatore,Home & Kitchen,Air Fryer,4,48078,11313
ORD06613,19-07-2023,July,Karan Malhotra,Bengaluru,Electronics,Laptop,2,121182,18157
ORD06614,11-05-2024,May,Aditya Desai,Surat,Furniture,Coffee Table,2,15808,3766
ORD06615,14-10-2022,October,Rahul Joshi,Chennai,Office Supplies,File Folder Set,1,148,37
ORD06616,05-07-2024,July,Varun Chawla,Delhi,Office Supplies,Stapler,1,465,90
ORD06617,17-07-2022,July,Varun Chawla,Jaipur,Furniture,Coffee Table,4,21324,3753
ORD06618,25-11-2023,November,Karan Malhotra,Surat,Furniture,Coffee Table,2,7249,1227
ORD06619,06-02-2022,February,Meera Shah,Jaipur,Office Supplies,Pen Pack,1,124,29
ORD06620,08-01-2025,January,Aditi Patel,Pune,Clothing,Backpack,2,2458,151
ORD06621,09-06-2024,June,Manish Yadav,Indore,Office Supplies,Pen Pack,2,592,137
ORD06622,31-05-2023,May,Meera Shah,Ahmedabad,Office Supplies,Desk Organizer,5,5625,838
ORD06623,09-07-2022,July,Zoya Das,Delhi,Home & Kitchen,Table Lamp,2,1405,337
ORD06624,14-10-2022,October,Ananya Iyer,Kolkata,Home & Kitchen,Water Bottle,1,726,99
ORD06625,16-05-2022,May,Diya Singh,Surat,Clothing,T-Shirt,2,1402,188
ORD06626,01-03-2022,March,Neha Reddy,Jaipur,Electronics,Speaker,1,2753,324
ORD06627,15-09-2024,September,Ira Mukherjee,Coimbatore,Clothing,Formal Shirt,1,2025,462
ORD06628,23-02-2022,February,Riya Kapoor,Chennai,Clothing,Jacket,1,4790,1258
ORD06629,09-12-2023,December,Arjun Mehta,Bengaluru,Office Supplies,Desk Organizer,1,348,42
ORD06630,24-09-2025,September,Shreya Ghosh,Jaipur,Electronics,Headphones,4,20936,1914
ORD06631,07-01-2022,January,Ira Mukherjee,Ahmedabad,Furniture,Coffee Table,2,5691,1497
ORD06632,27-08-2024,August,Varun Chawla,Pune,Furniture,Coffee Table,1,9752,2274
ORD06633,08-06-2025,June,Manish Yadav,Ahmedabad,Office Supplies,Printer Paper,4,1066,274
ORD06634,05-02-2024,February,Kavya Nair,Jaipur,Furniture,Sofa,1,33106,5248
ORD06635,06-08-2024,August,Ira Mukherjee,Chennai,Clothing,Jacket,1,1228,212
ORD06636,18-05-2022,May,Rohan Kulkarni,Kolkata,Electronics,Tablet,4,140949,38345
ORD06637,22-03-2024,March,Varun Chawla,Coimbatore,Clothing,Backpack,1,2033,160
ORD06638,29-11-2023,November,Simran Kaur,Coimbatore,Electronics,Keyboard,1,4400,652
ORD06639,06-11-2024,November,Ananya Iyer,Chennai,Furniture,Sofa,2,109359,20679
ORD06640,05-04-2023,April,Rohan Kulkarni,Mumbai,Electronics,Monitor,2,51462,11780
ORD06641,15-06-2022,June,Neha Reddy,Nagpur,Furniture,Dining Table,3,91051,11635
ORD06642,23-08-2025,August,Aarav Sharma,Surat,Furniture,Sofa,2,109512,29411
ORD06643,06-04-2025,April,Zoya Das,Chennai,Furniture,Sofa,3,153139,14333
ORD06644,27-02-2025,February,Simran Kaur,Nagpur,Electronics,Laptop,2,182532,48412
ORD06645,03-12-2023,December,Sana Khan,Surat,Office Supplies,Printer Paper,3,2521,270
ORD06646,28-07-2024,July,Shreya Ghosh,Bengaluru,Furniture,Coffee Table,1,3807,730
ORD06647,11-09-2022,September,Devika Pillai,Nagpur,Electronics,Speaker,1,4086,539
ORD06648,21-03-2025,March,Aditya Desai,Mumbai,Office Supplies,Stapler,1,235,35
ORD06649,24-04-2022,April,Tanvi Kulkarni,Ahmedabad,Home & Kitchen,Water Bottle,3,1037,269
ORD06650,03-10-2025,October,Sana Khan,Jaipur,Office Supplies,Notebook Set,2,1086,174
ORD06651,20-05-2023,May,Varun Chawla,Kochi,Office Supplies,Desk Organizer,2,510,126
ORD06652,20-05-2022,May,Ishaan Gupta,Ahmedabad,Electronics,Speaker,3,9427,1608
ORD06653,27-10-2025,October,Sana Khan,Kolkata,Office Supplies,Notebook Set,3,1488,232
ORD06654,18-01-2025,January,Aarav Sharma,Indore,Electronics,Monitor,3,39983,5957
ORD06655,19-04-2022,April,Sana Khan,Surat,Furniture,Sofa,2,59701,16495
ORD06656,02-09-2022,September,Aarav Sharma,Nagpur,Electronics,Monitor,2,39607,6248
ORD06657,22-12-2025,December,Ira Mukherjee,Indore,Electronics,Tablet,2,66104,4475
ORD06658,09-10-2024,October,Neha Reddy,Indore,Furniture,Office Chair,2,11889,2273
ORD06659,13-03-2024,March,Varun Chawla,Hyderabad,Electronics,Tablet,1,15541,2841
ORD06660,07-07-2023,July,Simran Kaur,Mumbai,Electronics,Keyboard,2,4921,973
ORD06661,07-05-2022,May,Kabir Jain,Kolkata,Home & Kitchen,Water Bottle,1,595,101
ORD06662,07-09-2023,September,Zoya Das,Bengaluru,Electronics,Tablet,1,16262,3830
ORD06663,30-01-2023,January,Tanvi Kulkarni,Ahmedabad,Home & Kitchen,Table Lamp,2,2694,397
ORD06664,14-12-2023,December,Aarav Sharma,Nagpur,Clothing,T-Shirt,1,743,161
ORD06665,22-05-2025,May,Arjun Mehta,Chennai,Office Supplies,Printer Paper,1,466,127
ORD06666,08-10-2023,October,Kabir Jain,Kolkata,Home & Kitchen,Mixer Grinder,5,56166,5957
ORD06667,06-08-2023,August,Ananya Iyer,Kochi,Home & Kitchen,Mixer Grinder,5,56336,13111
ORD06668,17-02-2023,February,Priya Menon,Delhi,Home & Kitchen,Air Fryer,1,13550,986
ORD06669,18-02-2022,February,Aditya Desai,Hyderabad,Furniture,Dining Table,5,49945,3334
ORD06670,13-10-2023,October,Kavya Nair,Surat,Furniture,Dining Table,2,40098,8341
ORD06671,06-06-2022,June,Aarav Sharma,Ahmedabad,Home & Kitchen,Storage Container Set,1,1735,410
ORD06672,01-03-2024,March,Aditi Patel,Pune,Furniture,Coffee Table,5,34626,3416
ORD06673,01-11-2025,November,Zoya Das,Delhi,Electronics,Keyboard,2,1258,236
ORD06674,15-09-2022,September,Sneha Bose,Delhi,Clothing,Jacket,5,7394,1055
ORD06675,31-10-2023,October,Vikram Rao,Chennai,Furniture,Coffee Table,2,6562,791
ORD06676,18-04-2025,April,Manish Yadav,Pune,Furniture,Dining Table,2,34779,7465
ORD06677,23-11-2025,November,Ananya Iyer,Lucknow,Furniture,Coffee Table,3,29383,4865
ORD06678,10-08-2022,August,Kavya Nair,Chennai,Furniture,Coffee Table,3,31972,8392
ORD06679,06-05-2024,May,Aditya Desai,Jaipur,Furniture,Dining Table,4,69302,7259
ORD06680,16-01-2025,January,Aarav Sharma,Lucknow,Electronics,Laptop,5,376181,49829
ORD06681,01-05-2022,May,Rohan Kulkarni,Kolkata,Office Supplies,Printer Paper,2,1417,323
ORD06682,13-06-2024,June,Meera Shah,Pune,Furniture,Coffee Table,1,8499,572
ORD06683,07-02-2022,February,Sneha Bose,Surat,Office Supplies,Stapler,5,1495,175
ORD06684,19-02-2025,February,Riya Kapoor,Ahmedabad,Office Supplies,Printer Paper,1,920,144
ORD06685,18-11-2022,November,Diya Singh,Chennai,Home & Kitchen,Table Lamp,2,2514,661
ORD06686,07-09-2023,September,Tanvi Kulkarni,Kochi,Office Supplies,Pen Pack,2,334,72
ORD06687,10-04-2024,April,Meera Shah,Jaipur,Electronics,Monitor,1,20330,3809
ORD06688,27-12-2024,December,Aditi Patel,Nagpur,Electronics,Tablet,1,23909,5785
ORD06689,22-12-2025,December,Nikhil Bansal,Delhi,Electronics,Speaker,1,6722,1144
ORD06690,24-03-2024,March,Devika Pillai,Bengaluru,Clothing,Jacket,1,6383,1432
ORD06691,10-07-2023,July,Shreya Ghosh,Kolkata,Furniture,Bookshelf,2,13408,1157
ORD06692,23-10-2022,October,Rahul Joshi,Nagpur,Home & Kitchen,Table Lamp,3,9223,1289
ORD06693,26-04-2024,April,Rohan Kulkarni,Indore,Office Supplies,Printer Paper,1,734,95
ORD06694,26-04-2023,April,Diya Singh,Kolkata,Home & Kitchen,Cookware Set,1,6059,1197
ORD06695,28-05-2023,May,Tanvi Kulkarni,Pune,Electronics,Tablet,5,146506,34402
ORD06696,02-02-2025,February,Sana Khan,Coimbatore,Electronics,Monitor,1,17719,3416
ORD06697,05-04-2022,April,Neha Reddy,Kolkata,Electronics,Mouse,1,1566,427
ORD06698,05-06-2023,June,Neha Reddy,Coimbatore,Electronics,Mouse,2,663,44
ORD06699,02-12-2024,December,Ishaan Gupta,Indore,Home & Kitchen,Mixer Grinder,2,12473,768
ORD06700,19-07-2023,July,Kavya Nair,Indore,Home & Kitchen,Water Bottle,2,1859,432
ORD06701,14-05-2024,May,Priya Menon,Indore,Electronics,Mouse,1,2189,454
ORD06702,14-05-2025,May,Amit Verma,Surat,Electronics,Smartphone,1,63706,8068
ORD06703,17-08-2024,August,Devika Pillai,Indore,Clothing,Jeans,4,3719,671
ORD06704,23-01-2023,January,Vikram Rao,Pune,Home & Kitchen,Storage Container Set,4,5306,783
ORD06705,28-01-2024,January,Rohan Kulkarni,Surat,Clothing,Sneakers,4,10576,636
ORD06706,01-01-2023,January,Neha Reddy,Surat,Home & Kitchen,Table Lamp,3,7909,523
ORD06707,12-05-2022,May,Arjun Mehta,Jaipur,Home & Kitchen,Table Lamp,2,5272,596
ORD06708,18-04-2025,April,Zoya Das,Surat,Clothing,Formal Shirt,3,8686,2116
ORD06709,05-08-2023,August,Priya Menon,Hyderabad,Office Supplies,File Folder Set,2,822,76
ORD06710,09-08-2023,August,Sana Khan,Kochi,Electronics,Mouse,3,6361,1311
ORD06711,22-07-2022,July,Meera Shah,Surat,Home & Kitchen,Mixer Grinder,2,21706,1619
ORD06712,03-06-2024,June,Vikram Rao,Nagpur,Electronics,Tablet,1,15967,3238
ORD06713,20-06-2025,June,Diya Singh,Jaipur,Electronics,Mouse,1,1114,248
ORD06714,28-05-2023,May,Vikram Rao,Kolkata,Electronics,Speaker,1,8961,965
ORD06715,07-10-2025,October,Sana Khan,Bengaluru,Home & Kitchen,Water Bottle,3,1753,269
ORD06716,24-10-2025,October,Diya Singh,Jaipur,Electronics,Tablet,3,62509,9025
ORD06717,28-01-2023,January,Ishaan Gupta,Jaipur,Home & Kitchen,Table Lamp,1,3139,474
ORD06718,16-11-2024,November,Aarav Sharma,Nagpur,Electronics,Smartphone,3,97213,12474
ORD06719,24-04-2023,April,Aditi Patel,Ahmedabad,Home & Kitchen,Water Bottle,1,713,57
ORD06720,11-05-2024,May,Riya Kapoor,Nagpur,Furniture,Dining Table,2,56480,7293
ORD06721,30-07-2024,July,Sana Khan,Mumbai,Electronics,Tablet,1,36560,2970
ORD06722,27-10-2024,October,Manish Yadav,Pune,Furniture,Bookshelf,2,20379,4428
ORD06723,28-03-2025,March,Rohan Kulkarni,Pune,Office Supplies,Desk Organizer,2,1808,218
ORD06724,14-08-2022,August,Meera Shah,Nagpur,Electronics,Monitor,2,47787,11629
ORD06725,21-12-2024,December,Ananya Iyer,Kochi,Clothing,Sneakers,2,4060,650
ORD06726,22-11-2025,November,Shreya Ghosh,Coimbatore,Furniture,Office Chair,3,24417,2445
ORD06727,11-05-2025,May,Pooja Sethi,Nagpur,Electronics,Smartphone,4,173418,42476
ORD06728,14-12-2025,December,Arjun Mehta,Surat,Electronics,Mouse,2,3154,303
ORD06729,18-04-2024,April,Aditya Desai,Coimbatore,Clothing,Sneakers,3,4326,774
ORD06730,13-07-2025,July,Amit Verma,Coimbatore,Electronics,Speaker,1,1575,109
ORD06731,13-03-2023,March,Sana Khan,Kolkata,Home & Kitchen,Air Fryer,1,10567,1843
ORD06732,27-08-2025,August,Tanvi Kulkarni,Chennai,Clothing,Formal Shirt,2,3009,190
ORD06733,04-08-2025,August,Devika Pillai,Surat,Furniture,Sofa,1,37173,7632
ORD06734,01-10-2024,October,Arjun Mehta,Nagpur,Furniture,Office Chair,2,25169,6623
ORD06735,09-05-2024,May,Devika Pillai,Delhi,Clothing,Sneakers,3,14039,3132
ORD06736,09-02-2025,February,Vikram Rao,Nagpur,Office Supplies,Desk Organizer,2,1889,469
ORD06737,15-06-2024,June,Pooja Sethi,Coimbatore,Home & Kitchen,Cookware Set,3,14557,3847
ORD06738,26-07-2024,July,Tanvi Kulkarni,Lucknow,Furniture,Bookshelf,2,6048,901
ORD06739,24-07-2025,July,Devika Pillai,Delhi,Office Supplies,Printer Paper,5,2558,165
ORD06740,27-08-2024,August,Diya Singh,Nagpur,Clothing,T-Shirt,1,1163,310
ORD06741,29-05-2022,May,Pooja Sethi,Delhi,Electronics,Keyboard,4,8148,1322
ORD06742,05-08-2025,August,Ira Mukherjee,Nagpur,Electronics,Monitor,1,21950,2538
ORD06743,25-11-2025,November,Zoya Das,Lucknow,Home & Kitchen,Storage Container Set,3,3608,784
ORD06744,13-05-2022,May,Aditi Patel,Pune,Electronics,Smartphone,3,128534,9926
ORD06745,15-08-2023,August,Varun Chawla,Kochi,Home & Kitchen,Table Lamp,2,1663,360
ORD06746,11-10-2024,October,Kavya Nair,Bengaluru,Furniture,Bookshelf,2,10069,2643
ORD06747,26-04-2025,April,Riya Kapoor,Pune,Clothing,Jacket,1,2442,490
ORD06748,06-05-2025,May,Simran Kaur,Pune,Office Supplies,Printer Paper,1,820,229
ORD06749,05-09-2023,September,Kabir Jain,Kolkata,Electronics,Headphones,5,9809,1278
ORD06750,22-07-2025,July,Amit Verma,Jaipur,Furniture,Desk,1,16402,1998
ORD06751,09-01-2024,January,Pooja Sethi,Lucknow,Clothing,Jeans,1,1118,126
ORD06752,14-10-2022,October,Manish Yadav,Jaipur,Clothing,Jacket,4,9771,786
ORD06753,15-02-2025,February,Aditi Patel,Lucknow,Home & Kitchen,Mixer Grinder,1,8944,1647
ORD06754,08-01-2022,January,Vikram Rao,Surat,Electronics,Speaker,1,6017,1001
ORD06755,12-03-2025,March,Sneha Bose,Kolkata,Home & Kitchen,Air Fryer,3,38746,9784
ORD06756,16-12-2023,December,Pooja Sethi,Chennai,Electronics,Monitor,1,10762,2278
ORD06757,14-02-2025,February,Devika Pillai,Ahmedabad,Home & Kitchen,Cookware Set,3,22397,3611
ORD06758,24-05-2023,May,Rahul Joshi,Kochi,Furniture,Dining Table,1,19070,2113
ORD06759,04-02-2025,February,Priya Menon,Coimbatore,Electronics,Tablet,1,12776,1565
ORD06760,01-01-2022,January,Simran Kaur,Jaipur,Electronics,Speaker,6,23254,3158
ORD06761,17-01-2022,January,Devika Pillai,Nagpur,Electronics,Smartphone,1,45795,10765
ORD06762,30-06-2024,June,Varun Chawla,Nagpur,Office Supplies,Desk Organizer,1,747,142
ORD06763,20-11-2024,November,Amit Verma,Kochi,Furniture,Office Chair,3,43064,7506
ORD06764,29-03-2023,March,Ira Mukherjee,Delhi,Office Supplies,Desk Organizer,1,490,106
ORD06765,19-10-2023,October,Shreya Ghosh,Bengaluru,Office Supplies,Notebook Set,1,121,12
ORD06766,14-08-2024,August,Rohan Kulkarni,Pune,Furniture,Bookshelf,1,3288,399
ORD06767,14-01-2025,January,Priya Menon,Chennai,Clothing,Backpack,1,2072,232
ORD06768,01-09-2024,September,Shreya Ghosh,Jaipur,Office Supplies,Desk Organizer,5,2869,204
ORD06769,03-03-2022,March,Vikram Rao,Kochi,Furniture,Sofa,2,123777,10864
ORD06770,30-03-2024,March,Aditi Patel,Lucknow,Home & Kitchen,Cookware Set,1,6939,763
ORD06771,29-04-2022,April,Neha Reddy,Chennai,Office Supplies,Pen Pack,1,306,84
ORD06772,07-11-2025,November,Simran Kaur,Bengaluru,Office Supplies,Pen Pack,1,86,22
ORD06773,15-12-2023,December,Pooja Sethi,Mumbai,Office Supplies,File Folder Set,1,675,72
ORD06774,28-08-2025,August,Vikram Rao,Ahmedabad,Furniture,Sofa,3,88027,6562
ORD06775,19-12-2025,December,Nikhil Bansal,Jaipur,Electronics,Monitor,2,24674,3354
ORD06776,04-11-2023,November,Zoya Das,Bengaluru,Electronics,Monitor,2,41204,6594
ORD06777,01-04-2023,April,Diya Singh,Ahmedabad,Furniture,Coffee Table,1,10583,1751
ORD06778,11-09-2022,September,Meera Shah,Indore,Home & Kitchen,Air Fryer,3,14548,2783
ORD06779,09-04-2023,April,Shreya Ghosh,Delhi,Electronics,Smartphone,1,31682,7583
ORD06780,04-05-2024,May,Kabir Jain,Bengaluru,Furniture,Office Chair,1,7807,1502
ORD06781,19-07-2025,July,Aditya Desai,Chennai,Furniture,Bookshelf,5,50752,9898
ORD06782,29-03-2022,March,Vikram Rao,Jaipur,Home & Kitchen,Air Fryer,1,8890,1901
ORD06783,30-07-2022,July,Neha Reddy,Indore,Electronics,Headphones,3,18906,4299
ORD06784,06-04-2025,April,Rohan Kulkarni,Mumbai,Electronics,Monitor,2,39328,5522
ORD06785,18-10-2023,October,Kavya Nair,Indore,Office Supplies,File Folder Set,1,532,123
ORD06786,28-02-2024,February,Rahul Joshi,Hyderabad,Clothing,Jacket,2,4956,604
ORD06787,06-05-2024,May,Nikhil Bansal,Coimbatore,Furniture,Office Chair,2,22539,4321
ORD06788,08-05-2024,May,Pooja Sethi,Nagpur,Clothing,T-Shirt,2,1031,79
ORD06789,17-09-2022,September,Tanvi Kulkarni,Delhi,Electronics,Laptop,1,60161,15151
ORD06790,26-08-2025,August,Shreya Ghosh,Kochi,Home & Kitchen,Air Fryer,1,10529,2421
ORD06791,09-03-2023,March,Riya Kapoor,Kolkata,Electronics,Keyboard,1,1753,287
ORD06792,08-07-2023,July,Karan Malhotra,Ahmedabad,Office Supplies,Stapler,2,798,81
ORD06793,14-12-2022,December,Shreya Ghosh,Kochi,Home & Kitchen,Storage Container Set,1,1254,232
ORD06794,07-03-2024,March,Karan Malhotra,Coimbatore,Furniture,Sofa,1,56298,6190
ORD06795,07-03-2022,March,Kabir Jain,Chennai,Home & Kitchen,Table Lamp,2,2478,228
ORD06796,09-07-2022,July,Priya Menon,Bengaluru,Electronics,Headphones,1,5020,1333
ORD06797,12-07-2024,July,Arjun Mehta,Bengaluru,Electronics,Mouse,1,1581,335
ORD06798,29-04-2022,April,Diya Singh,Kochi,Furniture,Dining Table,2,20709,4281
ORD06799,02-06-2025,June,Vikram Rao,Kochi,Electronics,Mouse,1,1730,195
ORD06800,28-10-2024,October,Amit Verma,Coimbatore,Home & Kitchen,Mixer Grinder,1,7167,1093
ORD06801,20-11-2024,November,Sana Khan,Delhi,Furniture,Desk,1,5759,390
ORD06802,27-04-2022,April,Nikhil Bansal,Jaipur,Electronics,Mouse,3,6571,1784
ORD06803,16-12-2022,December,Zoya Das,Coimbatore,Furniture,Coffee Table,1,3332,760
ORD06804,17-02-2022,February,Simran Kaur,Hyderabad,Electronics,Keyboard,6,14268,1254
ORD06805,21-11-2024,November,Neha Reddy,Pune,Home & Kitchen,Water Bottle,3,1932,179
ORD06806,02-06-2024,June,Neha Reddy,Mumbai,Electronics,Speaker,1,2136,489
ORD06807,02-12-2023,December,Priya Menon,Jaipur,Electronics,Headphones,5,16470,2015
ORD06808,08-02-2023,February,Rahul Joshi,Nagpur,Clothing,Backpack,1,2107,281
ORD06809,28-02-2022,February,Amit Verma,Bengaluru,Furniture,Desk,4,74844,5253
ORD06810,16-11-2024,November,Priya Menon,Mumbai,Office Supplies,Notebook Set,2,860,70
ORD06811,05-07-2022,July,Kavya Nair,Ahmedabad,Electronics,Mouse,4,2462,443
ORD06812,22-02-2023,February,Meera Shah,Coimbatore,Electronics,Headphones,3,18006,3813
ORD06813,24-09-2022,September,Simran Kaur,Bengaluru,Home & Kitchen,Air Fryer,1,8782,1247
ORD06814,22-02-2024,February,Arjun Mehta,Jaipur,Electronics,Mouse,1,1492,158
ORD06815,25-10-2022,October,Rohan Kulkarni,Nagpur,Office Supplies,Notebook Set,2,870,111
ORD06816,18-11-2024,November,Tanvi Kulkarni,Pune,Home & Kitchen,Storage Container Set,1,1751,175
ORD06817,13-11-2022,November,Tanvi Kulkarni,Nagpur,Electronics,Keyboard,5,22379,5291
ORD06818,05-07-2024,July,Rohan Kulkarni,Surat,Electronics,Laptop,4,210916,31293
ORD06819,01-06-2025,June,Rahul Joshi,Pune,Office Supplies,Stapler,1,141,27
ORD06820,01-02-2022,February,Ira Mukherjee,Kolkata,Clothing,Sneakers,1,2111,538
ORD06821,12-05-2023,May,Sneha Bose,Mumbai,Clothing,Backpack,4,3450,873
ORD06822,27-07-2025,July,Varun Chawla,Bengaluru,Home & Kitchen,Mixer Grinder,1,3882,657
ORD06823,05-11-2022,November,Meera Shah,Chennai,Office Supplies,Printer Paper,3,896,186
ORD06824,15-12-2025,December,Meera Shah,Lucknow,Clothing,Jeans,1,2483,438
ORD06825,21-07-2024,July,Arjun Mehta,Indore,Furniture,Coffee Table,2,9078,2434
ORD06826,11-05-2025,May,Nikhil Bansal,Delhi,Electronics,Speaker,1,4690,526
ORD06827,10-05-2025,May,Riya Kapoor,Indore,Home & Kitchen,Mixer Grinder,2,15554,1255
ORD06828,30-11-2025,November,Rahul Joshi,Kochi,Electronics,Mouse,6,4926,383
ORD06829,16-08-2025,August,Nikhil Bansal,Surat,Electronics,Speaker,2,9138,2429
ORD06830,27-07-2025,July,Ishaan Gupta,Bengaluru,Office Supplies,Pen Pack,1,149,20
ORD06831,17-06-2024,June,Kavya Nair,Kochi,Clothing,T-Shirt,1,839,227
ORD06832,04-09-2023,September,Neha Reddy,Mumbai,Office Supplies,File Folder Set,4,616,151
ORD06833,16-07-2023,July,Rahul Joshi,Chennai,Home & Kitchen,Cookware Set,4,18422,1629
ORD06834,23-11-2025,November,Devika Pillai,Chennai,Electronics,Tablet,2,22125,6029
ORD06835,13-09-2025,September,Zoya Das,Ahmedabad,Electronics,Tablet,2,46780,3839
ORD06836,09-05-2022,May,Neha Reddy,Chennai,Clothing,Backpack,1,2382,582
ORD06837,21-04-2024,April,Rahul Joshi,Surat,Clothing,Jacket,2,3293,438
ORD06838,29-09-2023,September,Meera Shah,Hyderabad,Furniture,Dining Table,2,59562,4971
ORD06839,11-02-2022,February,Rahul Joshi,Indore,Electronics,Monitor,2,49608,6824
ORD06840,05-08-2024,August,Rohan Kulkarni,Kolkata,Furniture,Sofa,4,147275,27205
ORD06841,16-01-2024,January,Aarav Sharma,Chennai,Furniture,Dining Table,1,9157,1325
ORD06842,30-08-2025,August,Sneha Bose,Bengaluru,Furniture,Office Chair,3,24194,5707
ORD06843,15-03-2024,March,Arjun Mehta,Kochi,Electronics,Speaker,1,2033,317
ORD06844,14-05-2024,May,Pooja Sethi,Mumbai,Office Supplies,Stapler,1,505,100
ORD06845,09-01-2025,January,Manish Yadav,Kochi,Office Supplies,Desk Organizer,1,211,41
ORD06846,02-11-2024,November,Kavya Nair,Lucknow,Clothing,Backpack,2,1298,220
ORD06847,17-08-2023,August,Rahul Joshi,Jaipur,Clothing,Formal Shirt,2,5193,1449
ORD06848,20-07-2025,July,Zoya Das,Hyderabad,Office Supplies,Stapler,2,577,122
ORD06849,29-10-2025,October,Priya Menon,Kochi,Electronics,Monitor,1,19003,4125
ORD06850,03-03-2023,March,Ira Mukherjee,Hyderabad,Office Supplies,Stapler,2,894,210
ORD06851,14-06-2023,June,Priya Menon,Chennai,Furniture,Sofa,4,126273,13100
ORD06852,18-04-2025,April,Sana Khan,Lucknow,Office Supplies,File Folder Set,1,508,46
ORD06853,02-12-2022,December,Manish Yadav,Kolkata,Electronics,Smartphone,3,103002,7664
ORD06854,14-04-2024,April,Vikram Rao,Lucknow,Furniture,Desk,2,23164,6404
ORD06855,21-12-2025,December,Tanvi Kulkarni,Nagpur,Clothing,Sneakers,1,4767,634
ORD06856,30-01-2025,January,Tanvi Kulkarni,Jaipur,Electronics,Monitor,5,62478,10055
ORD06857,02-05-2022,May,Shreya Ghosh,Bengaluru,Furniture,Bookshelf,2,20026,2141
ORD06858,06-11-2025,November,Diya Singh,Ahmedabad,Clothing,Sneakers,1,5015,454
ORD06859,12-07-2023,July,Aditi Patel,Bengaluru,Home & Kitchen,Mixer Grinder,2,22483,1638
ORD06860,14-05-2024,May,Vikram Rao,Bengaluru,Office Supplies,Notebook Set,1,293,68
ORD06861,16-07-2023,July,Ananya Iyer,Kolkata,Office Supplies,Stapler,1,466,66
ORD06862,28-05-2022,May,Ishaan Gupta,Bengaluru,Home & Kitchen,Table Lamp,3,5237,1417
ORD06863,22-03-2025,March,Aarav Sharma,Delhi,Home & Kitchen,Cookware Set,1,1868,266
ORD06864,12-10-2024,October,Ira Mukherjee,Mumbai,Clothing,Jacket,2,7257,841
ORD06865,29-08-2024,August,Aarav Sharma,Bengaluru,Furniture,Desk,1,17587,4330
ORD06866,21-12-2024,December,Vikram Rao,Bengaluru,Electronics,Keyboard,2,4353,697
ORD06867,11-09-2025,September,Zoya Das,Chennai,Clothing,Sneakers,2,10076,1065
ORD06868,18-02-2023,February,Vikram Rao,Delhi,Furniture,Dining Table,1,16799,3689
ORD06869,31-05-2022,May,Devika Pillai,Kochi,Electronics,Mouse,1,1684,296
ORD06870,30-03-2025,March,Ananya Iyer,Indore,Office Supplies,Pen Pack,1,55,13
ORD06871,16-04-2022,April,Amit Verma,Surat,Furniture,Coffee Table,1,6467,444
ORD06872,18-07-2023,July,Ananya Iyer,Pune,Home & Kitchen,Storage Container Set,1,460,120
ORD06873,18-12-2025,December,Manish Yadav,Lucknow,Home & Kitchen,Table Lamp,2,4174,335
ORD06874,07-12-2024,December,Nikhil Bansal,Lucknow,Furniture,Dining Table,1,32700,5869
ORD06875,20-07-2023,July,Tanvi Kulkarni,Indore,Office Supplies,Desk Organizer,1,877,132
ORD06876,23-07-2023,July,Meera Shah,Bengaluru,Electronics,Tablet,2,68826,4788
ORD06877,24-10-2023,October,Devika Pillai,Kochi,Electronics,Headphones,1,4969,647
ORD06878,17-09-2024,September,Pooja Sethi,Indore,Office Supplies,Printer Paper,2,1319,263
ORD06879,29-01-2025,January,Rahul Joshi,Hyderabad,Office Supplies,Pen Pack,1,71,9
ORD06880,22-06-2022,June,Ira Mukherjee,Mumbai,Furniture,Sofa,1,59825,13623
ORD06881,02-03-2024,March,Simran Kaur,Mumbai,Electronics,Speaker,3,7327,1179
ORD06882,09-10-2025,October,Sneha Bose,Indore,Electronics,Mouse,1,942,166
ORD06883,18-09-2022,September,Karan Malhotra,Mumbai,Electronics,Laptop,5,350488,52015
ORD06884,31-08-2022,August,Karan Malhotra,Indore,Home & Kitchen,Air Fryer,2,24375,2444
ORD06885,16-05-2023,May,Arjun Mehta,Surat,Clothing,Sneakers,3,6465,1608
ORD06886,20-05-2025,May,Aditi Patel,Delhi,Electronics,Headphones,1,5960,1442
ORD06887,21-03-2024,March,Sneha Bose,Kochi,Electronics,Tablet,4,145988,30195
ORD06888,01-03-2023,March,Arjun Mehta,Ahmedabad,Clothing,Sneakers,1,2510,489
ORD06889,28-04-2025,April,Nikhil Bansal,Kolkata,Furniture,Office Chair,2,15192,3394
ORD06890,11-02-2024,February,Aarav Sharma,Nagpur,Clothing,Jacket,2,5060,1343
ORD06891,04-03-2024,March,Tanvi Kulkarni,Kolkata,Furniture,Desk,3,30228,1858
ORD06892,26-11-2023,November,Kabir Jain,Kolkata,Electronics,Tablet,1,26545,5526
ORD06893,21-01-2024,January,Rahul Joshi,Mumbai,Electronics,Keyboard,1,3154,252
ORD06894,19-05-2025,May,Varun Chawla,Kolkata,Office Supplies,Notebook Set,1,178,28
ORD06895,17-12-2024,December,Varun Chawla,Ahmedabad,Furniture,Bookshelf,3,27850,2640
ORD06896,25-04-2025,April,Diya Singh,Lucknow,Furniture,Bookshelf,1,8982,1712
ORD06897,17-06-2024,June,Kabir Jain,Pune,Furniture,Sofa,2,122076,32293
ORD06898,28-01-2023,January,Shreya Ghosh,Kochi,Home & Kitchen,Cookware Set,1,5956,1261
ORD06899,04-01-2025,January,Sneha Bose,Nagpur,Electronics,Tablet,1,37958,4474
ORD06900,27-08-2024,August,Varun Chawla,Pune,Electronics,Laptop,2,150897,22592
ORD06901,09-06-2023,June,Priya Menon,Mumbai,Furniture,Office Chair,1,9605,1334
ORD06902,28-10-2025,October,Rahul Joshi,Kolkata,Electronics,Smartphone,1,22426,1434
ORD06903,05-10-2022,October,Meera Shah,Surat,Furniture,Sofa,2,77260,12350
ORD06904,26-02-2023,February,Devika Pillai,Indore,Electronics,Headphones,1,3037,776
ORD06905,14-09-2024,September,Ishaan Gupta,Jaipur,Electronics,Mouse,1,1026,154
ORD06906,08-01-2022,January,Riya Kapoor,Hyderabad,Office Supplies,Desk Organizer,3,2538,456
ORD06907,19-09-2023,September,Sana Khan,Jaipur,Electronics,Keyboard,6,4277,668
ORD06908,06-05-2022,May,Amit Verma,Indore,Office Supplies,Pen Pack,1,300,33
ORD06909,12-06-2025,June,Meera Shah,Chennai,Furniture,Bookshelf,2,8701,664
ORD06910,18-04-2025,April,Aarav Sharma,Jaipur,Home & Kitchen,Cookware Set,1,5414,802
ORD06911,02-07-2022,July,Sneha Bose,Kochi,Clothing,T-Shirt,3,943,199
ORD06912,12-02-2023,February,Kabir Jain,Coimbatore,Electronics,Tablet,3,83711,12569
ORD06913,12-12-2025,December,Arjun Mehta,Nagpur,Electronics,Mouse,3,3112,232
ORD06914,25-04-2023,April,Kabir Jain,Nagpur,Office Supplies,Desk Organizer,1,459,38
ORD06915,24-12-2025,December,Priya Menon,Surat,Furniture,Office Chair,1,13595,3753
ORD06916,26-10-2022,October,Riya Kapoor,Chennai,Electronics,Mouse,1,536,115
ORD06917,16-08-2023,August,Sneha Bose,Surat,Office Supplies,Pen Pack,2,114,8
ORD06918,25-09-2023,September,Ira Mukherjee,Surat,Furniture,Dining Table,1,20265,5402
ORD06919,14-02-2023,February,Ananya Iyer,Ahmedabad,Furniture,Sofa,1,34529,3116
ORD06920,16-02-2023,February,Zoya Das,Pune,Electronics,Laptop,2,155188,13641
ORD06921,09-08-2023,August,Ananya Iyer,Kochi,Home & Kitchen,Mixer Grinder,6,55574,14162
ORD06922,20-06-2024,June,Aditi Patel,Coimbatore,Electronics,Smartphone,1,47366,8653
ORD06923,06-03-2024,March,Ishaan Gupta,Kolkata,Office Supplies,Stapler,1,439,121
ORD06924,29-01-2022,January,Aditi Patel,Kochi,Clothing,Formal Shirt,1,1131,258
ORD06925,16-06-2024,June,Kabir Jain,Mumbai,Clothing,Jacket,1,6350,575
ORD06926,16-05-2024,May,Meera Shah,Coimbatore,Electronics,Laptop,1,84440,13465
ORD06927,14-01-2025,January,Devika Pillai,Chennai,Office Supplies,File Folder Set,2,718,123
ORD06928,06-01-2024,January,Kabir Jain,Hyderabad,Home & Kitchen,Water Bottle,1,654,50
ORD06929,07-05-2023,May,Vikram Rao,Lucknow,Office Supplies,Printer Paper,1,633,63
ORD06930,16-01-2022,January,Shreya Ghosh,Kochi,Furniture,Desk,2,36818,7016
ORD06931,18-07-2022,July,Manish Yadav,Mumbai,Furniture,Coffee Table,1,4368,739
ORD06932,18-03-2025,March,Sneha Bose,Hyderabad,Home & Kitchen,Air Fryer,3,32569,4425
ORD06933,25-08-2023,August,Kabir Jain,Ahmedabad,Electronics,Monitor,1,13376,1034
ORD06934,20-09-2024,September,Sneha Bose,Surat,Electronics,Laptop,3,131629,26213
ORD06935,06-01-2023,January,Aditi Patel,Delhi,Furniture,Office Chair,2,23535,2125
ORD06936,01-05-2022,May,Sneha Bose,Surat,Office Supplies,Desk Organizer,2,2265,558
ORD06937,13-01-2022,January,Nikhil Bansal,Indore,Office Supplies,Printer Paper,1,932,130
ORD06938,30-12-2022,December,Arjun Mehta,Kochi,Furniture,Bookshelf,3,27291,1751
ORD06939,17-08-2025,August,Vikram Rao,Mumbai,Office Supplies,Desk Organizer,1,1008,187
ORD06940,26-10-2023,October,Sana Khan,Surat,Office Supplies,Stapler,1,345,55
ORD06941,09-03-2023,March,Karan Malhotra,Delhi,Electronics,Smartphone,3,95843,14520
ORD06942,15-03-2025,March,Aditi Patel,Coimbatore,Home & Kitchen,Storage Container Set,1,864,214
ORD06943,17-10-2022,October,Simran Kaur,Chennai,Furniture,Dining Table,2,26229,6844
ORD06944,19-12-2023,December,Priya Menon,Nagpur,Electronics,Laptop,2,152289,17650
ORD06945,22-02-2024,February,Karan Malhotra,Lucknow,Electronics,Tablet,2,47807,8924
ORD06946,29-12-2022,December,Aditi Patel,Indore,Electronics,Speaker,2,9169,769
ORD06947,02-02-2022,February,Ishaan Gupta,Lucknow,Furniture,Coffee Table,2,5190,1136
ORD06948,12-12-2022,December,Devika Pillai,Mumbai,Office Supplies,Desk Organizer,1,1092,278
ORD06949,29-06-2025,June,Varun Chawla,Jaipur,Office Supplies,File Folder Set,1,306,58
ORD06950,01-03-2024,March,Nikhil Bansal,Lucknow,Electronics,Keyboard,3,2303,318
ORD06951,02-08-2025,August,Tanvi Kulkarni,Coimbatore,Home & Kitchen,Cookware Set,1,3406,406
ORD06952,13-04-2025,April,Devika Pillai,Indore,Furniture,Bookshelf,2,13516,3510
ORD06953,28-08-2022,August,Devika Pillai,Indore,Home & Kitchen,Air Fryer,1,7773,1690
ORD06954,22-03-2025,March,Simran Kaur,Bengaluru,Electronics,Headphones,3,4941,525
ORD06955,15-10-2022,October,Aarav Sharma,Lucknow,Electronics,Keyboard,4,3594,444
ORD06956,19-04-2025,April,Riya Kapoor,Kolkata,Electronics,Smartphone,1,46631,6700
ORD06957,01-12-2025,December,Riya Kapoor,Kolkata,Furniture,Office Chair,6,82631,8152
ORD06958,18-01-2025,January,Ananya Iyer,Ahmedabad,Office Supplies,Notebook Set,1,196,22
ORD06959,28-11-2025,November,Devika Pillai,Mumbai,Furniture,Sofa,1,44869,10411
ORD06960,24-05-2024,May,Rohan Kulkarni,Kolkata,Furniture,Desk,2,28464,4093
ORD06961,02-05-2024,May,Amit Verma,Indore,Furniture,Bookshelf,3,26764,2788
ORD06962,11-11-2022,November,Rahul Joshi,Chennai,Office Supplies,Pen Pack,2,619,87
ORD06963,14-05-2024,May,Nikhil Bansal,Surat,Electronics,Speaker,3,19977,4730
ORD06964,30-11-2024,November,Kabir Jain,Hyderabad,Electronics,Monitor,1,12128,1559
ORD06965,02-10-2025,October,Diya Singh,Chennai,Furniture,Sofa,3,193365,30092
ORD06966,05-01-2022,January,Kabir Jain,Chennai,Furniture,Office Chair,3,34850,6125
ORD06967,06-11-2025,November,Ishaan Gupta,Indore,Clothing,Jeans,1,2182,449
ORD06968,12-07-2022,July,Arjun Mehta,Surat,Electronics,Speaker,1,8011,1156
ORD06969,19-07-2025,July,Neha Reddy,Kolkata,Office Supplies,Pen Pack,1,319,44
ORD06970,31-05-2024,May,Aditya Desai,Kolkata,Office Supplies,Stapler,1,152,21
ORD06971,15-08-2023,August,Riya Kapoor,Bengaluru,Office Supplies,File Folder Set,2,739,202
ORD06972,26-04-2022,April,Sneha Bose,Coimbatore,Furniture,Office Chair,2,12627,914
ORD06973,23-02-2025,February,Kavya Nair,Coimbatore,Office Supplies,Notebook Set,1,404,41
ORD06974,03-05-2025,May,Aditya Desai,Ahmedabad,Electronics,Headphones,2,16341,3183
ORD06975,26-05-2023,May,Arjun Mehta,Pune,Electronics,Keyboard,3,11812,2561
ORD06976,20-06-2023,June,Vikram Rao,Ahmedabad,Electronics,Smartphone,4,256417,31792
ORD06977,27-02-2025,February,Sneha Bose,Mumbai,Office Supplies,Printer Paper,4,1044,285
ORD06978,23-11-2025,November,Ishaan Gupta,Chennai,Office Supplies,Stapler,2,473,89
ORD06979,20-02-2023,February,Riya Kapoor,Lucknow,Clothing,Sneakers,1,1198,334
ORD06980,06-11-2023,November,Ananya Iyer,Bengaluru,Furniture,Bookshelf,1,7519,783
ORD06981,21-03-2024,March,Karan Malhotra,Jaipur,Furniture,Desk,3,23305,4799
ORD06982,14-08-2024,August,Diya Singh,Ahmedabad,Office Supplies,Printer Paper,1,724,145
ORD06983,30-10-2025,October,Vikram Rao,Delhi,Home & Kitchen,Water Bottle,2,438,109
ORD06984,14-02-2024,February,Kabir Jain,Jaipur,Electronics,Tablet,2,37257,4982
ORD06985,03-11-2023,November,Ishaan Gupta,Delhi,Office Supplies,Printer Paper,1,319,79
ORD06986,23-03-2025,March,Nikhil Bansal,Delhi,Office Supplies,Stapler,1,182,38
ORD06987,26-04-2025,April,Meera Shah,Indore,Office Supplies,File Folder Set,2,648,138
ORD06988,17-09-2023,September,Vikram Rao,Hyderabad,Electronics,Mouse,1,2169,174
ORD06989,06-02-2023,February,Vikram Rao,Ahmedabad,Home & Kitchen,Water Bottle,3,1246,317
ORD06990,15-12-2024,December,Zoya Das,Pune,Furniture,Desk,1,10069,954
ORD06991,23-03-2025,March,Varun Chawla,Bengaluru,Furniture,Bookshelf,4,43707,8120
ORD06992,01-05-2024,May,Arjun Mehta,Jaipur,Furniture,Bookshelf,1,3778,662
ORD06993,04-08-2023,August,Aditi Patel,Kolkata,Home & Kitchen,Mixer Grinder,1,2447,578
ORD06994,12-04-2025,April,Arjun Mehta,Pune,Electronics,Mouse,1,1820,365
ORD06995,28-05-2022,May,Diya Singh,Pune,Electronics,Smartphone,1,18465,1183
ORD06996,26-02-2024,February,Arjun Mehta,Chennai,Electronics,Speaker,1,7427,837
ORD06997,07-05-2025,May,Ananya Iyer,Coimbatore,Electronics,Monitor,1,16932,1518
ORD06998,22-05-2025,May,Nikhil Bansal,Kochi,Furniture,Bookshelf,2,7064,1721
ORD06999,28-11-2024,November,Arjun Mehta,Indore,Electronics,Speaker,1,6585,1792
ORD07000,29-03-2025,March,Karan Malhotra,Bengaluru,Furniture,Desk,1,19963,3113
